{"model":{"version":3,"nodes":[{"name":"RootNode","position":[0,0,0],"rotation":[0,0,0],"scale":[0.01,0.01,0.01],"scaleCompensation":false},{"name":"SM_Prop_Power_Cables_01","position":[0,0,0],"rotation":[0,0,0],"scale":[1,1,1],"scaleCompensation":false}],"parents":[-1,0],"skins":[],"morphs":[],"vertices":[{"position":{"type":"float32","components":3,"data":[-8.25572,-0.199651,0.48122,-6.22282,-0.294879,0.48122,-8.25796,-0.237148,0.48122,-6.22282,-0.257318,0.48122,-8.25796,-0.237148,0.51878,-6.22282,-0.294879,0.51878,-8.25572,-0.199651,0.51878,-6.22282,-0.257318,0.51878,-6.22282,-0.257318,0.51878,-8.25572,-0.199651,0.48122,-8.25572,-0.199651,0.51878,-6.22282,-0.257318,0.48122,-8.25796,-0.237148,0.48122,-6.22282,-0.294879,0.48122,-8.25796,-0.237148,0.51878,-6.22282,-0.294879,0.51878,-0.151607,0.260515,0.51878,-2.15942,-0.0641518,0.51878,-0.144917,0.223525,0.51878,-2.16389,-0.0268455,0.51878,-0.151607,0.260515,0.51878,-2.16389,-0.0268455,0.48122,-2.16389,-0.0268455,0.51878,-0.151607,0.260515,0.48122,-2.16389,-0.0268455,0.48122,-0.151607,0.260515,0.48122,-2.15942,-0.0641518,0.48122,-0.144917,0.223525,0.48122,-0.144917,0.223525,0.51878,-2.15942,-0.0641518,0.51878,-2.15942,-0.0641518,0.48122,-0.144917,0.223525,0.48122,-4.18992,-0.199651,0.51878,-4.18768,-0.237148,0.51878,-4.18768,-0.237148,0.48122,-4.18768,-0.237148,0.51878,-4.18992,-0.199651,0.48122,-4.18768,-0.237148,0.48122,-4.18992,-0.199651,0.51878,-4.18992,-0.199651,0.48122,-12.3007,0.223525,0.48122,-10.2862,-0.0641518,0.48122,-12.3007,0.223525,0.51878,-10.2862,-0.0641518,0.51878,-10.2862,-0.0641518,0.48122,-12.294,0.260515,0.48122,-10.2817,-0.0268455,0.48122,-12.3007,0.223525,0.48122,-10.2817,-0.0268455,0.51878,-12.294,0.260515,0.48122,-12.294,0.260515,0.51878,-10.2817,-0.0268455,0.48122,-12.3007,0.223525,0.51878,-10.2862,-0.0641518,0.51878,-12.294,0.260515,0.51878,-10.2817,-0.0268455,0.51878,-8.25796,-0.365256,-0.0187798,-6.22282,-0.405659,-0.0187798,-6.22282,-0.443219,-0.0187798,-8.25572,-0.327786,-0.0187798,-8.25796,-0.365256,0.0187798,-6.22282,-0.405659,0.0187798,-8.25572,-0.327786,0.0187798,-6.22282,-0.443219,0.0187798,-6.22282,-0.405659,0.0187798,-8.25572,-0.327786,-0.0187798,-8.25572,-0.327786,0.0187798,-6.22282,-0.405659,-0.0187798,-8.25796,-0.365256,-0.0187798,-6.22282,-0.443219,-0.0187798,-8.25796,-0.365256,0.0187798,-6.22282,-0.443219,0.0187798,-0.144917,0.195642,0.0187798,-2.15942,-0.140376,0.0187798,-2.15942,-0.140376,-0.0187798,-0.144917,0.195642,-0.0187798,-2.16389,-0.103069,0.0187798,-0.144917,0.195642,0.0187798,-0.151607,0.232631,0.0187798,-2.15942,-0.140376,0.0187798,-0.151607,0.232631,0.0187798,-2.16389,-0.103069,-0.0187798,-2.16389,-0.103069,0.0187798,-0.151607,0.232631,-0.0187798,-2.16389,-0.103069,-0.0187798,-0.144917,0.195642,-0.0187798,-2.15942,-0.140376,-0.0187798,-0.151607,0.232631,-0.0187798,-4.18768,-0.365256,0.0187798,-4.18992,-0.327786,0.0187798,-4.18768,-0.365256,-0.0187798,-4.18768,-0.365256,0.0187798,-4.18768,-0.365256,-0.0187798,-4.18992,-0.327786,-0.0187798,-4.18992,-0.327786,0.0187798,-4.18992,-0.327786,-0.0187798,-12.3007,0.195642,0.0187798,-10.2817,-0.103069,0.0187798,-12.294,0.232631,0.0187798,-10.2862,-0.140376,0.0187798,-12.3007,0.195642,-0.0187798,-10.2862,-0.140376,-0.0187798,-12.3007,0.195642,0.0187798,-10.2862,-0.140376,0.0187798,-12.3007,0.195642,-0.0187798,-10.2817,-0.103069,-0.0187798,-10.2862,-0.140376,-0.0187798,-12.294,0.232631,-0.0187798,-10.2817,-0.103069,0.0187798,-12.294,0.232631,-0.0187798,-12.294,0.232631,0.0187798,-10.2817,-0.103069,-0.0187798,-8.25572,-0.199651,-0.51878,-6.22282,-0.294879,-0.51878,-8.25796,-0.237148,-0.51878,-6.22282,-0.257318,-0.51878,-8.25796,-0.237148,-0.48122,-6.22282,-0.294879,-0.48122,-8.25572,-0.199651,-0.48122,-6.22282,-0.257318,-0.48122,-6.22282,-0.257318,-0.48122,-8.25572,-0.199651,-0.51878,-8.25572,-0.199651,-0.48122,-6.22282,-0.257318,-0.51878,-8.25796,-0.237148,-0.51878,-6.22282,-0.294879,-0.51878,-8.25796,-0.237148,-0.48122,-6.22282,-0.294879,-0.48122,-0.151607,0.260515,-0.48122,-2.15942,-0.0641518,-0.48122,-0.144917,0.223525,-0.48122,-2.16389,-0.0268455,-0.48122,-0.151607,0.260515,-0.48122,-2.16389,-0.0268455,-0.51878,-2.16389,-0.0268455,-0.48122,-0.151607,0.260515,-0.51878,-2.16389,-0.0268455,-0.51878,-0.151607,0.260515,-0.51878,-2.15942,-0.0641518,-0.51878,-0.144917,0.223525,-0.51878,-0.144917,0.223525,-0.48122,-2.15942,-0.0641518,-0.48122,-2.15942,-0.0641518,-0.51878,-0.144917,0.223525,-0.51878,-4.18992,-0.199651,-0.48122,-4.18768,-0.237148,-0.48122,-4.18768,-0.237148,-0.51878,-4.18768,-0.237148,-0.48122,-4.18992,-0.199651,-0.51878,-4.18768,-0.237148,-0.51878,-4.18992,-0.199651,-0.48122,-4.18992,-0.199651,-0.51878,-12.3007,0.223525,-0.48122,-10.2862,-0.0641518,-0.48122,-12.294,0.260515,-0.48122,-10.2817,-0.0268455,-0.48122,-12.3007,0.223525,-0.51878,-10.2862,-0.0641518,-0.51878,-12.3007,0.223525,-0.48122,-10.2862,-0.0641518,-0.48122,-10.2862,-0.0641518,-0.51878,-12.294,0.260515,-0.51878,-10.2817,-0.0268455,-0.51878,-12.3007,0.223525,-0.51878,-10.2817,-0.0268455,-0.48122,-12.294,0.260515,-0.51878,-12.294,0.260515,-0.48122,-10.2817,-0.0268455,-0.51878,-12.4456,0.294878,0.74609,-12.4456,0.168788,-0.746088,-12.4456,0.168788,0.74609,-12.4456,0.294878,-0.746088,-12.211,0.294878,0.74609,-12.4456,0.294878,-0.746088,-12.4456,0.294878,0.74609,-12.211,0.294878,-0.746088,-12.211,0.168788,0.74609,-12.211,0.294878,-0.746088,-12.211,0.294878,0.74609,-12.211,0.168788,-0.746088,-12.4456,0.168788,0.74609,-12.211,0.168788,-0.746088,-12.211,0.168788,0.74609,-12.4456,0.168788,-0.746088,-12.211,0.294878,0.74609,-12.4456,0.294878,0.74609,-12.4456,0.168788,0.74609,-12.211,0.168788,0.74609,-12.4456,0.294878,-0.746088,-12.211,0.168788,-0.746088,-12.4456,0.168788,-0.746088,-12.211,0.294878,-0.746088,-0.234628,0.294878,0.74609,-0.234628,0.168788,-0.746088,-0.234628,0.168788,0.74609,-0.234628,0.294878,-0.746088,0,0.294878,0.74609,-0.234628,0.294878,-0.746088,-0.234628,0.294878,0.74609,0,0.294878,-0.746088,0,0.168788,0.74609,0,0.294878,-0.746088,0,0.294878,0.74609,0,0.168788,-0.746088,-0.234628,0.168788,0.74609,0,0.168788,-0.746088,0,0.168788,0.74609,-0.234628,0.168788,-0.746088,0,0.294878,0.74609,-0.234628,0.294878,0.74609,-0.234628,0.168788,0.74609,0,0.168788,0.74609,0,0.168788,-0.746088,-0.234628,0.168788,-0.746088,-0.234628,0.294878,-0.746088,0,0.294878,-0.746088]},"normal":{"type":"float32","components":3,