{"model":{"version":3,"nodes":[{"name":"RootNode","position":[0,0,0],"rotation":[0,0,0],"scale":[0.01,0.01,0.01],"scaleCompensation":false},{"name":"roadblock2","position":[0,0,0],"rotation":[2.50448e-06,-0,0],"scale":[1,1,1],"scaleCompensation":false}],"parents":[-1,0],"skins":[],"morphs":[],"vertices":[{"position":{"type":"float32","components":3,"data":[-44.4245,19.8,-24.9329,-44.9359,1.07198e-14,24.933,-44.9359,19.8,24.933,-44.4245,1.37732e-14,-24.9329,-44.9359,19.8,24.933,44.9359,1.07198e-14,24.9329,44.9359,19.8,24.9329,-44.9359,1.07198e-14,24.933,44.9359,19.8,24.9329,44.9359,1.37732e-14,-24.933,44.9359,19.8,-24.933,44.9359,1.07198e-14,24.9329,44.9359,19.8,-24.933,-43.8493,39.0022,-15.8106,44.9359,39.0022,-15.8107,-44.4245,19.8,-24.9329,-43.8493,39.0022,15.8107,-43.8493,39.0022,-15.8106,44.9359,39.0022,8.56802,44.9359,39.0022,-15.8107,44.9359,84.2064,-12.3944,-43.8493,43.8027,-14.3416,-43.8493,85,-12.3944,44.9359,43.8027,-14.3416,-43.8493,85,-12.3944,-43.8493,43.8027,-14.3416,-43.8493,84.1719,12.3944,-43.8493,43.8027,14.3416,44.9359,84.2064,-2.80663,44.9359,43.8027,-14.3416,44.9359,84.2064,-12.3944,44.9359,43.8027,9.71576,-43.8493,84.1719,12.3944,31.2293,85.2753,6.05205,-43.8493,85,-12.3944,30.6536,84.1431,12.3944,-44.4245,1.37732e-14,-24.9329,44.9359,1.37732e-14,-24.933,39.7464,39.0022,15.8106,-43.8493,39.0022,15.8107,35.8273,73.4038,12.9425,-43.8493,43.8027,14.3416,40.2442,43.8027,14.3416,44.9359,39.0022,8.56802,39.7464,39.0022,15.8106,44.9359,19.8,24.9329,44.9359,84.2064,-12.3944,44.9359,84.2064,-2.80663,31.2293,85.2753,6.05205,30.6536,84.1431,12.3944,35.8273,73.4038,12.9425,30.6536,84.1431,12.3944,-43.8493,84.1719,12.3944,40.2442,43.8027,14.3416,44.9359,43.8027,9.71576,44.9359,84.2064,-2.80663,44.9359,1.07198e-14,24.9329,-44.9359,1.07198e-14,24.933,-44.4245,1.37732e-14,-24.9329,44.9359,1.37732e-14,-24.933]},"normal":{"type":"float32","components":3,"data":[-0.9998,0.0180702,-0.0085917,-0.999947,6.27952e-19,-0.0102552,-0.9998,0.0180661,-0.00859208,-0.999947,6.27952e-19,-0.0102552,1.67718e-07,0.216302,0.976327,1.69784e-07,-6.12323e-17,1,1.68115e-07,0.201758,0.979435,1.69784e-07,-6.12323e-17,1,1,0,0,1,0,0,1,0,0,1,0,0,-1.65995e-07,0.219938,-0.975514,-1.62295e-07,0.362417,-0.932016,-1.62371e-07,0.361833,-0.932243,-1.66073e-07,0.218027,-0.975943,-0.999642,0.0264844,-0.0038414,-0.999642,0.0264867,-0.00384173,1,0,0,1,0,0,0.000212879,0.0476704,-0.998863,0.000107186,0.171476,-0.985188,0.000212879,0.0476704,-0.998863,0.000107186,0.171476,-0.985188,-1,0,0,-1,0,0,-1,0,0,-1,0,0,1,0,0,1,0,0,1,0,0,1,0,0,-0.00937328,0.99799,0.0626707,0.00410134,0.999991,-0.00064094,-0.00578196,0.998934,0.0458042,-0.00937328,0.99799,0.0626707,-1.70756e-07,6.12323e-17,-1,-1.70756e-07,6.12323e-17,-1,1.65669e-07,0.364596,0.931166,1.65873e-07,0.362928,0.931817,-0.000147697,0.0480055,0.998847,-0.000110555,0.171831,0.985126,1.79351e-07,0.173348,0.984861,0.773342,0.183018,0.606998,0.766685,0.258497,0.587684,0.728107,0.444618,0.521704,0.0140502,0.998775,-0.0474369,0.0140502,0.998775,-0.0474368,0.778888,0.340696,0.526554,0.886393,0.435089,0.158133,0.924438,0.28312,0.255455,-0.000283998,0.0487366,0.998812,-0.000283998,0.0487366,0.998812,0.869388,0.114063,0.480786,0.838629,0.124705,0.530237,0.539309,0.249297,0.804361,0,-1,-6.12323e-17,0,-1,-6.12323e-17,0,-1,-6.12323e-17,0,-1,-6.12323e-17]},"texCoord0":{"type":"float32","components":2,"data":[0.00966757,0.193717,0.223068,0.0256684,0.223068,0.193717,0.00966759,0.0256684,0.223068,0.193717,0.603049,0.0256684,0.603049,0.193717,0.223068,0.0256684,0.00964319,0.193717,0.223068,0.0256684,0.223068,0.193717,0.00964319,0.025669,0.98085,0.193738,0.619634,0.375136,0.98085,0.375136,0.619634,0.193738,0.192157,0.356692,0.0405877,0.356692,0.0752803,0.356692,0.192138,0.356692,0.98085,0.771403,0.619634,0.420485,0.619634,0.771403,0.98085,0.420485,0.063329,0.747088,0.0483177,0.397435,0.169418,0.747088,0.18443,0.397435,0.128361,0.747088,0.184405,0.397435,0.169394,0.747088,0.0702446,0.397435,0.22308,0.771382,0.544395,0.825211,0.22308,0.981772,0.541931,0.771382,0.619634,0.02569,0.98085,0.02569,0.580844,0.375114,0.223077,0.375114,0.564073,0.672605,0.22308,0.420464,0.582976,0.420463,0.0119491,0.596919,0.0418743,0.588773,0.0279264,0.407384,0.603055,0.981773,0.603055,0.900397,0.082279,0.966977,0.104164,0.942241,0.0764172,0.857134,0.541931,0.771382,0.22308,0.771382,0.0386646,0.627747,0.0123888,0.638087,0.0163411,0.991055,0.603049,0.171414,0.223068,0.168244,0.223068,0.0256684,0.603049,0.0256684]}}],"meshes":[{"aabb":{"min":[-44.9359,1.07198e-14,-24.933],"max":[44.9359,85.2753,24.933]},"vertices":0,"indices":[0,1,2,1,0,3,4,5,6,5,4,7,8,9,10,9,8,11,12,13,14,13,12,15,16,17,0,16,0,2,8,10,18,18,10,19,20,21,22,21,20,23,24,25,26,26,25,27,28,29,30,29,28,31,21,23,14,21,14,13,17,27,25,27,17,16,29,31,18,29,18,19,32,33,34,33,32,35,12,36,15,36,12,37,4,38,39,38,4,6,40,41,42,39,38,41,42,41,38,43,44,45,46,34,33,46,33,47,48,49,50,41,51,52,51,41,40,53,44,43,53,43,54,54,48,50,50,53,54,54,55,48,56,57,58,56,58,59],"type":"triangles","base":0,"count":138}],"meshInstances":[{"node":1,"mesh":0}]}}