{"model":{"version":3,"nodes":[{"name":"RootNode","position":[0,0,0],"rotation":[0,0,0],"scale":[0.3048,0.3048,0.3048],"scaleCompensation":false},{"name":"comp_env_01","position":[0,0,0],"rotation":[0,0,0],"scale":[0.0328084,0.0328084,0.0328084],"scaleCompensation":false},{"name":"props","position":[0,0,0],"rotation":[0,-0,0],"scale":[1,1,1],"scaleCompensation":false},{"name":"shed_03","position":[0,0,0],"rotation":[0,-0,0],"scale":[1,1,1],"scaleCompensation":false}],"parents":[-1,0,1,2],"skins":[],"morphs":[],"vertices":[{"position":{"type":"float32","components":3,"data":[776.919,354.783,1371.51,-80.6472,354.783,1371.51,-80.6472,335.912,1371.51,776.919,335.912,1371.51,-80.6472,354.783,1371.51,776.919,354.783,1371.51,776.919,354.783,1008.94,-80.6472,354.783,1008.94,776.919,335.912,1008.94,-80.6472,335.912,1008.94,-80.6472,354.783,1008.94,776.919,354.783,1008.94,776.919,335.912,1371.51,-80.6472,335.912,1371.51,-80.6472,335.912,1008.94,776.919,335.912,1008.94,776.919,354.783,1008.94,776.919,354.783,1371.51,776.919,335.912,1371.51,776.919,335.912,1008.94,-80.6472,354.783,1371.51,-80.6472,335.912,1008.94,-80.6472,335.912,1371.51,-80.6472,354.783,1008.94,743.636,348.644,1344.65,743.636,343.517,1325.51,719.447,348.644,1344.65,719.447,343.517,1325.51,719.447,-6.70411,1419.36,719.447,343.517,1325.51,743.636,-6.70411,1419.36,743.636,343.517,1325.51,743.636,-1.57621,1438.49,719.447,-1.57621,1438.49,719.447,-6.70411,1419.36,743.636,-6.70411,1419.36,719.447,348.644,1344.65,719.447,-1.57621,1438.49,743.636,348.644,1344.65,743.636,-1.57621,1438.49,743.636,343.517,1325.51,743.636,-1.57621,1438.49,743.636,-6.70411,1419.36,743.636,348.644,1344.65,719.447,343.517,1325.51,719.447,-1.57621,1438.49,719.447,348.644,1344.65,719.447,-6.70411,1419.36,753.709,335.12,1198.69,-69.5562,335.12,1198.69,-69.5562,316.249,1198.69,753.709,316.249,1198.69,753.709,335.12,1181.76,-69.5562,335.12,1198.69,753.709,335.12,1198.69,-69.5562,335.12,1181.76,753.709,316.249,1181.76,-69.5562,316.249,1181.76,-69.5562,335.12,1181.76,753.709,335.12,1181.76,753.709,316.249,1198.69,-69.5562,316.249,1198.69,-69.5562,316.249,1181.76,753.709,316.249,1181.76,753.709,335.12,1198.69,753.709,316.249,1198.69,753.709,335.12,1181.76,753.709,316.249,1181.76,-69.5562,335.12,1198.69,-69.5562,316.249,1181.76,-69.5562,316.249,1198.69,-69.5562,335.12,1181.76,497.289,348.644,1344.65,497.289,343.517,1325.51,473.101,348.644,1344.65,473.101,343.517,1325.51,473.101,-6.70411,1419.36,473.101,343.517,1325.51,497.289,-6.70411,1419.36,497.289,343.517,1325.51,497.289,-1.57621,1438.49,473.101,-1.57621,1438.49,473.101,-6.70411,1419.36,497.289,-6.70411,1419.36,473.101,348.644,1344.65,473.101,-1.57621,1438.49,497.289,348.644,1344.65,497.289,-1.57621,1438.49,497.289,343.517,1325.51,497.289,-1.57621,1438.49,497.289,-6.70411,1419.36,497.289,348.644,1344.65,473.101,343.517,1325.51,473.101,-1.57621,1438.49,473.101,348.644,1344.65,473.101,-6.70411,1419.36,246.374,343.517,1325.51,222.186,348.644,1344.65,246.374,348.644,1344.65,222.186,343.517,1325.51,222.186,-6.70411,1419.36,222.186,343.517,1325.51,246.374,-6.70411,1419.36,246.374,343.517,1325.51,246.374,-1.57621,1438.49,222.186,-1.57621,1438.49,222.186,-6.70411,1419.36,246.374,-6.70411,1419.36,222.186,348.644,1344.65,222.186,-1.57621,1438.49,246.374,348.644,1344.65,246.374,-1.57621,1438.49,246.374,343.517,1325.51,246.374,-1.57621,1438.49,246.374,-6.70411,1419.36,246.374,348.644,1344.65,222.186,343.517,1325.51,222.186,-1.57621,1438.49,222.186,348.644,1344.65,222.186,-6.70411,1419.36,-3.61841,348.644,1344.65,-3.61841,343.517,1325.51,-27.8066,348.644,1344.65,-27.8066,343.517,1325.51,-27.8066,-6.70411,1419.36,-27.8066,343.517,1325.51,-3.61841,-6.70411,1419.36,-3.61841,343.517,1325.51,-3.61841,-1.57621,1438.49,-27.8066,-1.57621,1438.49,-27.8066,-6.70411,1419.36,-3.61841,-6.70411,1419.36,-27.8066,348.644,1344.65,-27.8066,-1.57621,1438.49,-3.61841,348.644,1344.65,-3.61841,-1.57621,1438.49,-3.61841,343.517,1325.51,-3.61841,-1.57621,1438.49,-3.61841,-6.70411,1419.36,-3.61841,348.644,1344.65,-27.8066,343.517,1325.51,-27.8066,-1.57621,1438.49,-27.8066,348.644,1344.65,-27.8066,-6.70411,1419.36]},"normal":{"type":"float32","components":3,"data":[0,0,1,0,0,1,0,0,1,0,0,1,0,1,0,0,1,0,0,1,0,0,1,0,0,0,-1,0,0,-1,0,0,-1,0,0,-1,0,-1,0,0,-1,0,0,-1,0,0,-1,0,1,0,0,1,0,0,1,0,0,1,0,0,-1,0,0,-1,0,0,-1,0,0,-1,0,0,0,0.965925,-0.258822,0,0.965925,-0.258822,0,0.965925,-0.258822,0,0.965925,-0.258822,0,-0.258819,-0.965926,0,-0.258819,-0.965926,0,-0.258819,-0.965926,0,-0.258819,-0.965926,0,-0.965926,0.25882,0,-0.965926,0.25882,0,-0.965926,0.25882,0,-0.965926,0.25882,0,0.258819,0.965926,0,0.258819,0.965926,0,0.258819,0.965926,0,0.258819,0.965926,1,2.71888e-07,0,1,2.71888e-07,0,1,2.71888e-07,0,1,2.71888e-07,0,-1,-1.35944e-07,0,-1,-1.35944e-07,0,-1,-1.35944e-07,0,-1,-1.35944e-07,0,0,0,1,0,0,1,0,0,1,0,0,1,0,1,0,0,1,0,0,1,0,0,1,0,0,0,-1,0,0,-1,0,0,-1,0,0,-1,0,-1,0,0,-1,0,0,-1,0,0,-1,0,1,0,0,1,0,0,1,0,0,1,0,0,-1,0,0,-1,0,0,-1,0,0,-1,0,0,0,0.965925,-0.258822,0,0.965925,-0.258822,0,0.965925,-0.258822,0,0.965925,-0.258822,0,-0.258819,-0.965926,0,-0.258819,-0.965926,0,-0.258819,-0.965926,0,-0.258819,-0.965926,0,-0.965926,0.25882,0,-0.965926,0.25882,0,-0.965926,0.25882,0,-0.965926,0.25882,0,0.258819,0.965926,0,0.258819,0.965926,0,0.258819,0.965926,0,0.258819,0.965926,1,0,0,1,0,0,1,0,0,1,0,0,-1,1.35944e-07,0,-1,1.35944e-07,0,-1,1.35944e-07,0,-1,1.35944e-07,0,0,0.965925,-0.258821,0,0.965925,-0.258821,0,0.965925,-0.258821,0,0.965925,-0.258821,0,-0.258819,-0.965926,0,-0.258819,-0.965926,0,-0.258819,-0.965926,0,-0.258819,-0.965926,0,-0.965926,0.258819,0,-0.965926,0.258819,0,-0.965926,0.258819,0,-0.965926,0.258819,0,0.258819,0.965926,0,0.258819,0.965926,0,0.258819,0.965926,0,0.258819,0.965926,1,1.35944e-07,0,1,1.35944e-07,0,1,1.35944e-07,0,1,1.35944e-07,0,-1,6.7972e-08,0,-1,6.7972e-08,0,-1,6.7972e-08,0,-1,6.7972e-08,0,0,0.965925,-0.258822,0,0.965925,-0.258822,0,0.965925,-0.258822,0,0.965925,-0.258822,0,-0.258819,-0.965926,0,-0.258819,-0.965926,0,-0.258819,-0.965926,0,-0.258819,-0.965926,0,-0.965926,0.258819,0,-0.965926,0.258819,0,-0.965926,0.258819,0,-0.965926,0.258819,0,0.258819,0.965926,0,0.258819,0.965926,0,0.258819,0.965926,0,0.258819,0.965926,1,-1.06206e-09,0,1,-1.06206e-09,0,1,-1.06206e-09,0,1,-1.06206e-09,0,-1,0,0,-1,0,0,-1,0,0,-1,0,0]},"texCoord0":{"type":"float32","components":2,