{"model":{"version":3,"nodes":[{"name":"RootNode","position":[0,0,0],"rotation":[0,0,0],"scale":[0.01,0.01,0.01],"scaleCompensation":false},{"name":"RoadWork","position":[0,0,0],"rotation":[0,0,0],"scale":[1,1,1],"scaleCompensation":false},{"name":"Prop_Manholecover","position":[0,0,0],"rotation":[0,0,0],"scale":[1,1,1],"scaleCompensation":false}],"parents":[-1,0,1],"skins":[],"morphs":[],"vertices":[{"position":{"type":"float32","components":3,"data":[0.9683,0.134019,0.31462,0.598442,0.134019,0.823686,0.598442,0,0.823686,0.9683,0,0.31462,0.9683,0.134019,-0.31462,0.9683,0.134019,0.31462,0.9683,0,0.31462,0.9683,0,-0.31462,0.598442,0.134019,-0.823686,0.9683,0.134019,-0.31462,0.9683,0,-0.31462,0.598442,0,-0.823686,0,0.134019,-1.01813,0.598442,0,-0.823686,0,0,-1.01813,0.598442,0.134019,-0.823686,-0.598442,0.134019,-0.823686,0,0,-1.01813,-0.598442,0,-0.823686,0,0.134019,-1.01813,-0.9683,0.134019,-0.31462,-0.598442,0,-0.823686,-0.9683,0,-0.31462,-0.598442,0.134019,-0.823686,-0.9683,0.134019,0.31462,-0.9683,0,-0.31462,-0.9683,0,0.31462,-0.9683,0.134019,-0.31462,-0.598442,0.134019,0.823686,-0.9683,0,0.31462,-0.598442,0,0.823686,-0.9683,0.134019,0.31462,0,0.134019,1.01813,-0.598442,0.134019,0.823686,-0.598442,0,0.823686,0,0,1.01813,0.598442,0.134019,0.823686,0,0.134019,1.01813,0,0,1.01813,0.598442,0,0.823686,0,0.134019,1.01813,0.598442,0.134019,0.823686,0,0.134019,0,-0.598442,0.134019,0.823686,-0.9683,0.134019,0.31462,-0.598442,0.134019,-0.823686,0,0.134019,-1.01813,-0.9683,0.134019,0.31462,0,0.134019,0,-0.9683,0.134019,-0.31462,0.598442,0.134019,-0.823686,0.9683,0.134019,-0.31462,0.9683,0.134019,0.31462,0.9683,0.134019,0.31462]},"normal":{"type":"float32","components":3,"data":[0.809017,0,0.587785,0.809017,0,0.587785,0.809017,0,0.587785,0.809017,0,0.587785,1,0,0,1,0,0,1,0,0,1,0,0,0.809017,0,-0.587785,0.809017,0,-0.587785,0.809017,0,-0.587785,0.809017,0,-0.587785,0.309017,0,-0.951057,0.309017,0,-0.951057,0.309017,0,-0.951057,0.309017,0,-0.951057,-0.309017,0,-0.951057,-0.309017,0,-0.951057,-0.309017,0,-0.951057,-0.309017,0,-0.951057,-0.809017,0,-0.587785,-0.809017,0,-0.587785,-0.809017,0,-0.587785,-0.809017,0,-0.587785,-1,0,0,-1,0,0,-1,0,0,-1,0,0,-0.809017,0,0.587785,-0.809017,0,0.587785,-0.809017,0,0.587785,-0.809017,0,0.587785,-0.309017,0,0.951057,-0.309017,0,0.951057,-0.309017,0,0.951057,-0.309017,0,0.951057,0.309017,0,0.951057,0.309017,0,0.951057,0.309017,0,0.951057,0.309017,0,0.951057,0,1,0,0,1,0,0,1,0,0,1,0,0,1,0,0,1,0,0,1,0,0,1,0,0,1,0,0,1,0,0,1,0,0,1,0,0,1,0,0,1,0]},"texCoord0":{"type":"float32","components":2,"data":[0.304291,0.27685,0.304291,0.27685,0.304291,0.27685,0.304291,0.27685,0.304291,0.27685,0.304291,0.27685,0.304291,0.27685,0.304291,0.27685,0.304291,0.27685,0.304291,0.27685,0.304291,0.27685,0.304291,0.27685,0.304291,0.27685,0.304291,0.27685,0.304291,0.27685,0.304291,0.27685,0.304291,0.27685,0.304291,0.27685,0.304291,0.27685,0.304291,0.27685,0.304291,0.27685,0.304291,0.27685,0.304291,0.27685,0.304291,0.27685,0.304291,0.27685,0.304291,0.27685,0.304291,0.27685,0.304291,0.27685,0.304291,0.27685,0.304291,0.27685,0.304291,0.27685,0.304291,0.27685,0.304291,0.27685,0.304291,0.27685,0.304291,0.27685,0.304291,0.27685,0.304291,0.27685,0.304291,0.27685,0.304291,0.27685,0.304291,0.27685,0.939535,0.632381,0.939535,0.632381,0.939535,0.0105567,0.939535,0.632381,0.939535,0.632381,0.939535,0.632381,0.939535,0.632381,0.939535,0.632381,0.939535,0.0105567,0.939535,0.632381,0.939535,0.632381,0.939535,0.632381,0.939535,0.632381,0.939535,0.632381]}}],"meshes":[{"aabb":{"min":[-0.9683,0,-1.01813],"max":[0.9683,0.134019,1.01813]},"vertices":0,"indices":[0,1,2,2,3,0,4,5,6,6,7,4,8,9,10,10,11,8,12,13,14,13,12,15,16,17,18,17,16,19,20,21,22,21,20,23,24,25,26,25,24,27,28,29,30,29,28,31,32,33,34,32,34,35,36,37,38,36,38,39,40,41,42,43,42,44,40,42,43,45,42,46,47,48,49,49,42,45,42,50,46,42,51,50,48,52,51,42,41,53],"type":"triangles","base":0,"count":90}],"meshInstances":[{"node":2,"mesh":0}]}}