{"model":{"version":3,"nodes":[{"name":"RootNode","position":[0,0,0],"rotation":[0,0,0],"scale":[0.3048,0.3048,0.3048],"scaleCompensation":false},{"name":"group1","position":[-0.242465,-2.9595e-16,1.70741e-16],"rotation":[0,-0,0],"scale":[0.0328084,0.0328084,0.0328084],"scaleCompensation":false},{"name":"bus3_tire","position":[1.32588,-0.748242,-6.86557],"rotation":[0,-0,0],"scale":[1,1,1],"scaleCompensation":false}],"parents":[-1,0,1],"skins":[],"morphs":[],"vertices":[{"position":{"type":"float32","components":3,"data":[6.34801,1.39308,6.59847,6.2913,1.28266,6.33115,6.2913,1.44649,6.57634,6.34801,1.24178,6.37203,6.34801,1.44621,6.86557,6.2913,1.50402,6.86557,6.2913,1.03747,6.16732,6.34801,1.01534,6.22073,5.8376,1.50402,6.86557,5.8376,1.44649,6.57634,5.78089,1.44621,6.86557,5.78089,1.39308,6.59847,5.8376,1.28266,6.33115,5.78089,1.24178,6.37203,5.78089,1.01534,6.22073,5.8376,1.03747,6.16732,6.2913,0.748242,6.10979,6.34801,0.748242,6.1676,5.8376,0.748242,6.10979,5.78089,0.748242,6.1676,6.34801,0.481143,6.22073,6.2913,0.459018,6.16732,5.78089,0.481143,6.22073,5.8376,0.459018,6.16732,6.2913,0.213825,6.33115,6.34801,0.254707,6.37203,5.8376,0.213825,6.33115,5.78089,0.254707,6.37203,6.34801,0.103408,6.59847,6.2913,0.049992,6.57634,5.78089,0.103408,6.59847,5.8376,0.049992,6.57634,6.2913,-0.00753844,6.86557,6.2913,0.049992,6.57634,6.34801,0.0502781,6.86557,6.34801,0.103408,6.59847,5.78089,0.0502781,6.86557,5.8376,0.049992,6.57634,5.8376,-0.00753844,6.86557,5.78089,0.103408,6.59847,6.2913,0.0499918,7.15479,6.34801,0.103407,7.13267,5.8376,0.0499918,7.15479,5.78089,0.103407,7.13267,6.2913,0.213824,7.39998,6.34801,0.254707,7.3591,5.8376,0.213824,7.39998,5.78089,0.254707,7.3591,6.34801,0.481143,7.5104,6.2913,0.459017,7.56382,5.78089,0.481143,7.5104,5.8376,0.459017,7.56382,6.2913,0.748242,7.62135,6.34801,0.748242,7.56353,5.8376,0.748242,7.62135,5.78089,0.748242,7.56353,6.34801,1.01534,7.5104,6.2913,1.03747,7.56382,5.78089,1.01534,7.5104,5.8376,1.03747,7.56382,6.2913,1.28266,7.39998,6.34801,1.24178,7.3591,5.78089,1.24178,7.3591,5.8376,1.28266,7.39998,6.34801,1.39308,7.13267,6.2913,1.44649,7.15479,5.78089,1.39308,7.13267,5.8376,1.44649,7.15479,6.2913,1.28266,6.33115,5.8376,1.28266,6.33115,6.2913,1.44649,6.57634,5.8376,1.44649,6.57634,5.8376,1.03747,6.16732,6.2913,1.03747,6.16732,5.8376,0.748242,6.10979,6.2913,0.748242,6.10979,5.8376,0.459018,6.16732,6.2913,0.459018,6.16732,5.8376,0.213825,6.33115,6.2913,0.213825,6.33115,5.8376,0.049992,6.57634,6.2913,0.049992,6.57634,5.8376,-0.00753844,6.86557,6.2913,0.049992,6.57634,6.2913,-0.00753844,6.86557,5.8376,0.049992,6.57634,5.8376,0.0499918,7.15479,6.2913,0.0499918,7.15479,5.8376,0.213824,7.39998,6.2913,0.213824,7.39998,5.8376,0.459017,7.56382,6.2913,0.459017,7.56382,5.8376,0.748242,7.62135,6.2913,0.748242,7.62135,5.8376,1.03747,7.56382,6.2913,1.03747,7.56382,5.8376,1.28266,7.39998,6.2913,1.28266,7.39998,6.2913,1.44649,7.15479,5.8376,1.44649,7.15479,5.8376,1.50402,6.86557,6.2913,1.50402,6.86557,6.34801,1.24178,6.37203,6.34801,1.39308,6.59847,6.34801,0.748242,6.86557,6.34801,1.01534,6.22073,6.34801,0.748242,6.1676,6.34801,0.481143,6.22073,6.34801,0.254707,6.37203,6.34801,0.103408,6.59847,6.34801,0.0502781,6.86557,6.34801,0.103407,7.13267,6.34801,0.254707,7.3591,6.34801,0.481143,7.5104,6.34801,0.748242,7.56353,6.34801,1.01534,7.5104,6.34801,1.24178,7.3591,6.34801,1.39308,7.13267,6.34801,1.44621,6.86557,5.78089,1.39308,6.59847,5.78089,1.24178,6.37203,5.78089,0.748242,6.86557,5.78089,1.01534,6.22073,5.78089,0.748242,6.1676,5.78089,0.481143,6.22073,5.78089,0.254707,6.37203,5.78089,0.103408,6.59847,5.78089,0.0502781,6.86557,5.78089,0.103407,7.13267,5.78089,0.254707,7.3591,5.78089,0.481143,7.5104,5.78089,0.748242,7.56353,5.78089,1.01534,7.5104,5.78089,1.24178,7.3591,5.78089,1.39308,7.13267,5.78089,1.44621,6.86557]},"normal":{"type":"float32","components":3,"data":[0.713932,0.646914,-0.26796,0.713936,0.495124,-0.495124,0.713932,0.646914,-0.267959,0.713936,0.495124,-0.495124,0.713932,0.700215,1.08765e-07,0.713932,0.700215,9.3893e-08,0.713936,0.26796,-0.646911,0.713936,0.267959,-0.646911,-0.713932,0.700215,2.23899e-07,-0.713932,0.646915,-0.26796,-0.713932,0.700215,2.29615e-07,-0.713932,0.646915,-0.26796,-0.713934,0.495127,-0.495124,-0.713934,0.495128,-0.495123,-0.713935,0.267961,-0.646911,-0.713935,0.267961,-0.646911,0.713933,-4.33353e-08,-0.700214,0.713933,-7.251e-08,-0.700214,-0.713933,-4.33353e-08,-0.700214,-0.713933,-7.251e-08,-0.700214,0.713932,-0.267961,-0.646915,0.713932,-0.267961,-0.646915,-0.713933,-0.267962,-0.646913,-0.713933,-0.267962,-0.646913,0.713933,-0.495125,-0.495127,0.713933,-0.495126,-0.495127,-0.713933,-0.495127,-0.495126,-0.713933,-0.495127,-0.495126,0.713934,-0.646912,-0.26796,0.713934,-0.646912,-0.26796,-0.713932,-0.646914,-0.267961,-0.713932,-0.646915,-0.26796,0.713935,-0.700213,-3.68349e-07,0.713934,-0.646912,-0.26796,0.713935,-0.700213,-4.29017e-07,0.713934,-0.646912,-0.26796,-0.713932,-0.700215,-1.26892e-07,-0.713932,-0.646915,-0.26796,-0.713932,-0.700215,-7.22251e-08,-0.713932,-0.646914,-0.267961,0.713935,-0.646912,0.267959,0.713935,-0.646911,0.26796,-0.713931,-0.646916,0.267959,-0.713931,-0.646916,0.26796,0.713933,-0.495126,0.495126,0.713933,-0.495126,0.495126,-0.713931,-0.49513,0.495126,-0.713931,-0.49513,0.495126,0.713934,-0.26796,0.646912,0.713934,-0.26796,0.646912,-0.713934,-0.267961,0.646912,-0.713934,-0.267961,0.646912,0.713937,-1.58895e-07,0.70021,0.713937,-1.63147e-07,0.70021,-0.713937,4.83908e-07,0.70021,-0.713937,4.77356e-07,0.70021,0.713935,0.267959,0.646911,0.713935,0.26796,0.646911,-0.713934,0.267962,0.646912,-0.713934,0.267962,0.646912,0.713934,0.495125,0.495125,0.713934,0.495125,0.495125,-0.71393,0.49513,0.495126,-0.71393,0.49513,0.495126,0.713934,0.646912,0.26796,0.713934,0.646912,0.26796,-0.71393,0.646917,0.26796,-0.71393,0.646917,0.26796,0,0.707107,-0.707106,0,0.707107,-0.707106,0,0.92388,-0.382683,0,0.92388,-0.382683,0,0.382684,-0.923879,0,0.382684,-0.923879,0,9.21731e-07,-1,0,9.21731e-07,-1,0,-0.382683,-0.92388,0,-0.382683,-0.92388,0,-0.707106,-0.707107,0,-0.707106,-0.707107,0,-0.923879,-0.382684,0,-0.923879,-0.382684,0,-1,-3.07244e-07,0,-0.923879,-0.382684,0,-1,-3.07244e-07,0,-0.923879,-0.382684,0,-0.92388,0.382683,0,-0.92388,0.382683,0,-0.707107,0.707107,0,-0.707107,0.707107,0,-0.382684,0.923879,0,-0.382684,0.923879,0,9.03658e-09,1,0,9.03658e-09,1,0,0.382683,0.92388,0,0.382683,0.92388,0,0.707107,0.707107,0,0.707107,0.707107,0,0.92388,0.382683,0,0.92388,0.382683,0,1,2.25915e-07,0,1,2.25915e-07,1,0,0,1,0,0,1,1.91196e-07,0,1,2.55779e-06,0,1,2.55778e-06,0,1,-1.27889e-06,0,1,-6.39448e-07,0,1,8.90125e-07,0,1,2.50679e-07,0,1,1.27889e-06,0,1,-1.2789e-06,0,1,-2.55778e-06,0,1,0,0,1,1.27889e-06,0,1,6.39448e-07,0,1,-6.39447e-07,0,1,0,0,-1,-6.39448e-07,0,-1,-6.39449e-07,0,-1,8.98086e-08,0,-1,1.27889e-06,0,-1,-1.27889e-06,0,-1,-1.27889e-06,0,-1,1.27889e-06,0,-1,0,0,-1,7.90185e-08,0,-1,7.90184e-08,0,-1,1.27889e-06,0,-1,2.10751e-12,0,-1,1.27889e-06,0,-1,1.27889e-06,0,-1,-1.2789e-06,0,-1,0,0,-1,0,0]},"texCoord0":{"type":"float32","components":2,