{"model":{"version":3,"nodes":[{"name":"RootNode","position":[0,0,0],"rotation":[0,0,0],"scale":[0.3048,0.3048,0.3048],"scaleCompensation":false},{"name":"comp_env_01","position":[0,0,0],"rotation":[0,0,0],"scale":[0.0328084,0.0328084,0.0328084],"scaleCompensation":false},{"name":"props","position":[0,0,0],"rotation":[0,-0,0],"scale":[1,1,1],"scaleCompensation":false},{"name":"dustbin_2","position":[0,0,0],"rotation":[0,-0,0],"scale":[1,1,1],"scaleCompensation":false}],"parents":[-1,0,1,2],"skins":[],"morphs":[],"vertices":[{"position":{"type":"float32","components":3,"data":[134.742,61.2744,8.42767,135.301,105.363,15.5403,134.955,60.8479,11.1406,135.514,104.937,18.2533,135.514,104.937,18.2533,95.3217,104.937,21.4135,134.955,60.8479,11.1406,94.7625,60.8479,14.3009,132.255,63.7279,11.0963,97.422,63.7279,13.8352,97.9131,102.273,20.0816,132.746,102.273,17.3428,95.3217,104.937,21.4135,135.514,104.937,18.2533,135.301,105.363,15.5403,95.1084,105.363,18.7006,94.7625,60.8479,14.3009,95.1084,105.363,18.7006,94.5491,61.2744,11.588,95.3217,104.937,21.4135,95.1084,105.363,18.7006,135.301,105.363,15.5403,132.587,102.591,15.318,97.754,102.591,18.0568,134.742,61.2744,8.42767,132.587,102.591,15.318,135.301,105.363,15.5403,132.096,64.0462,9.07144,134.742,61.2744,8.42767,94.5491,61.2744,11.588,97.2628,64.0462,11.8103,132.096,64.0462,9.07144,95.1084,105.363,18.7006,97.2628,64.0462,11.8103,94.5491,61.2744,11.588,97.754,102.591,18.0568,132.746,102.273,17.3428,97.9131,102.273,20.0816,97.754,102.591,18.0568,132.587,102.591,15.318,132.255,63.7279,11.0963,132.746,102.273,17.3428,132.587,102.591,15.318,132.096,64.0462,9.07144,132.255,63.7279,11.0963,97.2628,64.0462,11.8103,97.422,63.7279,13.8352,132.096,64.0462,9.07144,97.422,63.7279,13.8352,97.754,102.591,18.0568,97.9131,102.273,20.0816,97.2628,64.0462,11.8103,98.0221,-3.62592,-21.8918,131.543,54.1128,-33.7242,126.552,-3.62592,-24.1351,91.5947,54.1128,-30.5831,100.045,25.8678,8.77762,129.348,25.8678,6.4736,126.799,24.2879,-25.9443,97.496,24.2879,-23.6403,95.0761,56.322,13.6934,128.854,-3.62592,5.14282,135.024,56.322,10.5523,100.324,-3.62592,7.38611,100.324,-3.62592,7.38611,126.552,-3.62592,-24.1351,128.854,-3.62592,5.14282,98.0221,-3.62592,-21.8918,100.324,-3.62592,7.38611,91.5947,54.1128,-30.5831,98.0221,-3.62592,-21.8918,95.0761,56.322,13.6934,135.024,56.322,10.5523,126.552,-3.62592,-24.1351,131.543,54.1128,-33.7242,128.854,-3.62592,5.14282,133.235,59.2412,-35.7196,137.007,61.4503,12.2588,136.453,56.0648,11.7728,132.763,53.8556,-35.1529,93.3839,61.4503,15.6888,136.453,56.0648,11.7728,137.007,61.4503,12.2588,93.8553,56.0648,15.1221,89.6115,59.2412,-32.2896,93.8553,56.0648,15.1221,93.3839,61.4503,15.6888,90.1655,53.8556,-31.8035,90.1655,53.8556,-31.8035,133.235,59.2412,-35.7196,132.763,53.8556,-35.1529,89.6115,59.2412,-32.2896,132.763,53.8556,-35.1529,136.453,56.0648,11.7728,135.024,56.322,10.5523,131.543,54.1128,-33.7242,137.007,61.4503,12.2588,133.235,59.2412,-35.7196,129.3,59.6586,-30.7683,132.347,61.5472,7.98334,93.3839,61.4503,15.6888,137.007,61.4503,12.2588,132.347,61.5472,7.98334,97.3187,61.5472,10.7375,136.453,56.0648,11.7728,93.8553,56.0648,15.1221,95.0761,56.322,13.6934,135.024,56.322,10.5523,93.8553,56.0648,15.1221,91.5947,54.1128,-30.5831,95.0761,56.322,13.6934,90.1655,53.8556,-31.8035,93.3839,61.4503,15.6888,94.2717,59.6586,-28.0141,89.6115,59.2412,-32.2896,97.3187,61.5472,10.7375,132.763,53.8556,-35.1529,91.5947,54.1128,-30.5831,90.1655,53.8556,-31.8035,131.543,54.1128,-33.7242,129.3,59.6586,-30.7683,89.6115,59.2412,-32.2896,94.2717,59.6586,-28.0141,133.235,59.2412,-35.7196,94.2717,59.6586,-28.0141,97.496,24.2879,-23.6403,129.3,59.6586,-30.7683,126.799,24.2879,-25.9443,100.045,25.8678,8.77762,94.2717,59.6586,-28.0141,97.3187,61.5472,10.7375,97.496,24.2879,-23.6403,129.348,25.8678,6.4736,100.045,25.8678,8.77762,97.3187,61.5472,10.7375,132.347,61.5472,7.98334,129.348,25.8678,6.4736,129.3,59.6586,-30.7683,126.799,24.2879,-25.9443,132.347,61.5472,7.98334]},"normal":{"type":"float32","components":3,