{"model":{"version":3,"nodes":[{"name":"RootNode","position":[0,0,0],"rotation":[0,0,0],"scale":[0.3048,0.3048,0.3048],"scaleCompensation":false},{"name":"comp_env_01","position":[0,0,0],"rotation":[0,0,0],"scale":[0.0328084,0.0328084,0.0328084],"scaleCompensation":false},{"name":"props","position":[0,0,0],"rotation":[0,-0,0],"scale":[1,1,1],"scaleCompensation":false},{"name":"parking_cone","position":[0,0,0],"rotation":[0,-0,0],"scale":[1,1,1],"scaleCompensation":false}],"parents":[-1,0,1,2],"skins":[],"morphs":[],"vertices":[{"position":{"type":"float32","components":3,"data":[-132.282,56.8952,-610.947,-135.503,57.9544,-612.368,-134.765,57.9544,-608.747,-131.325,-0.88097,-624.121,-129.344,57.9544,-612.489,-120.432,-0.88097,-617.114,-132.625,57.9544,-614.241,-135.503,57.9544,-612.368,-145.066,-0.88097,-614.75,-134.765,57.9544,-608.747,-142.114,-0.88097,-602.147,-130.582,-0.88097,-597.774,-131.882,57.9544,-607.654,-129.344,57.9544,-609.406,-120.432,-0.88097,-604.78,-129.344,57.9544,-609.406,-120.432,-0.88097,-604.78,-129.344,57.9544,-612.489,-132.625,57.9544,-614.241,-131.882,57.9544,-607.654,-129.344,57.9544,-609.406,-117.158,-0.371956,-595.249,-146.604,-0.371956,-595.249,-147.172,-2.89704,-594.637,-116.59,-2.89704,-594.637,-116.59,-2.89704,-627.555,-147.172,-2.89704,-627.555,-146.604,-0.371956,-626.944,-117.158,-0.371956,-626.944,-117.158,-0.371956,-626.944,-117.158,-0.371956,-595.249,-116.59,-2.89704,-594.637,-116.59,-2.89704,-627.555,-146.604,-0.371956,-595.249,-147.172,-2.89704,-627.555,-147.172,-2.89704,-594.637,-146.604,-0.371956,-626.944,-117.158,-0.371956,-595.249,-117.158,-0.371956,-626.944,-146.604,-0.371956,-595.249,-146.604,-0.371956,-626.944]},"normal":{"type":"float32","components":3,"data":[0.00709378,0.999867,0.0146888,0.267253,0.957569,0.107874,0.239821,0.952468,-0.187858,-0.0708158,0.160927,-0.984423,0.848578,0.170274,-0.500921,0.850645,0.170293,-0.497397,-0.0888485,0.16035,-0.983053,-0.889257,0.161799,-0.427835,-0.896072,0.162278,-0.413184,-0.75783,0.166261,0.630913,-0.756606,0.16627,0.632378,0.119353,0.16699,0.978708,0.118381,0.166988,0.978826,0.872734,0.168238,0.458292,0.872947,0.168238,0.457887,0.872734,0.168238,0.458292,0.872947,0.168238,0.457887,-0.257484,0.952327,0.163632,0.0155775,0.952338,0.304646,-0.0366535,0.952632,-0.301909,-0.269296,0.95263,-0.141337,0,0.235348,0.971911,0,0.235348,0.971911,0,0.235348,0.971911,0,0.235348,0.971911,0,0.235348,-0.971911,0,0.235348,-0.971911,0,0.235348,-0.971911,0,0.235348,-0.971911,0.975614,0.219495,0,0.975614,0.219495,0,0.975614,0.219495,0,0.975614,0.219495,0,-0.975613,0.219496,0,-0.975614,0.219496,0,-0.975614,0.219496,0,-0.975613,0.219496,0,0,1,0,0,1,0,0,1,0,0,1,0]},"texCoord0":{"type":"float32","components":2,"data":[0.15307,0.384066,0.175996,0.385447,0.160987,0.404328,0.626984,0.745947,0.618028,0.673352,0.642254,0.741954,0.613633,0.674445,0.609453,0.674762,0.606765,0.747429,0.604971,0.674276,0.591091,0.745661,0.576596,0.74168,0.601343,0.673281,0.597914,0.671735,0.562891,0.735505,0.621466,0.671831,0.656,0.735865,0.140667,0.366207,0.164927,0.365896,0.140842,0.402071,0.1313,0.384183,0.819648,0.115159,0.819962,0.0856712,0.822568,0.08513,0.822246,0.115756,0.785302,0.115359,0.785624,0.0847317,0.788222,0.0853284,0.787909,0.114818,0.787909,0.114818,0.819648,0.115159,0.820234,0.117759,0.787268,0.117402,0.819962,0.0856712,0.787638,0.082728,0.820603,0.0830869,0.788222,0.0853284,0.819648,0.115159,0.787909,0.114818,0.819962,0.0856712,0.788222,0.0853284]}}],"meshes":[{"aabb":{"min":[-147.172,-2.89704,-627.555],"max":[-116.59,57.9544,-594.637]},"vertices":0,"indices":[0,1,2,3,4,5,4,3,6,3,7,6,7,3,8,9,8,10,8,9,7,11,12,9,9,10,11,13,11,14,11,13,12,15,16,5,15,5,4,0,17,18,0,18,1,0,2,19,0,19,20,0,20,17,21,22,23,21,23,24,25,26,27,25,27,28,29,30,31,31,32,29,33,34,35,34,33,36,37,38,39,39,38,40],"type":"triangles","base":0,"count":84}],"meshInstances":[{"node":3,"mesh":0}]}}