{"model":{"version":3,"nodes":[{"name":"RootNode","position":[0,0,0],"rotation":[0,0,0],"scale":[0.01,0.01,0.01],"scaleCompensation":false},{"name":"Billboard_01","position":[0,0,0],"rotation":[0,0,0],"scale":[1,1,1],"scaleCompensation":false}],"parents":[-1,0],"skins":[],"morphs":[],"vertices":[{"position":{"type":"float32","components":3,"data":[2.52529,1.46819,0.106861,-2.52529,1.46819,0.106865,2.52529,-1.46819,0.106861,-2.52529,-1.46819,0.106865,2.52529,1.46819,0.106861,-2.52529,1.46819,-0.106861,-2.52529,1.46819,0.106865,2.52529,1.46819,-0.106866,2.52529,-1.46819,-0.106866,-2.52529,-1.46819,-0.106861,2.52529,1.46819,-0.106866,-2.52529,1.46819,-0.106861,-2.52529,-1.46819,-0.106861,2.52529,-1.46819,0.106861,-2.52529,-1.46819,0.106865,2.52529,-1.46819,-0.106866,2.52529,-1.46819,-0.106866,2.52529,1.46819,-0.106866,2.52529,-1.46819,0.106861,2.52529,1.46819,0.106861,-2.52529,1.46819,0.106865,-2.52529,-1.46819,-0.106861,-2.52529,-1.46819,0.106865,-2.52529,1.46819,-0.106861]},"normal":{"type":"float32","components":3,"data":[0,0,1,0,0,1,0,0,1,0,0,1,0,1,0,0,1,0,0,1,0,0,1,0,0,0,-1,0,0,-1,0,0,-1,0,0,-1,0,-1,0,0,-1,0,0,-1,0,0,-1,0,1,0,0,1,0,0,1,0,0,1,0,0,-1,0,0,-1,0,0,-1,0,0,-1,0,0]},"color":{"type":"uint8","components":4,"data":[255,255,255,255,255,255,255,255,255,255,255,255,255,255,255,255,255,255,255,255,255,255,255,255,255,255,255,255,255,255,255,255,255,255,255,255,255,255,255,255,255,255,255,255,255,255,255,255,255,255,255,255,255,255,255,255,255,255,255,255,255,255,255,255,255,255,255,255,255,255,255,255,255,255,255,255,255,255,255,255,255,255,255,255,255,255,255,255,255,255,255,255,255,255,255,255]},"texCoord0":{"type":"float32","components":2,"data":[0.852144,-0.0161187,0.148295,-0.0161187,0.852144,-0.0463147,0.148295,-0.0463147,1.92733,0.0848917,1.22348,0.101545,1.22348,0.0848917,1.92733,0.101545,0.00276001,0.258869,0.994336,0.259962,0.000487674,0.816012,0.996016,0.817605,1.22282,0.00738284,1.92667,0.0244384,1.22282,0.0244383,1.92667,0.00738284,1.80334,0.073962,1.39412,0.0739618,1.80334,0.0597095,1.39412,0.0597094,1.39412,0.0738926,1.80334,0.0596402,1.80334,0.0738927,1.39412,0.0596401]}}],"meshes":[{"aabb":{"min":[-2.52529,-1.46819,-0.106866],"max":[2.52529,1.46819,0.106865]},"vertices":0,"indices":[0,1,2,1,3,2,4,5,6,5,4,7,8,9,10,9,11,10,12,13,14,13,12,15,16,17,18,19,18,17,20,21,22,21,20,23],"type":"triangles","base":0,"count":36}],"meshInstances":[{"node":1,"mesh":0}]}}