{"model":{"version":3,"nodes":[{"name":"RootNode","position":[0,0,0],"rotation":[0,0,0],"scale":[0.01,0.01,0.01],"scaleCompensation":false},{"name":"RoadWork","position":[0,0,0],"rotation":[0,0,0],"scale":[1,1,1],"scaleCompensation":false},{"name":"Prop_Barrier03","position":[0,0,0],"rotation":[0,0,0],"scale":[1,1,1],"scaleCompensation":false}],"parents":[-1,0,1],"skins":[],"morphs":[],"vertices":[{"position":{"type":"float32","components":3,"data":[1.54103,1.70881,0.209213,-1.54302,1.70881,0.209213,-1.54302,1.34425,0.209213,1.54103,1.34425,0.209213,-1.54302,1.70881,0.209213,1.54103,1.70881,0.209213,1.54103,1.70881,0.113083,-1.54302,1.70881,0.113083,1.54103,1.34425,0.113083,-1.54302,1.34425,0.113083,-1.54302,1.70881,0.113083,1.54103,1.70881,0.113083,1.54103,1.34425,0.209213,-1.54302,1.34425,0.209213,-1.54302,1.34425,0.113083,1.54103,1.34425,0.113083,1.54103,1.34425,0.113083,1.54103,1.70881,0.113083,1.54103,1.34425,0.209213,1.54103,1.70881,0.209213,-1.54302,1.70881,0.209213,-1.54302,1.34425,0.113083,-1.54302,1.34425,0.209213,-1.54302,1.70881,0.113083,1.54103,1.05313,0.209213,-1.54302,1.05313,0.209213,-1.54302,0.688571,0.209213,1.54103,0.688571,0.209213,-1.54302,1.05313,0.209213,1.54103,1.05313,0.209213,1.54103,1.05313,0.113083,-1.54302,1.05313,0.113083,1.54103,0.688571,0.113083,-1.54302,0.688571,0.113083,-1.54302,1.05313,0.113083,1.54103,1.05313,0.113083,1.54103,0.688571,0.209213,-1.54302,0.688571,0.209213,-1.54302,0.688571,0.113083,1.54103,0.688571,0.113083,1.54103,0.688571,0.113083,1.54103,1.05313,0.113083,1.54103,0.688571,0.209213,1.54103,1.05313,0.209213,-1.54302,1.05313,0.209213,-1.54302,0.688571,0.113083,-1.54302,0.688571,0.209213,-1.54302,1.05313,0.113083,0.976415,0.132379,-0.292648,1.56171,1.86265e-08,-0.292648,0.976415,1.86265e-08,-0.292648,1.56171,0.132379,-0.292648,0.976415,1.86265e-08,0.292648,1.56171,0.132379,0.292648,0.976415,0.132379,0.292648,1.56171,1.86265e-08,0.292648,0.976415,1.86265e-08,0.292648,0.976415,1.86265e-08,-0.292648,1.56171,1.86265e-08,0.292648,1.56171,1.86265e-08,-0.292648,0.976415,0.132379,0.292648,0.976415,1.86265e-08,-0.292648,0.976415,1.86265e-08,0.292648,0.976415,0.132379,-0.292648,1.56171,0.132379,-0.292648,1.56171,0.132379,0.292648,1.56171,1.86265e-08,0.292648,1.56171,1.86265e-08,-0.292648,1.56171,0.132379,-0.292648,0.976415,0.132379,-0.292648,1.1723,0.132379,-0.0967598,1.36582,0.132379,-0.0967598,0.976415,0.132379,0.292648,1.1723,0.132379,0.0967598,1.56171,0.132379,0.292648,1.36582,0.132379,0.0967598,1.1723,0.132379,-0.0967598,1.17248,1.9099,-0.0965881,1.36582,0.132379,-0.0967598,1.36565,1.9099,-0.0965881,1.17248,1.9099,0.0965881,1.1723,0.132379,-0.0967598,1.1723,0.132379,0.0967598,1.17248,1.9099,-0.0965881,1.17248,1.9099,0.0965881,1.36582,0.132379,0.0967598,1.36565,1.9099,0.0965881,1.1723,0.132379,0.0967598,1.36582,0.132379,-0.0967598,1.36565,1.9099,-0.0965881,1.36582,0.132379,0.0967598,1.36565,1.9099,0.0965881,1.36565,1.9099,0.0965881,1.17248,1.9099,-0.0965881,1.17248,1.9099,0.0965881,1.36565,1.9099,-0.0965881,-0.976415,1.86265e-08,-0.292648,-1.56171,1.86265e-08,-0.292648,-1.56171,0.132379,-0.292648,-0.976415,0.132379,-0.292648,-0.976415,0.132379,0.292648,-1.56171,0.132379,0.292648,-1.56171,1.86265e-08,0.292648,-0.976415,1.86265e-08,0.292648,-1.56171,1.86265e-08,0.292648,-1.56171,1.86265e-08,-0.292648,-0.976415,1.86265e-08,0.292648,-0.976415,1.86265e-08,-0.292648,-1.56171,0.132379,0.292648,-1.56171,1.86265e-08,-0.292648,-1.56171,1.86265e-08,0.292648,-1.56171,0.132379,-0.292648,-0.976415,0.132379,-0.292648,-0.976415,0.132379,0.292648,-0.976415,1.86265e-08,0.292648,-0.976415,1.86265e-08,-0.292648,-0.976415,0.132379,-0.292648,-1.56171,0.132379,-0.292648,-1.36582,0.132379,-0.0967598,-1.1723,0.132379,-0.0967598,-1.56171,0.132379,0.292648,-1.36582,0.132379,0.0967598,-0.976415,0.132379,0.292648,-1.1723,0.132379,0.0967598,-1.36582,0.132379,-0.0967598,-1.36565,1.9099,-0.0965881,-1.1723,0.132379,-0.0967598,-1.17247,1.9099,-0.0965881,-1.36565,1.9099,0.0965881,-1.36582,0.132379,-0.0967598,-1.36582,0.132379,0.0967598,-1.36565,1.9099,-0.0965881,-1.36565,1.9099,0.0965881,-1.36582,0.132379,0.0967598,-1.17247,1.9099,0.0965881,-1.1723,0.132379,0.0967598,-1.1723,0.132379,-0.0967598,-1.17247,1.9099,-0.0965881,-1.1723,0.132379,0.0967598,-1.17247,1.9099,0.0965881,-1.17247,1.9099,0.0965881,-1.36565,1.9099,-0.0965881,-1.36565,1.9099,0.0965881,-1.17247,1.9099,-0.0965881]},"normal":{"type":"float32","components":3,"data":[0,0,1,0,0,1,0,0,1,0,0,1,0,1,0,0,1,0,0,1,0,0,1,0,0,0,-1,0,0,-1,0,0,-1,0,0,-1,0,-1,0,0,-1,0,0,-1,0,0,-1,0,1,0,0,1,0,0,1,0,0,1,0,0,-1,0,0,-1,0,0,-1,0,0,-1,0,0,0,0,1,0,0,1,0,0,1,0,0,1,0,1,0,0,1,0,0,1,0,0,1,0,0,0,-1,0,0,-1,0,0,-1,0,0,-1,0,-1,0,0,-1,0,0,-1,0,0,-1,0,1,0,0,1,0,0,1,0,0,1,0,0,-1,0,0,-1,0,0,-1,0,0,-1,0,0,0,0,-1,0,0,-1,0,0,-1,0,0,-1,0,0,1,0,0,1,0,0,1,0,0,1,0,-1,0,0,-1,0,0,-1,0,0,-1,0,-1,0,0,-1,0,0,-1,0,0,-1,0,0,1,0,0,1,0,0,1,0,0,1,0,0,0,1,-2.44187e-08,0,1,-2.44185e-08,0,1,-2.44184e-08,0,1,-2.44184e-08,0,1,1.22092e-08,0,1,1.22092e-08,0,1,1.22093e-08,0,1,1.22092e-08,0,9.65734e-05,-1,0,9.65734e-05,-1,0,9.65734e-05,-1,0,9.65734e-05,-1,-1,9.7378e-05,0,-1,9.7378e-05,0,-1,9.7378e-05,0,-1,9.7378e-05,0,0,9.65734e-05,1,0,9.65734e-05,1,0,9.65734e-05,1,0,9.65734e-05,1,1,9.72386e-05,0,1,9.72386e-05,0,1,9.72386e-05,0,1,9.72386e-05,0,0,1,0,0,1,0,0,1,0,0,1,0,0,0,-1,0,0,-1,0,0,-1,0,0,-1,0,0,1,0,0,1,0,0,1,0,0,1,0,-1,0,0,-1,0,0,-1,0,0,-1,0,-1,0,0,-1,0,0,-1,0,0,-1,0,0,1,0,0,1,0,0,1,0,0,1,0,0,0,1,-2.44187e-08,0,1,-2.44185e-08,0,1,-2.44184e-08,0,1,-2.44184e-08,0,1,1.22092e-08,0,1,1.22092e-08,0,1,1.22094e-08,0,1,1.22092e-08,0,9.65734e-05,-1,0,9.65734e-05,-1,0,9.65734e-05,-1,0,9.65734e-05,-1,-1,9.73261e-05,0,-1,9.73261e-05,0,-1,9.73261e-05,0,-1,9.73261e-05,0,0,9.65734e-05,1,0,9.65734e-05,1,0,9.65734e-05,1,0,9.65734e-05,1,1,9.72904e-05,0,1,9.72904e-05,0,1,9.72904e-05,0,1,9.72904e-05,0,0,1,0,0,1,0,0,1,0,0,1,0]},"texCoord0":{"type":"float32","components":2,