{"model":{"version":3,"nodes":[{"name":"RootNode","position":[0,0,0],"rotation":[0,0,0],"scale":[0.01,0.01,0.01],"scaleCompensation":false},{"name":"Wheels_Sign_Arrow_03","position":[13.2515,51.157,1.56555],"rotation":[-90,-0,0],"scale":[0.29436,0.29436,0.29436],"scaleCompensation":false}],"parents":[-1,0],"skins":[],"morphs":[],"vertices":[{"position":{"type":"float32","components":3,"data":[15.8265,-7.44916,42.02,26.1931,-11.5304,31.6532,26.1933,-7.44916,31.6532,15.8265,-11.5304,42.0197,15.8265,-7.44916,42.02,-26.1931,-7.4487,1.52588e-05,15.8265,-11.5304,42.0197,-26.1933,-11.5302,1.52588e-05,-6.14269,-12.1029,1.52588e-05,26.1931,-11.5304,31.6532,15.8265,-11.5304,42.0197,-26.1933,-11.5302,1.52588e-05,-6.14269,-12.1029,1.52588e-05,26.1933,-7.44916,31.6532,26.1931,-11.5304,31.6532,-6.14296,-6.87617,1.52588e-05,26.1931,-11.5303,-31.6533,15.8265,-7.44916,-42.0199,26.1932,-7.449,-31.6528,15.8267,-11.5306,-42.0195,15.8265,-7.44916,-42.0199,15.8267,-11.5306,-42.0195,15.8267,-11.5306,-42.0195,26.1931,-11.5303,-31.6533,26.1932,-7.449,-31.6528,26.1931,-11.5303,-31.6533,26.1931,11.5304,31.6532,15.8265,7.44916,42.0199,26.1933,7.44916,31.6532,15.8265,11.5304,42.0197,-26.1931,7.4487,-1.52588e-05,15.8265,7.44916,42.0199,15.8265,11.5304,42.0197,-26.1933,11.5302,-1.52588e-05,-26.1933,11.5302,-1.52588e-05,15.8265,11.5304,42.0197,-6.14269,12.1029,-1.52588e-05,26.1931,11.5304,31.6532,26.1933,7.44916,31.6532,-6.14297,6.87617,-1.52588e-05,-6.14269,12.1029,-1.52588e-05,26.1931,11.5304,31.6532,26.1931,11.5303,-31.6533,15.8265,7.44916,-42.02,15.8267,11.5306,-42.0195,26.1932,7.44901,-31.6529,15.8265,7.44916,-42.02,15.8267,11.5306,-42.0195,15.8267,11.5306,-42.0195,26.1931,11.5303,-31.6533,26.1932,7.44901,-31.6529,26.1931,11.5303,-31.6533]},"normal":{"type":"float32","components":3,"data":[0.707106,-3.96718e-05,0.707108,0.707106,-3.96718e-05,0.707108,0.707106,-3.96718e-05,0.707108,0.707106,-3.96718e-05,0.707107,-0.707108,-2.64238e-06,0.707106,-1,-2.1709e-05,-9.65916e-07,-0.707108,-2.64238e-06,0.707106,-1,-2.1709e-05,-2.14656e-06,-0.0120353,-0.999928,4.346e-06,-0.0120362,-0.999729,0.019915,-0.0120362,-0.999729,0.019915,-0.0120353,-0.999928,4.38962e-06,1,-9.99541e-06,1.64052e-07,0.699522,4.27494e-06,-0.714611,0.699522,4.27494e-06,-0.714611,1,-9.99544e-06,1.6953e-06,0.70711,1.61934e-05,-0.707103,0.70711,1.61934e-05,-0.707103,0.70711,1.61934e-05,-0.707103,0.707111,1.61934e-05,-0.707103,-0.707106,-2.80588e-05,-0.707107,-0.707106,-2.80588e-05,-0.707107,-0.0120296,-0.999729,-0.0199063,-0.0120296,-0.99973,-0.0199063,0.699521,-1.8259e-05,0.714612,0.699521,-1.8259e-05,0.714612,0.707106,3.96558e-05,0.707108,0.707106,3.96558e-05,0.707108,0.707106,3.96558e-05,0.707108,0.707106,3.96558e-05,0.707108,-1,2.43336e-05,-1.07324e-06,-0.707108,2.64238e-06,0.707106,-0.707108,2.64238e-06,0.707106,-1,2.43336e-05,-2.30756e-06,-0.0120352,0.999928,4.41214e-06,-0.0120362,0.999729,0.0199149,-0.0120352,0.999928,4.3649e-06,-0.0120362,0.999729,0.0199149,0.699522,-4.8546e-06,-0.714611,1,7.45774e-06,1.53124e-06,1,7.45772e-06,-5.46841e-08,0.699522,-4.8546e-06,-0.714611,0.70711,-1.05512e-05,-0.707104,0.70711,-1.05512e-05,-0.707104,0.70711,-1.05512e-05,-0.707104,0.70711,-1.05512e-05,-0.707104,-0.707107,3.17706e-05,-0.707107,-0.707106,3.17706e-05,-0.707107,-0.0120295,0.999729,-0.0199061,-0.0120295,0.99973,-0.0199061,0.699521,1.52883e-05,0.714612,0.699521,1.52883e-05,0.714612]},"texCoord0":{"type":"float32","components":2,"data":[0.809888,0.63169,0.829153,0.599787,0.836338,0.599703,0.802703,0.631773,0.809888,0.63169,0.70268,0.500841,0.802703,0.631773,0.695494,0.500925,0.745643,0.501222,0.829153,0.599787,0.802703,0.631773,0.695494,0.500925,0.745643,0.501222,0.836338,0.599703,0.829153,0.599787,0.754844,0.501114,0.829153,0.403552,0.809888,0.371186,0.836338,0.403469,0.802703,0.371271,0.809888,0.371186,0.802703,0.371271,0.802703,0.371271,0.829153,0.403552,0.836338,0.403469,0.829153,0.403552,0.829153,0.599787,0.809888,0.63169,0.836338,0.599703,0.802703,0.631773,0.70268,0.500841,0.809888,0.63169,0.802703,0.631773,0.695494,0.500925,0.695494,0.500925,0.802703,0.631773,0.745643,0.501222,0.829153,0.599787,0.836338,0.599703,0.754844,0.501114,0.745643,0.501222,0.829153,0.599787,0.829153,0.403552,0.809888,0.371186,0.802703,0.371271,0.836338,0.403469,0.809888,0.371186,0.802703,0.371271,0.802703,0.371271,0.829153,0.403552,0.836338,0.403469,0.829153,0.403552]}}],"meshes":[{"aabb":{"min":[-26.1933,-12.1029,-42.02],"max":[26.1933,12.1029,42.02]},"vertices":0,"indices":[0,1,2,1,0,3,4,5,6,6,5,7,8,9,10,8,10,11,12,13,14,13,12,15,16,17,18,17,16,19,7,20,21,20,7,5,11,22,8,8,22,23,24,15,12,24,12,25,26,27,28,27,26,29,30,31,32,32,33,30,34,35,36,36,35,37,38,39,40,38,40,41,42,43,44,43,42,45,33,46,30,46,33,47,48,34,36,48,36,49,40,50,51,50,40,39],"type":"triangles","base":0,"count":96}],"meshInstances":[{"node":1,"mesh":0}]}}