{"model":{"version":3,"nodes":[{"name":"RootNode","position":[0,0,0],"rotation":[0,0,0],"scale":[0.01,0.01,0.01],"scaleCompensation":false},{"name":"RoadWork","position":[0,0,0],"rotation":[0,0,0],"scale":[1,1,1],"scaleCompensation":false},{"name":"Prop_Detour_Sign","position":[0,0,0],"rotation":[0,0,0],"scale":[1,1,1],"scaleCompensation":false}],"parents":[-1,0,1],"skins":[],"morphs":[],"vertices":[{"position":{"type":"float32","components":3,"data":[0.299967,-4.09782e-08,-0.292648,-0.285328,-4.09782e-08,-0.292648,-0.285328,0.132379,-0.292648,0.299967,0.132379,-0.292648,0.299967,0.132379,0.292648,-0.285328,0.132379,0.292648,-0.285328,-4.09782e-08,0.292648,0.299967,-4.09782e-08,0.292648,-0.285328,-4.09782e-08,-0.292648,0.299967,-4.09782e-08,0.292648,-0.285328,-4.09782e-08,0.292648,0.299967,-4.09782e-08,-0.292648,-0.285328,0.132379,0.292648,-0.285328,-4.09782e-08,-0.292648,-0.285328,-4.09782e-08,0.292648,-0.285328,0.132379,-0.292648,0.299967,0.132379,-0.292648,0.299967,0.132379,0.292648,0.299967,-4.09782e-08,0.292648,0.299967,-4.09782e-08,-0.292648,0.299967,0.132379,-0.292648,-0.285328,0.132379,-0.292648,-0.0894403,0.132379,-0.0967598,0.10408,0.132379,-0.0967598,-0.285328,0.132379,0.292648,-0.0894403,0.132379,0.0967598,0.299967,0.132379,0.292648,0.10408,0.132379,0.0967598,-0.0894403,0.132379,-0.0967598,-0.0892677,2.82396,-0.0965881,0.10408,0.132379,-0.0967598,0.103908,2.82396,-0.0965881,-0.0892677,2.82396,0.0965881,-0.0894403,0.132379,-0.0967598,-0.0894403,0.132379,0.0967598,-0.0892677,2.82396,-0.0965881,-0.0892677,2.82396,0.0965881,-0.0894403,0.132379,0.0967598,0.103908,2.82396,0.0965881,0.10408,0.132379,0.0967598,0.10408,0.132379,-0.0967598,0.103908,2.82396,-0.0965881,0.10408,0.132379,0.0967598,0.103908,2.82396,0.0965881,0.103908,2.82396,0.0965881,-0.0892677,2.82396,-0.0965881,-0.0892677,2.82396,0.0965881,0.103908,2.82396,-0.0965881,0.550124,2.72169,0.174973,-0.55595,2.72169,0.0883904,-0.55595,2.72169,0.174973,0.550124,2.72169,0.0883904,-0.654225,2.62284,0.0883904,-0.649562,1.65738,0.0883904,-0.654225,2.62284,0.174973,-0.649562,1.65738,0.174973,-0.550122,1.55852,0.174973,0.55595,1.55852,0.0883904,0.55595,1.55852,0.174973,-0.550122,1.55852,0.0883904,0.654225,1.65738,0.0883904,0.649564,2.62284,0.0883904,0.654225,1.65738,0.174973,0.649564,2.62284,0.174973,-0.55595,2.72169,0.174973,-0.550122,1.55852,0.174973,0.550124,2.72169,0.174973,0.55595,1.55852,0.174973,-0.649562,1.65738,0.174973,0.649564,2.62284,0.174973,0.654225,1.65738,0.174973,-0.654225,2.62284,0.174973,-0.550122,1.55852,0.0883904,0.550124,2.72169,0.0883904,0.55595,1.55852,0.0883904,0.649564,2.62284,0.0883904,0.654225,1.65738,0.0883904,-0.55595,2.72169,0.0883904,-0.649562,1.65738,0.0883904,-0.654225,2.62284,0.0883904,0.550124,2.72169,0.174973,0.649564,2.62284,0.174973,0.649564,2.62284,0.0883904,0.550124,2.72169,0.0883904,-0.654225,2.62284,0.174973,-0.55595,2.72169,0.174973,-0.55595,2.72169,0.0883904,-0.654225,2.62284,0.0883904,-0.550122,1.55852,0.174973,-0.649562,1.65738,0.174973,-0.649562,1.65738,0.0883904,-0.550122,1.55852,0.0883904,0.654225,1.65738,0.174973,0.55595,1.55852,0.174973,0.55595,1.55852,0.0883904,0.654225,1.65738,0.0883904]},"normal":{"type":"float32","components":3,"data":[0,0,-1,0,0,-1,0,0,-1,0,0,-1,0,0,1,0,0,1,0,0,1,0,0,1,0,-1,0,0,-1,0,0,-1,0,0,-1,0,-1,0,0,-1,0,0,-1,0,0,-1,0,0,1,0,0,1,0,0,1,0,0,1,0,0,0,1,1.22093e-08,0,1,1.22092e-08,0,1,1.22092e-08,0,1,1.22092e-08,0,1,-1.22092e-08,0,1,-1.22092e-08,0,1,-1.22093e-08,0,1,-1.22092e-08,0,6.37772e-05,-1,0,6.37772e-05,-1,0,6.37772e-05,-1,0,6.37772e-05,-1,-1,6.41286e-05,0,-1,6.41286e-05,0,-1,6.41286e-05,0,-1,6.41286e-05,0,0,6.37772e-05,1,0,6.37772e-05,1,0,6.37772e-05,1,0,6.37772e-05,1,1,6.4135e-05,0,1,6.4135e-05,0,1,6.4135e-05,0,1,6.4135e-05,0,0,1,0,0,1,0,0,1,0,0,1,0,0,1,0,0,1,0,0,1,0,0,1,0,-0.999988,-0.00482919,0,-0.999988,-0.00482919,0,-0.999988,-0.00482919,0,-0.999988,-0.00482919,0,1.07777e-07,-1,0,1.07777e-07,-1,0,1.07777e-07,-1,0,1.07777e-07,-1,0,0.999988,0.00482737,0,0.999988,0.00482737,0,0.999988,0.00482737,0,0.999988,0.00482737,0,9.95415e-09,0,1,9.95415e-09,0,1,9.95415e-09,0,1,9.95415e-09,0,1,9.95415e-09,0,1,9.95415e-09,0,1,9.95415e-09,0,1,9.95415e-09,0,1,0,0,-1,0,0,-1,0,0,-1,0,0,-1,0,0,-1,0,0,-1,0,0,-1,0,0,-1,0.70502,0.709187,0,0.70502,0.709187,0,0.70502,0.709187,0,0.70502,0.709187,0,-0.709188,0.70502,0,-0.709188,0.70502,0,-0.709188,0.70502,0,-0.709188,0.70502,0,-0.70502,-0.709188,0,-0.70502,-0.709188,0,-0.70502,-0.709188,0,-0.70502,-0.709188,0,0.709187,-0.70502,0,0.709187,-0.70502,0,0.709187,-0.70502,0,0.709187,-0.70502,0]},"texCoord0":{"type":"float32","components":2,"data":[0.540664,0.488294,0.540664,0.488294,0.540651,0.489662,0.540651,0.489662,0.540651,0.489662,0.540651,0.489662,0.540664,0.488294,0.540664,0.488294,0.540664,0.488294,0.540664,0.488294,0.540664,0.488294,0.540664,0.488294,0.540651,0.489662,0.540664,0.488294,0.540664,0.488294,0.540651,0.489662,0.540651,0.489662,0.540651,0.489662,0.540664,0.488294,0.540664,0.488294,0.540539,0.511496,0.540539,0.511496,0.540337,0.508518,0.540337,0.508518,0.540539,0.511496,0.540337,0.508518,0.540539,0.511496,0.540337,0.508518,0.540337,0.508518,0.540106,0.511093,0.540337,0.508518,0.540106,0.511093,0.540236,0.50703,0.540337,0.508518,0.540337,0.508518,0.540106,0.511093,0.540236,0.50703,0.540337,0.508518,0.540106,0.511093,0.540337,0.508518,0.540337,0.508518,0.540106,0.511093,0.540337,0.508518,0.540106,0.511093,0.540106,0.511093,0.540106,0.511093,0.539844,0.519219,0.540106,0.511093,0.540525,0.479315,0.540525,0.479315,0.540525,0.479315,0.540525,0.479315,0.540525,0.479315,0.540525,0.479315,0.540525,0.479315,0.540525,0.479315,0.540525,0.479315,0.540525,0.479315,0.540525,0.479315,0.540525,0.479315,0.540525,0.479315,0.540525,0.479315,0.540525,0.479315,0.540525,0.479315,0.553295,0.472824,0.553405,0.0457893,0.959549,0.470889,0.95966,0.0438573,0.517054,0.082255,0.9959,0.434424,0.995928,0.0799776,0.517027,0.436705,0.5415,0.479828,0.5415,0.479828,0.5415,0.479828,0.5415,0.479828,0.5415,0.479828,0.5415,0.479828,0.5415,0.479828,0.5415,0.479828,0.540525,0.479315,0.540525,0.479315,0.540525,0.479315,0.540525,0.479315,0.540525,0.479315,0.540525,0.479315,0.540525,0.479315,0.540525,0.479315,0.540525,0.479315,0.540525,0.479315,0.540525,0.479315,0.540525,0.479315,0.540525,0.479315,0.540525,0.479315,0.540525,0.479315,0.540525,0.479315]}}],"meshes":[{"aabb":{"min":[-0.654225,-4.09782e-08,-0.292648],"max":[0.654225,2.82396,0.292648]},"vertices":0,"indices":[0,1,2,0,2,3,4,5,6,4,6,7,8,9,10,9,8,11,12,13,14,13,12,15,16,17,18,18,19,16,20,21,22,20,22,23,21,24,25,21,25,22,26,25,24,25,26,27,27,26,23,26,20,23,28,29,30,30,29,31,32,33,34,33,32,35,36,37,38,38,37,39,40,41,42,43,42,41,44,45,46,45,44,47,48,49,50,49,48,51,52,53,54,55,54,53,56,57,58,57,56,59,60,61,62,63,62,61,64,65,66,66,65,67,65,64,68,67,69,66,69,67,70,68,64,71,72,73,74,74,75,76,77,72,78,77,78,79,73,72,77,75,74,73,80,81,82,80,82,83,84,85,86,84,86,87,88,89,90,88,90,91,92,93,94,92,94,95],"type":"triangles","base":0,"count":168}],"meshInstances":[{"node":2,"mesh":0}]}}