{"model":{"version":3,"nodes":[{"name":"RootNode","position":[0,0,0],"rotation":[0,0,0],"scale":[0.01,0.01,0.01],"scaleCompensation":false},{"name":"fence_long_root","position":[0,0,0],"rotation":[0,0,0],"scale":[1,1,1],"scaleCompensation":false},{"name":"default","position":[0,0,0],"rotation":[0,0,0],"scale":[1,1,1],"scaleCompensation":false}],"parents":[-1,0,1],"skins":[],"morphs":[],"vertices":[{"position":{"type":"float32","components":3,"data":[-0.723979,0.095369,1.64525,-0.723979,0,1.7724,-0.723979,0.095369,1.7724,-0.723979,0,1.64525,-0.723979,0.095369,1.64525,0.723979,0.095369,1.64525,-0.723979,0,1.64525,0.723979,0,1.64525,0.723979,0.095369,1.7724,0.723979,0,1.7724,0.723979,0,1.64525,0.723979,0.095369,1.64525,-0.723979,0.095369,1.7724,0.723979,0,1.7724,0.723979,0.095369,1.7724,-0.723979,0,1.7724,0.723979,0,1.7724,-0.723979,0,1.7724,-0.723979,0,1.64525,0.723979,0,1.64525,-0.723979,0.095369,1.7724,0.723979,0.095369,1.7724,0.723979,0.095369,1.64525,-0.723979,0.095369,1.64525,0.050166,3.02386,1.76716,0.050166,0.075826,1.76716,0.050166,0.075826,1.74443,0.050166,3.02386,1.74443,0.050166,3.02386,1.65048,0.050166,0.075826,1.65048,-0.031786,0.075826,1.65048,-0.031786,3.02386,1.65048,-0.031786,3.02386,1.65048,-0.031786,3.02386,1.76716,-0.002437,3.02386,1.74443,0.050166,3.02386,1.76716,-0.002437,3.02386,1.67322,0.050166,3.02386,1.65048,0.050166,3.02386,1.67322,0.050166,3.02386,1.74443,-0.002437,3.02386,1.67322,-0.002437,0.075826,1.67322,0.050166,3.02386,1.67322,0.050166,0.075826,1.67322,0.050166,3.02386,1.67322,0.050166,0.075826,1.67322,0.050166,0.075826,1.65048,0.050166,3.02386,1.65048,0.050166,3.02386,1.74443,0.050166,0.075826,1.74443,-0.002437,0.075826,1.74443,-0.002437,3.02386,1.74443,-0.031786,3.02386,1.76716,0.050166,0.075826,1.76716,0.050166,3.02386,1.76716,-0.031786,0.075826,1.76716,-0.031786,3.02386,1.65048,-0.031786,0.075826,1.76716,-0.031786,3.02386,1.76716,-0.031786,0.075826,1.65048,-0.002437,0.075826,1.67322,-0.002437,3.02386,1.74443,-0.002437,0.075826,1.74443,-0.002437,3.02386,1.67322,-0.031786,3.02386,-1.65048,-0.031786,0.075826,-1.65048,0.050166,3.02386,-1.65048,0.050166,0.075826,-1.65048,-0.723979,0.095369,-1.64525,-0.723979,0,-1.7724,-0.723979,0,-1.64525,-0.723979,0.095369,-1.7724,0.723979,0.095369,-1.64525,-0.723979,0.095369,-1.64525,-0.723979,0,-1.64525,0.723979,0,-1.64525,0.723979,0.095369,-1.64525,0.723979,0,-1.64525,0.723979,0.095369,-1.7724,0.723979,0,-1.7724,0.723979,0,-1.7724,-0.723979,0,-1.7724,-0.723979,0.095369,-1.7724,0.723979,0.095369,-1.7724,-0.723979,0,-1.7724,0.723979,0,-1.7724,-0.723979,0,-1.64525,0.723979,0,-1.64525,0.723979,0.095369,-1.7724,-0.723979,0.095369,-1.7724,0.723979,0.095369,-1.64525,-0.723979,0.095369,-1.64525,-0.031786,3.02386,-1.65048,-0.031786,0.075826,-1.76716,-0.031786,0.075826,-1.65048,-0.031786,3.02386,-1.76716,-0.031786,0.075826,-1.76716,-0.031786,3.02386,-1.76716,0.050166,0.075826,-1.76716,0.050166,3.02386,-1.76716,0.050166,0.075826,-1.76716,0.050166,3.02386,-1.76716,0.050166,0.075826,-1.74443,0.050166,3.02386,-1.74443,0.050166,3.02386,-1.65048,-0.002437,3.02386,-1.67322,-0.031786,3.02386,-1.65048,-0.002437,3.02386,-1.74443,0.050166,3.02386,-1.76716,0.050166,3.02386,-1.74443,-0.031786,3.02386,-1.76716,0.050166,3.02386,-1.67322,0.050166,3.02386,-1.67322,0.050166,0.075826,-1.67322,-0.002437,0.075826,-1.67322,-0.002437,3.02386,-1.67322,0.050166,0.075826,-1.67322,0.050166,3.02386,-1.67322,0.050166,0.075826,-1.65048,0.050166,3.02386,-1.65048,-0.002437,3.02386,-1.74443,-0.002437,0.075826,-1.74443,0.050166,3.02386,-1.74443,0.050166,0.075826,-1.74443,-0.002437,0.075826,-1.67322,-0.002437,3.02386,-1.74443,-0.002437,3.02386,-1.67322,-0.002437,0.075826,-1.74443,-0.12297,1.26695,2.27892,-0.12297,1.26695,-2.27892,-0.12297,0.848698,2.27892,-0.12297,0.848698,-2.27892,-0.031927,1.26695,-2.27892,-0.031927,0.848698,-2.27892,-0.12297,0.848698,-2.27892,-0.12297,1.26695,-2.27892,-0.031927,0.848698,2.27892,-0.031927,0.848698,-2.27892,-0.031927,1.26695,2.27892,-0.031927,1.26695,-2.27892,-0.12297,1.26695,2.27892,-0.031927,0.848698,2.27892,-0.031927,1.26695,2.27892,-0.12297,0.848698,2.27892,-0.12297,0.848698,2.27892,-0.12297,0.848698,-2.27892,-0.031927,0.848698,2.27892,-0.031927,0.848698,-2.27892,-0.031927,1.26695,2.27892,-0.031927,1.26695,-2.27892,-0.12297,1.26695,2.27892,-0.12297,1.26695,-2.27892,-0.12297,2.87166,-2.27892,-0.12297,2.45341,2.27892,-0.12297,2.87166,2.27892,-0.12297,2.45341,-2.27892,-0.031927,2.87166,-2.27892,-0.031927,2.45341,-2.27892,-0.12297,2.45341,-2.27892,-0.12297,2.87166,-2.27892,-0.031927,2.45341,2.27892,-0.031927,2.45341,-2.27892,-0.031927,2.87166,2.27892,-0.031927,2.87166,-2.27892,-0.12297,2.87166,2.27892,-0.031927,2.45341,2.27892,-0.031927,2.87166,2.27892,-0.12297,2.45341,2.27892,-0.12297,2.45341,2.27892,-0.12297,2.45341,-2.27892,-0.031927,2.45341,2.27892,-0.031927,2.45341,-2.27892,-0.031927,2.87166,2.27892,-0.031927,2.87166,-2.27892,-0.12297,2.87166,2.27892,-0.12297,2.87166,-2.27892,-0.031926,1.65105,2.27892,-0.031927,1.65105,-2.27892,-0.031926,2.06931,2.27892,-0.031927,2.06931,-2.27892,-0.122969,2.06931,2.27892,-0.031926,1.65105,2.27892,-0.031926,2.06931,2.27892,-0.122969,1.65105,2.27892,-0.122969,2.06931,2.27892,-0.122971,2.06931,-2.27892,-0.122969,1.65105,2.27892,-0.122971,1.65105,-2.27892,-0.031927,2.06931,-2.27892,-0.031927,1.65105,-2.27892,-0.122971,1.65105,-2.27892,-0.122971,2.06931,-2.27892,-0.122969,1.65105,2.27892,-0.031927,1.65105,-2.27892,-0.031926,1.65105,2.27892,-0.122971,1.65105,-2.27892,-0.031926,2.06931,2.27892,-0.031927,2.06931,-2.27892,-0.122969,2.06931,2.27892,-0.122971,2.06931,-2.27892]},"normal":{"type":"float32","components":3,"data":[-1,0,0,-1,0,0,-1,0,0,-1,0,0,0,0,-1,0,0,-1,0,0,-1,0,0,-1,1,0,0,1,0,0,1,0,0,1,0,0,0,0,1,0,0,1,0,0,1,0,0,1,0,-1,0,0,-1,0,0,-1,0,0,-1,0,0,1,0,0,1,0,0,1,0,0,1,0,1,0,0,1,0,0,1,0,0,1,0,0,0,0,-1,0,0,-1,0,0,-1,0,0,-1,0,1,0,0,1,0,0,1,0,0,1,0,0,1,0,0,1,0,0,1,0,0,1,0,0,0,1,0,0,1,0,0,1,0,0,1,1,0,0,1,0,0,1,0,0,1,0,0,0,0,-1,0,0,-1,0,0,-1,0,0,-1,0,0,1,0,0,1,0,0,1,0,0,1,-1,0,0,-1,0,0,-1,0,0,-1,0,0,1,0,0,1,0,0,1,0,0,1,0,0,0,0,1,0,0,1,0,0,1,0,0,1,-1,0,0,-1,0,0,-1,0,0,-1,0,0,0,0,1,0,0,1,0,0,1,0,0,1,1,0,0,1,0,0,1,0,0,1,0,0,0,0,-1,0,0,-1,0,0,-1,0,0,-1,0,-1,0,0,-1,0,0,-1,0,0,-1,0,0,1,0,0,1,0,0,1,0,0,1,0,-1,0,0,-1,0,0,-1,0,0,-1,0,0,0,0,-1,0,0,-1,0,0,-1,0,0,-1,1,0,0,1,0,0,1,0,0,1,0,0,0,1,0,0,1,0,0,1,0,0,1,0,0,1,0,0,1,0,0,1,0,0,1,0,0,0,-1,0,0,-1,0,0,-1,0,0,-1,1,0,0,1,0,0,1,0,0,1,0,0,0,0,1,0,0,1,0,0,1,0,0,1,1,0,0,1,0,0,1,0,0,1,0,0,-1,0,0,-1,0,0,-1,0,0,-1,0,0,0,0,-1,0,0,-1,0,0,-1,0,0,-1,1,0,0,1,0,0,1,0,0,1,0,0,0,0,1,0,0,1,0,0,1,0,0,1,0,-1,0,0,-1,0,0,-1,0,0,-1,0,0,1,0,0,1,0,0,1,0,0,1,0,-1,0,0,-1,0,0,-1,0,0,-1,0,0,0,0,-1,0,0,-1,0,0,-1,0,0,-1,1,0,0,1,0,0,1,0,0,1,0,0,0,0,1,0,0,1,0,0,1,0,0,1,0,-1,0,0,-1,0,0,-1,0,0,-1,0,0,1,0,0,1,0,0,1,0,0,1,0,1,0,0,1,0,0,1,0,0,1,0,0,0,0,1,0,0,1,0,0,1,0,0,1,-1,0,0,-1,0,0,-1,0,0,-1,0,0,0,0,-1,0,0,-1,0,0,-1,0,0,-1,0,-1,0,0,-1,0,0,-1,0,0,-1,0,0,1,0,0,1,0,0,1,0,0,1,0]},"texCoord0":{"type":"float32","components":2,