{"model":{"version":3,"nodes":[{"name":"RootNode","position":[0,0,0],"rotation":[0,0,0],"scale":[0.01,0.01,0.01],"scaleCompensation":false},{"name":"bench_Large","position":[0,0,0],"rotation":[0,0,0],"scale":[1,1,1],"scaleCompensation":false}],"parents":[-1,0],"skins":[],"morphs":[],"vertices":[{"position":{"type":"float32","components":3,"data":[1.5784,1.02313,0.414473,-1.5784,1.02313,0.414473,-1.5784,0.930304,0.414473,1.5784,0.930304,0.414473,-1.5784,1.02313,0.414473,1.5784,1.02313,0.414473,1.5784,1.02313,0.0572433,-1.5784,1.02313,0.0572433,1.5784,0.930304,0.0572433,-1.5784,0.930304,0.0572433,-1.5784,1.02313,0.0572433,1.5784,1.02313,0.0572433,1.5784,0.930304,0.414473,-1.5784,0.930304,0.414473,-1.5784,0.930304,0.0572433,1.5784,0.930304,0.0572433,1.5784,1.02313,0.0572433,1.5784,1.02313,0.414473,1.5784,0.930304,0.414473,1.5784,0.930304,0.0572433,-1.5784,1.02313,0.414473,-1.5784,0.930304,0.0572433,-1.5784,0.930304,0.414473,-1.5784,1.02313,0.0572433,1.5784,1.02313,-0.0252972,-1.5784,1.02313,-0.0252972,-1.5784,0.930304,-0.0252972,1.5784,0.930304,-0.0252972,-1.5784,1.02313,-0.0252972,1.5784,1.02313,-0.0252972,1.5784,1.02313,-0.382526,-1.5784,1.02313,-0.382526,1.5784,0.930304,-0.382526,-1.5784,0.930304,-0.382526,-1.5784,1.02313,-0.382526,1.5784,1.02313,-0.382526,1.5784,0.930304,-0.0252972,-1.5784,0.930304,-0.0252972,-1.5784,0.930304,-0.382526,1.5784,0.930304,-0.382526,1.5784,1.02313,-0.382526,1.5784,1.02313,-0.0252972,1.5784,0.930304,-0.0252972,1.5784,0.930304,-0.382526,-1.5784,1.02313,-0.0252972,-1.5784,0.930304,-0.382526,-1.5784,0.930304,-0.0252972,-1.5784,1.02313,-0.382526,1.5784,1.02313,-0.478533,-1.5784,1.02313,-0.478533,-1.5784,0.930304,-0.478533,1.5784,0.930304,-0.478533,-1.5784,1.02313,-0.478533,1.5784,1.02313,-0.478533,1.5784,1.02313,-0.835762,-1.5784,1.02313,-0.835762,1.5784,0.930304,-0.835762,-1.5784,0.930304,-0.835762,-1.5784,1.02313,-0.835762,1.5784,1.02313,-0.835762,1.5784,0.930304,-0.478533,-1.5784,0.930304,-0.478533,-1.5784,0.930304,-0.835762,1.5784,0.930304,-0.835762,1.5784,1.02313,-0.835762,1.5784,1.02313,-0.478533,1.5784,0.930304,-0.478533,1.5784,0.930304,-0.835762,-1.5784,1.02313,-0.478533,-1.5784,0.930304,-0.835762,-1.5784,0.930304,-0.478533,-1.5784,1.02313,-0.835762,-1.5784,1.7304,0.586531,1.5784,1.7304,0.586531,1.5784,1.74769,0.495327,-1.5784,1.74769,0.495327,1.5784,1.40237,0.429888,-1.5784,1.40237,0.429888,-1.5784,1.74769,0.495327,1.5784,1.74769,0.495327,1.5784,1.38508,0.52109,-1.5784,1.38508,0.52109,-1.5784,1.40237,0.429888,1.5784,1.40237,0.429888,1.5784,1.7304,0.586531,-1.5784,1.7304,0.586531,-1.5784,1.38508,0.52109,1.5784,1.38508,0.52109,1.5784,1.38508,0.52109,1.5784,1.74769,0.495327,1.5784,1.7304,0.586531,1.5784,1.40237,0.429888,-1.5784,1.38508,0.52109,-1.5784,1.7304,0.586531,-1.5784,1.74769,0.495327,-1.5784,1.40237,0.429888,-1.5784,2.16248,0.668411,1.5784,2.16248,0.668411,1.5784,2.17976,0.577209,-1.5784,2.17976,0.577209,1.5784,1.83445,0.51177,-1.5784,1.83445,0.51177,-1.5784,2.17976,0.577209,1.5784,2.17976,0.577209,1.5784,1.81716,0.602972,-1.5784,1.81716,0.602972,-1.5784,1.83445,0.51177,1.5784,1.83445,0.51177,1.5784,2.16248,0.668411,-1.5784,2.16248,0.668411,-1.5784,1.81716,0.602972,1.5784,1.81716,0.602972,1.5784,1.83445,0.51177,1.5784,2.16248,0.668411,1.5784,1.81716,0.602972,1.5784,2.17976,0.577209,-1.5784,2.16248,0.668411,-1.5784,1.83445,0.51177,-1.5784,1.81716,0.602972,-1.5784,2.17976,0.577209,1.20169,0,-0.617914,1.20169,0.790878,-0.617914,1.08829,0.790878,-0.617914,1.08829,0,-0.617914,1.20169,0,-0.728264,1.20169,0.790878,-0.617914,1.20169,0,-0.617914,1.20169,0.790878,-0.728264,1.08829,0,-0.728264,1.20169,0.790878,-0.728264,1.20169,0,-0.728264,1.08829,0.790878,-0.728264,1.08829,0,-0.617914,1.08829,0.790878,-0.617914,1.08829,0.790878,-0.728264,1.08829,0,-0.728264,1.20169,0,-0.617914,1.08829,0,-0.617914,1.20169,0,-0.728264,1.08829,0,-0.728264,1.20169,0.790878,-0.617914,1.08829,0.790878,-0.728264,1.08829,0.790878,-0.617914,1.20169,0.790878,-0.728264,1.20169,0,0.384007,1.20169,0.790878,0.384007,1.08829,0.790878,0.384007,1.08829,0,0.384007,1.20169,0,0.273657,1.20169,0.790878,0.384007,1.20169,0,0.384007,1.20169,0.790878,0.273657,1.08829,0,0.273657,1.20169,0.790878,0.273657,1.20169,0,0.273657,1.08829,0.790878,0.273657,1.08829,0,0.384007,1.08829,0.790878,0.384007,1.08829,0.790878,0.273657,1.08829,0,0.273657,1.20169,0,0.384007,1.08829,0,0.384007,1.20169,0,0.273657,1.08829,0,0.273657,1.20169,0.790878,0.384007,1.08829,0.790878,0.273657,1.08829,0.790878,0.384007,1.20169,0.790878,0.273657,-1.20169,0,-0.617914,-1.08829,0.790878,-0.617914,-1.20169,0.790878,-0.617914,-1.08829,0,-0.617914,-1.20169,0.790878,-0.728264,-1.20169,0,-0.728264,-1.20169,0.790878,-0.617914,-1.20169,0,-0.617914,-1.20169,0,-0.728264,-1.20169,0.790878,-0.728264,-1.08829,0,-0.728264,-1.08829,0.790878,-0.728264,-1.08829,0,-0.617914,-1.08829,0.790878,-0.728264,-1.08829,0.790878,-0.617914,-1.08829,0,-0.728264,-1.20169,0,-0.728264,-1.08829,0,-0.617914,-1.20169,0,-0.617914,-1.08829,0,-0.728264,-1.20169,0.790878,-0.617914,-1.08829,0.790878,-0.617914,-1.08829,0.790878,-0.728264,-1.20169,0.790878,-0.728264,-1.20169,0,0.384007,-1.08829,0.790878,0.384007,-1.20169,0.790878,0.384007,-1.08829,0,0.384007,-1.20169,0.790878,0.273657,-1.20169,0,0.273657,-1.20169,0.790878,0.384007,-1.20169,0,0.384007,-1.20169,0,0.273657,-1.20169,0.790878,0.273657,-1.08829,0,0.273657,-1.08829,0.790878,0.273657,-1.08829,0,0.384007,-1.08829,0.790878,0.273657,-1.08829,0.790878,0.384007,-1.08829,0,0.273657,-1.20169,0,0.384007,-1.20169,0,0.273657,-1.08829,0,0.384007,-1.08829,0,0.273657,-1.20169,0.790878,0.384007,-1.08829,0.790878,0.384007,-1.08829,0.790878,0.273657,-1.20169,0.790878,0.273657,1.22229,2.14735,0.835758,1.22229,2.21529,0.682272,1.06769,2.14735,0.835758,1.06769,2.21529,0.682272,1.22229,0.931863,0.429983,1.22229,0.931863,-0.798264,1.06769,0.931863,0.429983,1.06769,0.931863,-0.798264,1.22229,0.758154,-0.798264,1.06769,0.758154,-0.798264,1.06769,0.931863,-0.798264,1.22229,0.931863,-0.798264,1.06769,0.758154,0.558926,1.06769,0.758154,-0.798264,1.22229,0.758154,0.558926,1.22229,0.758154,-0.798264,1.22229,0.931863,0.429983,1.22229,0.758154,-0.798264,1.22229,0.931863,-0.798264,1.22229,0.758154,0.558926,1.06769,0.931863,0.429983,1.06769,0.758154,-0.798264,1.06769,0.758154,0.558926,1.06769,0.931863,-0.798264,1.06769,2.14735,0.835758,1.06769,0.758154,0.558926,1.22229,2.14735,0.835758,1.22229,0.758154,0.558926,1.22229,2.14735,0.835758,1.22229,2.21529,0.682272,1.06769,2.21529,0.682272,1.22229,0.931863,0.429983,1.06769,0.931863,0.429983,1.22229,2.21529,0.682272,1.06769,2.14735,0.835758,1.06769,2.21529,0.682272,-1.22229,2.14735,0.835758,-1.06769,2.14735,0.835758,-1.22229,2.21529,0.682272,-1.06769,2.21529,0.682272,-1.22229,0.931863,-0.798264,-1.22229,0.931863,0.429983,-1.06769,0.931863,0.429983,-1.06769,0.931863,-0.798264,-1.22229,0.758154,-0.798264,-1.06769,0.931863,-0.798264,-1.06769,0.758154,-0.798264,-1.22229,0.931863,-0.798264,-1.22229,0.758154,0.558926,-1.06769,0.758154,-0.798264,-1.06769,0.758154,0.558926,-1.22229,0.758154,-0.798264,-1.22229,0.931863,0.429983,-1.22229,0.758154,-0.798264,-1.22229,0.758154,0.558926,-1.22229,0.931863,-0.798264,-1.06769,0.758154,0.558926,-1.06769,0.758154,-0.798264,-1.06769,0.931863,0.429983,-1.06769,0.931863,-0.798264,-1.22229,2.14735,0.835758,-1.06769,0.758154,0.558926,-1.06769,2.14735,0.835758,-1.22229,0.758154,0.558926,-1.22229,2.14735,0.835758,-1.22229,2.21529,0.682272,-1.06769,2.21529,0.682272,-1.06769,0.931863,0.429983,-1.22229,0.931863,0.429983,-1.22229,2.21529,0.682272,-1.06769,2.14735,0.835758,-1.06769,2.21529,0.682272]},"normal":{"type":"float32","components":3,