{"model":{"version":3,"nodes":[{"name":"RootNode","position":[0,0,0],"rotation":[0,0,0],"scale":[0.01,0.01,0.01],"scaleCompensation":false},{"name":"RoadWork","position":[0,0,0],"rotation":[0,0,0],"scale":[1,1,1],"scaleCompensation":false},{"name":"Prop_RoadWorkAhead_Sign","position":[0,0,0],"rotation":[0,0,0],"scale":[1,1,1],"scaleCompensation":false}],"parents":[-1,0,1],"skins":[],"morphs":[],"vertices":[{"position":{"type":"float32","components":3,"data":[0,1.65045,0.182659,0,3.06466,0.182659,-0.707108,2.35756,0.182659,0.707108,2.35756,0.182659,0,3.06466,0.182659,0.707108,2.35756,0.182659,0.707108,2.35756,0.0819435,0,3.06466,0.0819435,0,3.06466,0.0819435,0.707108,2.35756,0.0819435,0,1.65045,0.0819435,-0.707108,2.35756,0.0819435,0,1.65045,0.182659,-0.707108,2.35756,0.182659,-0.707108,2.35756,0.0819435,0,1.65045,0.0819435,0,1.65045,0.0819435,0.707108,2.35756,0.0819435,0,1.65045,0.182659,0.707108,2.35756,0.182659,0,3.06466,0.182659,-0.707108,2.35756,0.0819435,-0.707108,2.35756,0.182659,0,3.06466,0.0819435,0.297131,-4.09782e-08,-0.292648,-0.288164,-4.09782e-08,-0.292648,-0.288164,0.132379,-0.292648,0.297131,0.132379,-0.292648,0.297131,0.132379,0.292648,-0.288164,0.132379,0.292648,-0.288164,-4.09782e-08,0.292648,0.297131,-4.09782e-08,0.292648,-0.288164,-4.09782e-08,-0.292648,0.297131,-4.09782e-08,0.292648,-0.288164,-4.09782e-08,0.292648,0.297131,-4.09782e-08,-0.292648,-0.288164,0.132379,0.292648,-0.288164,-4.09782e-08,-0.292648,-0.288164,-4.09782e-08,0.292648,-0.288164,0.132379,-0.292648,0.297131,0.132379,-0.292648,0.297131,0.132379,0.292648,0.297131,-4.09782e-08,0.292648,0.297131,-4.09782e-08,-0.292648,0.297131,0.132379,-0.292648,-0.288164,0.132379,-0.292648,-0.0922775,0.132379,-0.0967598,0.101244,0.132379,-0.0967598,-0.288164,0.132379,0.292648,-0.0922775,0.132379,0.0967598,0.297131,0.132379,0.292648,0.101244,0.132379,0.0967598,-0.092104,2.82396,-0.0965881,0.101244,0.132379,-0.0967598,-0.0922775,0.132379,-0.0967598,0.10107,2.82396,-0.0965881,-0.092104,2.82396,0.0965881,-0.0922775,0.132379,-0.0967598,-0.0922775,0.132379,0.0967598,-0.092104,2.82396,-0.0965881,-0.092104,2.82396,0.0965881,-0.0922775,0.132379,0.0967598,0.10107,2.82396,0.0965881,0.101244,0.132379,0.0967598,0.101244,0.132379,-0.0967598,0.10107,2.82396,-0.0965881,0.101244,0.132379,0.0967598,0.10107,2.82396,0.0965881,0.10107,2.82396,0.0965881,-0.092104,2.82396,-0.0965881,-0.092104,2.82396,0.0965881,0.10107,2.82396,-0.0965881]},"normal":{"type":"float32","components":3,"data":[0,0,1,0,0,1,0,0,1,0,0,1,0.707106,0.707107,0,0.707106,0.707107,0,0.707106,0.707107,0,0.707106,0.707107,0,0,0,-1,0,0,-1,0,0,-1,0,0,-1,-0.707107,-0.707107,0,-0.707107,-0.707107,0,-0.707107,-0.707107,0,-0.707107,-0.707107,0,0.707107,-0.707107,0,0.707107,-0.707107,0,0.707107,-0.707107,0,0.707107,-0.707107,0,-0.707106,0.707107,0,-0.707106,0.707107,0,-0.707106,0.707107,0,-0.707106,0.707107,0,0,0,-1,0,0,-1,0,0,-1,0,0,-1,0,0,1,0,0,1,0,0,1,0,0,1,0,-1,0,0,-1,0,0,-1,0,0,-1,0,-1,0,0,-1,0,0,-1,0,0,-1,0,0,1,0,0,1,0,0,1,0,0,1,0,0,0,1,1.22093e-08,0,1,1.22093e-08,0,1,1.22092e-08,0,1,1.22092e-08,0,1,-1.22093e-08,0,1,-1.22092e-08,0,1,-1.22093e-08,0,1,-1.22092e-08,0,6.37772e-05,-1,0,6.37772e-05,-1,0,6.37772e-05,-1,0,6.37772e-05,-1,-1,6.4485e-05,0,-1,6.4485e-05,0,-1,6.4485e-05,0,-1,6.4485e-05,0,0,6.37772e-05,1,0,6.37772e-05,1,0,6.37772e-05,1,0,6.37772e-05,1,1,6.44873e-05,0,1,6.44873e-05,0,1,6.44873e-05,0,1,6.44873e-05,0,0,1,0,0,1,0,0,1,0,0,1,0]},"texCoord0":{"type":"float32","components":2,"data":[0.749785,0.0174746,0.749785,0.48343,0.516808,0.250452,0.982763,0.250452,0.0205272,0.978436,0.0205272,0.978436,0.0205272,0.978436,0.0205272,0.978436,0.540404,0.477813,0.540404,0.477813,0.540404,0.477813,0.540404,0.477813,0.0205272,0.978436,0.0205272,0.978436,0.0205272,0.978436,0.0205272,0.978436,0.0205272,0.978436,0.0205272,0.978436,0.0205272,0.978436,0.0205272,0.978436,0.0205272,0.978436,0.0205272,0.978436,0.0205272,0.978436,0.0205272,0.978436,0.540664,0.488294,0.540664,0.488294,0.540651,0.489662,0.540651,0.489662,0.540651,0.489662,0.540651,0.489662,0.540664,0.488294,0.540664,0.488294,0.540664,0.488294,0.540664,0.488294,0.540664,0.488294,0.540664,0.488294,0.540651,0.489662,0.540664,0.488294,0.540664,0.488294,0.540651,0.489662,0.540651,0.489662,0.540651,0.489662,0.540664,0.488294,0.540664,0.488294,0.539094,0.510967,0.539094,0.510967,0.539856,0.508342,0.539856,0.508342,0.539094,0.510967,0.539856,0.508342,0.539094,0.510967,0.539856,0.508342,0.540106,0.511093,0.539856,0.508342,0.539856,0.508342,0.540106,0.511093,0.540236,0.50703,0.539856,0.508342,0.539856,0.508342,0.540106,0.511093,0.540236,0.50703,0.539856,0.508342,0.540106,0.511093,0.539856,0.508342,0.539856,0.508342,0.540106,0.511093,0.539856,0.508342,0.540106,0.511093,0.540106,0.511093,0.540106,0.511093,0.539844,0.519219,0.540106,0.511093]}}],"meshes":[{"aabb":{"min":[-0.707108,-4.09782e-08,-0.292648],"max":[0.707108,3.06466,0.292648]},"vertices":0,"indices":[0,1,2,1,0,3,4,5,6,4,6,7,8,9,10,8,10,11,12,13,14,12,14,15,16,17,18,19,18,17,20,21,22,21,20,23,24,25,26,24,26,27,28,29,30,28,30,31,32,33,34,33,32,35,36,37,38,37,36,39,40,41,42,42,43,40,44,45,46,44,46,47,45,48,49,45,49,46,48,50,51,48,51,49,51,50,47,50,44,47,52,53,54,53,52,55,56,57,58,57,56,59,60,61,62,62,61,63,64,65,66,67,66,65,68,69,70,69,68,71],"type":"triangles","base":0,"count":120}],"meshInstances":[{"node":2,"mesh":0}]}}