{"model":{"version":3,"nodes":[{"name":"RootNode","position":[0,0,0],"rotation":[0,0,0],"scale":[0.3048,0.3048,0.3048],"scaleCompensation":false},{"name":"comp_env_01","position":[0,0,0],"rotation":[0,0,0],"scale":[0.0328084,0.0328084,0.0328084],"scaleCompensation":false},{"name":"props","position":[0,0,0],"rotation":[0,-0,0],"scale":[1,1,1],"scaleCompensation":false},{"name":"greenbelt_small1","position":[0,0,0],"rotation":[0,-0,0],"scale":[1,1,1],"scaleCompensation":false}],"parents":[-1,0,1,2],"skins":[],"morphs":[],"vertices":[{"position":{"type":"float32","components":3,"data":[184.108,-2.64707,47.1775,527.848,-2.64707,47.1775,184.108,15.6409,47.1775,527.848,15.6409,47.1775,184.108,15.6409,-47.1772,527.848,15.6409,-47.1772,184.108,-2.64707,-47.1772,527.848,-2.64707,-47.1772,551.434,-2.64707,23.5912,551.434,-2.64707,-23.5909,551.434,15.6409,23.5912,551.434,15.6409,-23.5909,160.522,15.6409,23.5912,160.522,15.6409,-23.5909,160.522,-2.64707,23.5912,160.522,-2.64707,-23.5909,184.108,15.6409,47.1775,527.848,15.6409,47.1775,527.848,15.6409,-47.1772,184.108,15.6409,-47.1772,160.522,15.6409,23.5912,551.434,15.6409,23.5912,551.434,15.6409,-23.5909,160.522,15.6409,-23.5909,527.848,-2.64707,47.1775,184.108,-2.64707,-47.1772,527.848,-2.64707,-47.1772,184.108,-2.64707,47.1775,160.522,-2.64707,-23.5909,551.434,-2.64707,-23.5909,551.434,-2.64707,23.5912,160.522,-2.64707,23.5912,184.108,15.6409,47.1775,160.522,-2.64707,23.5912,184.108,-2.64707,47.1775,160.522,15.6409,23.5912,527.848,15.6409,47.1775,527.848,-2.64707,47.1775,551.434,15.6409,23.5912,551.434,-2.64707,23.5912,160.522,-2.64707,-23.5909,160.522,15.6409,-23.5909,184.108,-2.64707,-47.1772,184.108,15.6409,-47.1772,551.434,-2.64707,-23.5909,527.848,15.6409,-47.1772,551.434,15.6409,-23.5909,527.848,-2.64707,-47.1772,390.184,128.069,0.000122396,369.64,134.612,0.0001223,379.912,128.069,17.7914,359.369,128.069,-17.7911,349.097,128.069,0.000119335,359.369,128.069,17.7914,379.912,128.069,-17.7911,337.036,98.2169,56.4731,389.893,96.5455,35.0788,402.245,98.2168,56.4732,349.388,96.5455,35.0788,304.431,98.2168,0.000116209,329.135,96.5455,0.000118381,337.036,98.2168,-56.4729,349.388,96.5455,-35.0785,389.893,96.5455,-35.0786,402.245,98.2168,-56.4729,434.85,98.2168,0.000118606,410.146,96.5455,0.000119962,374.705,90.0632,8.77177,364.576,90.0632,8.77177,348.395,120.257,36.7986,390.886,120.257,36.7986,359.512,90.0632,0.000120561,327.149,120.257,0.0001182,364.576,90.0632,-8.77153,348.395,120.257,-36.7983,374.705,90.0632,-8.77153,390.886,120.257,-36.7984,379.769,90.0632,0.00012207,412.131,120.257,0.000119859,304.431,98.2168,0.000116209,337.036,98.2169,56.4731,337.036,98.2168,-56.4729,402.245,98.2168,-56.4729,434.85,98.2168,0.000118606,402.245,98.2168,56.4732,404.162,38.7167,0.000122618,386.901,38.7167,29.8966,369.64,26.7759,0.0001223,352.38,38.7167,-29.8964,335.119,38.7167,0.000117474,352.38,38.7167,29.8966,386.901,38.7167,-29.8964,337.036,71.3198,56.4731,389.893,74.7207,35.0788,349.388,74.7207,35.0788,402.245,71.3198,56.4732,304.431,71.3198,0.000116209,329.135,74.7207,0.000118381,337.036,71.3198,-56.4729,349.388,74.7207,-35.0785,402.245,71.3198,-56.4729,389.893,74.7207,-35.0786,434.85,71.3198,0.000118606,410.146,74.7207,0.000119962,374.705,81.218,8.77177,364.576,81.218,8.77177,393.799,46.5901,41.8441,345.482,46.5901,41.844,359.512,81.218,0.000120561,321.323,46.5901,0.00011767,364.576,81.218,-8.77153,345.482,46.5901,-41.8438,374.705,81.218,-8.77153,393.799,46.5901,-41.8438,379.769,81.218,0.00012207,417.957,46.5901,0.000119556,337.036,71.3198,56.4731,304.431,71.3198,0.000116209,337.036,71.3198,-56.4729,402.245,71.3198,-56.4729,434.85,71.3198,0.000118606,402.245,71.3198,56.4732,365.706,142.266,-6.81479,374.222,14.8658,-7.93626,365.058,14.8658,-7.93626,373.575,142.266,-6.81479,360.476,14.8658,0.000120705,361.771,142.266,0.000120898,365.706,142.266,6.81503,365.058,14.8658,7.9365,374.222,14.8658,7.9365,373.575,142.266,6.81503,378.805,14.8658,0.00012207,377.51,142.266,0.00012207,374.222,14.8658,-7.93626,373.575,142.266,-6.81479,385.601,174.711,0.000122323,369.64,179.242,0.000122249,377.621,174.711,13.8226,361.66,174.711,-13.8223,353.68,174.711,0.000119945,361.66,174.711,13.8226,377.621,174.711,-13.8223,344.309,148.684,43.8754,385.375,146.763,27.2536,394.972,148.684,43.8754,353.906,146.763,27.2536,318.978,148.684,0.000117517,338.171,146.763,0.000119204,344.309,148.684,-43.8752,353.906,146.763,-27.2533,385.375,146.763,-27.2534,394.972,148.684,-43.8752,420.303,148.684,0.000119379,401.11,146.763,0.000120432,373.575,142.266,6.81503,365.706,142.266,6.81503,352.257,164.047,30.1097,387.024,164.047,30.1097,361.771,142.266,0.000120898,334.873,164.047,0.000118904,365.706,142.266,-6.81479,352.257,164.047,-30.1094,373.575,142.266,-6.81479,387.024,164.047,-30.1095,377.51,142.266,0.00012207,404.408,164.047,0.000120261,318.978,148.684,0.000117517,344.309,148.684,43.8754,344.309,148.684,-43.8752,394.972,148.684,-43.8752,420.303,148.684,0.000119379,394.972,148.684,43.8754]},"normal":{"type":"float32","components":3,