{"model":{"version":3,"nodes":[{"name":"RootNode","position":[0,0,0],"rotation":[0,0,0],"scale":[0.01,0.01,0.01],"scaleCompensation":false},{"name":"RoadWork","position":[0,0,0],"rotation":[0,0,0],"scale":[1,1,1],"scaleCompensation":false},{"name":"Prop_Barrier01","position":[0,0,0],"rotation":[0,0,0],"scale":[1,1,1],"scaleCompensation":false}],"parents":[-1,0,1],"skins":[],"morphs":[],"vertices":[{"position":{"type":"float32","components":3,"data":[0.457414,0.739894,0.457413,-0.457414,0.739894,0.457413,-0.457414,0.135059,0.457413,0.457414,0.135059,0.457413,0.333897,1.74523,-0.333897,-0.333897,1.74523,0.333893,0.333897,1.74523,0.333893,-0.333897,1.74523,-0.333897,0.457414,0.135059,-0.457409,-0.457414,0.135059,-0.457409,-0.457414,0.739894,-0.457409,0.457414,0.739894,-0.457409,0.585195,0,0.585197,-0.585195,0,0.585197,-0.585195,0,-0.585197,0.585195,0,-0.585197,0.457414,0.739894,0.457413,0.457414,0.135059,0.457413,0.457414,0.739894,-0.457409,0.457414,0.135059,-0.457409,-0.457414,0.739894,0.457413,-0.457414,0.135059,-0.457409,-0.457414,0.135059,0.457413,-0.457414,0.739894,-0.457409,0.585195,0,-0.585197,-0.585195,0,-0.585197,-0.585195,0.135059,-0.585197,0.585195,0.135059,-0.585197,0.585195,0,0.585197,0.585195,0.135059,-0.585197,0.585195,0.135059,0.585197,0.585195,0,-0.585197,0.585195,0.135059,0.585197,-0.585195,0.135059,0.585197,-0.585195,0,0.585197,0.585195,0,0.585197,-0.585195,0,-0.585197,-0.585195,0,0.585197,-0.585195,0.135059,0.585197,-0.585195,0.135059,-0.585197,-0.457414,0.135059,-0.457409,0.457414,0.135059,-0.457409,0.585195,0.135059,-0.585197,-0.585195,0.135059,-0.585197,0.585195,0.135059,0.585197,0.457414,0.135059,-0.457409,0.457414,0.135059,0.457413,0.585195,0.135059,-0.585197,0.585195,0.135059,0.585197,-0.457414,0.135059,0.457413,-0.585195,0.135059,0.585197,0.457414,0.135059,0.457413,-0.585195,0.135059,0.585197,-0.457414,0.135059,-0.457409,-0.585195,0.135059,-0.585197,-0.457414,0.135059,0.457413,-0.457414,1.45907,0.457413,0.457414,1.45907,0.457413,0.333897,1.45907,0.333893,-0.333897,1.45907,0.333893,0.457414,1.45907,-0.457409,0.333897,1.45907,0.333893,0.457414,1.45907,0.457413,0.333897,1.45907,-0.333897,0.457414,1.45907,-0.457409,-0.457414,1.45907,-0.457409,-0.333897,1.45907,-0.333897,0.333897,1.45907,-0.333897,-0.457414,1.45907,-0.457409,-0.457414,1.45907,0.457413,-0.333897,1.45907,0.333893,-0.333897,1.45907,-0.333897,0.333897,1.74523,0.333893,-0.333897,1.74523,0.333893,-0.333897,1.45907,0.333893,0.333897,1.45907,0.333893,0.333897,1.74523,-0.333897,0.333897,1.74523,0.333893,0.333897,1.45907,0.333893,0.333897,1.45907,-0.333897,-0.333897,1.74523,-0.333897,0.333897,1.45907,-0.333897,-0.333897,1.45907,-0.333897,0.333897,1.74523,-0.333897,-0.333897,1.74523,0.333893,-0.333897,1.45907,-0.333897,-0.333897,1.45907,0.333893,-0.333897,1.74523,-0.333897,0.457414,1.45907,0.457413,-0.457414,1.45907,0.457413,-0.457414,1.2352,0.457413,0.457414,1.2352,0.457413,-0.457414,1.45907,0.457413,-0.457414,1.2352,-0.457409,-0.457414,1.2352,0.457413,-0.457414,1.45907,-0.457409,0.457414,1.2352,-0.457409,-0.457414,1.2352,-0.457409,-0.457414,1.45907,-0.457409,0.457414,1.45907,-0.457409,0.457414,1.45907,-0.457409,0.457414,1.45907,0.457413,0.457414,1.2352,0.457413,0.457414,1.2352,-0.457409,0.457414,1.2352,0.457413,-0.457414,1.2352,0.457413,-0.457414,1.05849,0.457413,0.457414,1.05849,0.457413,-0.457414,1.2352,0.457413,-0.457414,1.05849,-0.457409,-0.457414,1.05849,0.457413,-0.457414,1.2352,-0.457409,0.457414,1.05849,-0.457409,-0.457414,1.05849,-0.457409,-0.457414,1.2352,-0.457409,0.457414,1.2352,-0.457409,0.457414,1.2352,-0.457409,0.457414,1.2352,0.457413,0.457414,1.05849,0.457413,0.457414,1.05849,-0.457409,-0.457414,1.05849,0.457413,-0.457414,0.92114,-0.457409,-0.457414,0.92114,0.457413,-0.457414,1.05849,-0.457409,0.457414,0.92114,-0.457409,-0.457414,0.92114,-0.457409,-0.457414,1.05849,-0.457409,0.457414,1.05849,-0.457409,0.457414,1.05849,-0.457409,0.457414,1.05849,0.457413,0.457414,0.92114,0.457413,0.457414,0.92114,-0.457409,0.457414,1.05849,0.457413,-0.457414,1.05849,0.457413,-0.457414,0.92114,0.457413,0.457414,0.92114,0.457413,-0.457414,0.92114,0.457413,-0.457414,0.739894,-0.457409,-0.457414,0.739894,0.457413,-0.457414,0.92114,-0.457409,0.457414,0.739894,-0.457409,-0.457414,0.739894,-0.457409,-0.457414,0.92114,-0.457409,0.457414,0.92114,-0.457409,0.457414,0.92114,-0.457409,0.457414,0.92114,0.457413,0.457414,0.739894,0.457413,0.457414,0.739894,-0.457409,0.457414,0.92114,0.457413,-0.457414,0.92114,0.457413,-0.457414,0.739894,0.457413,0.457414,0.739894,0.457413]},"normal":{"type":"float32","components":3,"data":[0,0,1,0,0,1,0,0,1,0,0,1,0,1,0,0,1,0,0,1,0,0,1,0,0,0,-1,0,0,-1,0,0,-1,0,0,-1,0,-1,0,0,-1,0,0,-1,0,0,-1,0,1,0,0,1,0,0,1,0,0,1,0,0,-1,0,0,-1,0,0,-1,0,0,-1,0,0,0,0,-1,0,0,-1,0,0,-1,0,0,-1,1,0,0,1,0,0,1,0,0,1,0,0,0,0,1,0,0,1,0,0,1,0,0,1,-1,0,0,-1,0,0,-1,0,0,-1,0,0,0,1,-1.39803e-08,0,1,-1.39803e-08,0,1,-1.39803e-08,0,1,-1.39803e-08,0,1,0,0,1,0,0,1,0,0,1,0,0,1,-1.39807e-08,0,1,-1.39807e-08,0,1,-1.39807e-08,0,1,-1.39807e-08,0,1,0,0,1,0,0,1,0,0,1,0,0,1,4.57359e-07,0,1,4.57359e-07,0,1,4.57359e-07,0,1,4.57359e-07,0,1,0,0,1,0,0,1,0,0,1,0,0,1,-4.57388e-07,0,1,-4.57388e-07,0,1,-4.57388e-07,0,1,-4.57388e-07,0,1,0,0,1,0,0,1,0,0,1,0,0,0,1,0,0,1,0,0,1,0,0,1,1,0,0,1,0,0,1,0,0,1,0,0,0,0,-1,0,0,-1,0,0,-1,0,0,-1,-1,0,0,-1,0,0,-1,0,0,-1,0,0,0,0,1,0,0,1,0,0,1,0,0,1,-1,0,0,-1,0,0,-1,0,0,-1,0,0,0,0,-1,0,0,-1,0,0,-1,0,0,-1,1,0,0,1,0,0,1,0,0,1,0,0,0,0,1,0,0,1,0,0,1,0,0,1,-1,0,0,-1,0,0,-1,0,0,-1,0,0,0,0,-1,0,0,-1,0,0,-1,0,0,-1,1,0,0,1,0,0,1,0,0,1,0,0,-1,0,0,-1,0,0,-1,0,0,-1,0,0,0,0,-1,0,0,-1,0,0,-1,0,0,-1,1,0,0,1,0,0,1,0,0,1,0,0,0,0,1,0,0,1,0,0,1,0,0,1,-1,0,0,-1,0,0,-1,0,0,-1,0,0,0,0,-1,0,0,-1,0,0,-1,0,0,-1,1,0,0,1,0,0,1,0,0,1,0,0,0,0,1,0,0,1,0,0,1,0,0,1]},"texCoord0":{"type":"float32","components":2,