{"model":{"version":3,"nodes":[{"name":"RootNode","position":[0,0,0],"rotation":[0,0,0],"scale":[0.01,0.01,0.01],"scaleCompensation":false},{"name":"container_mesh","position":[0,0,0],"rotation":[0,0,0],"scale":[1,1,1],"scaleCompensation":false}],"parents":[-1,0],"skins":[],"morphs":[],"vertices":[{"position":{"type":"float32","components":3,"data":[-1.41838,2.51518,3.14055,-1.41838,2.51518,-3.14055,-1.41838,0,3.14055,-1.41838,0,-3.14055,-1.41838,2.51518,-3.14055,-1.41838,2.51518,3.14055,0,2.51518,3.14055,0,2.51518,-3.14055,-1.41838,0,-3.14055,-1.41838,2.51518,-3.14055,0,0,-3.14055,0,2.51518,-3.14055,-1.41838,0,3.14055,-1.41838,0,-3.14055,0,0,3.14055,0,0,-3.14055,-1.41838,2.51518,3.14055,-1.41838,0,3.14055,0,2.51518,3.14055,0,0,3.14055,1.41838,2.51518,-3.14055,1.41838,2.51518,3.14055,1.41838,0,3.14055,1.41838,0,-3.14055,1.41838,2.51518,3.14055,1.41838,2.51518,-3.14055,1.41838,2.51518,-3.14055,1.41838,0,-3.14055,1.41838,0,-3.14055,1.41838,0,3.14055,1.41838,0,3.14055,1.41838,2.51518,3.14055]},"normal":{"type":"float32","components":3,"data":[-1,0,0,-1,0,0,-1,0,0,-1,0,0,0,1,0,0,1,0,0,1,0,0,1,0,0,0,-1,0,0,-1,0,0,-1,0,0,-1,0,-1,0,0,-1,0,0,-1,0,0,-1,0,0,0,1,0,0,1,0,0,1,0,0,1,1,0,0,1,0,0,1,0,0,1,0,0,0,1,0,0,1,0,0,0,-1,0,0,-1,0,-1,0,0,-1,0,0,0,1,0,0,1]},"texCoord0":{"type":"float32","components":2,"data":[0.00858146,0.268643,0.686885,0.268643,0.0085811,0.00422806,0.686885,0.00422812,0.52783,0.588227,0.00739813,0.588228,0.00739801,0.499488,0.52783,0.499488,0.370022,0.0207657,0.164116,0.0207657,0.370022,0.272676,0.164116,0.272676,0.527052,0.589556,0.0091409,0.589556,0.527052,0.500517,0.0091409,0.500517,0.163529,0.00800166,0.163529,0.266362,0.365358,0.00800167,0.365358,0.266362,0.686885,0.268643,0.00858146,0.268643,0.0085811,0.00422806,0.686885,0.00422812,0.00739813,0.588228,0.52783,0.588227,0.164116,0.0207657,0.370022,0.0207657,0.0091409,0.589556,0.527052,0.589556,0.163529,0.266362,0.163529,0.00800166]}}],"meshes":[{"aabb":{"min":[-1.41838,0,-3.14055],"max":[1.41838,2.51518,3.14055]},"vertices":0,"indices":[0,1,2,2,1,3,4,5,6,6,7,4,8,9,10,10,9,11,12,13,14,14,13,15,16,17,18,18,17,19,20,21,22,22,23,20,24,25,6,6,25,7,26,27,10,10,11,26,28,29,14,14,15,28,30,31,18,18,19,30],"type":"triangles","base":0,"count":60}],"meshInstances":[{"node":1,"mesh":0}]}}