{"model":{"version":3,"nodes":[{"name":"RootNode","position":[0,0,0],"rotation":[0,0,0],"scale":[0.3048,0.3048,0.3048],"scaleCompensation":false},{"name":"BUS_tex_02","position":[0.640501,-0.0451158,-0.715973],"rotation":[0,-0,0],"scale":[0.744127,0.744127,0.744127],"scaleCompensation":false},{"name":"tire_8","position":[1.57767,-0.750355,-5.72628],"rotation":[0,-0,0],"scale":[1,1,1],"scaleCompensation":false}],"parents":[-1,0,1],"skins":[],"morphs":[],"vertices":[{"position":{"type":"float32","components":3,"data":[-2.16621,0.810984,5.94065,-2.16621,1.04209,5.97725,-2.37758,0.810984,6.68841,-2.16621,1.25054,6.08351,-2.16621,1.41591,6.24889,-2.16621,1.52218,6.45747,-2.16621,1.55877,6.68844,-2.16621,1.52218,6.91955,-2.16621,1.41591,7.12799,-2.16621,1.25054,7.29351,-2.16621,1.04209,7.39963,-2.16621,0.810984,7.43623,-2.16621,0.579877,7.39964,-2.16621,0.371431,7.29351,-2.16621,0.206054,7.12799,-2.16621,0.0997896,6.91955,-2.16621,0.0631953,6.68844,-2.16621,0.0997896,6.45747,-2.16621,0.206054,6.24889,-2.16621,0.371431,6.08351,-2.16621,0.579877,5.97725,-2.67712,0.810984,5.94065,-2.16621,1.04209,5.97725,-2.16621,0.810984,5.94065,-2.67712,1.04209,5.97725,-2.16621,1.25054,6.08351,-2.67712,1.25054,6.08351,-2.16621,1.41591,6.24889,-2.67712,1.41591,6.24889,-2.67712,1.52218,6.45747,-2.16621,1.52218,6.45747,-2.16621,1.55877,6.68844,-2.67712,1.55877,6.68844,-2.16621,1.52218,6.91955,-2.67712,1.52218,6.91955,-2.16621,1.41591,7.12799,-2.67712,1.41591,7.12799,-2.16621,1.25054,7.29351,-2.67712,1.25054,7.29351,-2.67712,1.04209,7.39963,-2.16621,1.04209,7.39963,-2.67712,0.810984,7.43623,-2.16621,0.810984,7.43623,-2.16621,0.579877,7.39964,-2.67712,0.579877,7.39964,-2.16621,0.371431,7.29351,-2.67712,0.371431,7.29351,-2.16621,0.206054,7.12799,-2.67712,0.206054,7.12799,-2.16621,0.0997896,6.91955,-2.67712,0.0997896,6.91955,-2.16621,0.0631953,6.68844,-2.67712,0.0631953,6.68844,-2.16621,0.0631953,6.68844,-2.67712,0.0997896,6.45747,-2.16621,0.0997896,6.45747,-2.67712,0.0631953,6.68844,-2.16621,0.206054,6.24889,-2.67712,0.206054,6.24889,-2.16621,0.371431,6.08351,-2.67712,0.371431,6.08351,-2.67712,0.579877,5.97725,-2.16621,0.579877,5.97725,-2.71062,0.810984,6.17471,-2.67712,1.04209,5.97725,-2.67712,0.810984,5.94065,-2.71062,0.969747,6.19991,-2.71062,1.11303,6.27281,-2.67712,1.25054,6.08351,-2.67712,1.41591,6.24889,-2.71062,1.22661,6.38654,-2.67712,1.52218,6.45747,-2.71062,1.29966,6.52968,-2.67712,1.55877,6.68844,-2.71062,1.32471,6.68844,-2.71062,1.29966,6.8472,-2.67712,1.52218,6.91955,-2.67712,1.41591,7.12799,-2.71062,1.22661,6.99048,-2.71062,1.11303,7.10421,-2.67712,1.25054,7.29351,-2.67712,1.04209,7.39963,-2.71062,0.969747,7.17711,-2.67712,0.810984,7.43623,-2.71062,0.810984,7.20231,-2.67712,0.579877,7.39964,-2.71062,0.652222,7.17711,-2.71062,0.508941,7.10421,-2.67712,0.371431,7.29351,-2.67712,0.206054,7.12799,-2.71062,0.395358,6.99048,-2.71062,0.322311,6.8472,-2.67712,0.0997896,6.91955,-2.67712,0.0631953,6.68844,-2.71062,0.297258,6.68844,-2.71062,0.322311,6.52968,-2.67712,0.0997896,6.45747,-2.67712,0.206054,6.24889,-2.71062,0.395358,6.38654,-2.71062,0.508941,6.27281,-2.67712,0.371431,6.08351,-2.67712,0.579877,5.97725,-2.71062,0.652222,6.19991,-2.63405,0.654192,6.20596,-2.63405,0.810984,6.18105,-2.63405,0.967776,6.20596,-2.63405,1.10923,6.27802,-2.63405,1.22154,6.3902,-2.63405,1.29361,6.53165,-2.63405,1.31838,6.68844,-2.63405,1.29361,6.84523,-2.63405,1.22154,6.98668,-2.63405,1.10923,7.099,-2.63405,0.967776,7.17106,-2.63405,0.810984,7.19583,-2.63405,0.654192,7.17106,-2.63405,0.512741,7.099,-2.63405,0.400425,6.98668,-2.63405,0.328363,6.84523,-2.63405,0.303591,6.68844,-2.63405,0.328363,6.53165,-2.63405,0.400425,6.3902,-2.63405,0.512741,6.27802,-2.46575,0.810984,6.68841,-2.63405,0.967776,6.20596,-2.63405,0.810984,6.18105,-2.63405,1.10923,6.27802,-2.63405,1.22154,6.3902,-2.63405,1.29361,6.53165,-2.63405,1.31838,6.68844,-2.63405,1.29361,6.84523,-2.63405,1.22154,6.98668,-2.63405,1.10923,7.099,-2.63405,0.967776,7.17106,-2.63405,0.810984,7.19583,-2.63405,0.654192,7.17106,-2.63405,0.512741,7.099,-2.63405,0.400425,6.98668,-2.63405,0.328363,6.84523,-2.63405,0.303591,6.68844,-2.63405,0.328363,6.53165,-2.63405,0.400425,6.3902,-2.63405,0.512741,6.27802,-2.63405,0.654192,6.20596]},"normal":{"type":"float32","components":3,