{"model":{"version":3,"nodes":[{"name":"RootNode","position":[0,0,0],"rotation":[0,0,0],"scale":[0.01,0.01,0.01],"scaleCompensation":false},{"name":"Barrier","position":[0,0,0],"rotation":[-90,0,0],"scale":[0.450643,0.450643,0.450643],"scaleCompensation":false}],"parents":[-1,0],"skins":[],"morphs":[],"vertices":[{"position":{"type":"float32","components":3,"data":[-43.2183,5.46284,100.071,-43.2183,33.198,-3.43826,-50.9151,5.46283,100.071,-50.9151,33.198,-3.43826,-50.881,-1.39902,97.9979,-43.2524,26.219,-5.07401,-43.2524,-1.39902,97.9979,-50.881,26.219,-5.07401,-50.9151,5.46283,100.071,-50.881,26.219,-5.07401,-50.881,-1.39902,97.9979,-50.9151,33.198,-3.43826,-43.2524,26.219,-5.07401,-43.2183,5.46284,100.071,-43.2524,-1.39902,97.9979,-43.2183,33.198,-3.43826,-43.2524,26.219,-5.07401,-50.9151,33.198,-3.43826,-43.2183,33.198,-3.43826,-50.881,26.219,-5.07401,-43.2183,5.46284,100.071,-50.9151,5.46283,100.071,-43.2524,-1.39902,97.9979,-50.881,-1.39902,97.9979,63.0614,12.6385,97.6216,-63.0614,19.2233,73.0467,-63.0614,12.6385,97.6216,63.0614,19.2233,73.0467,63.0614,5.6961,95.7614,-63.0614,5.6961,95.7614,-63.0614,12.2809,71.1865,63.0614,12.2809,71.1865,63.0614,12.2809,71.1865,-63.0614,12.2809,71.1865,-63.0614,19.2233,73.0467,63.0614,19.2233,73.0467,63.0614,19.2233,73.0467,63.0614,5.6961,95.7614,63.0614,12.2809,71.1865,63.0614,12.6385,97.6216,63.0614,12.6385,97.6216,-63.0614,12.6385,97.6216,-63.0614,5.6961,95.7614,63.0614,5.6961,95.7614,-63.0614,5.6961,95.7614,-63.0614,19.2233,73.0467,-63.0614,12.2809,71.1865,-63.0614,12.6385,97.6216,55.4599,5.46284,100.071,55.4599,33.198,-3.43826,47.7632,5.46283,100.071,47.7632,33.198,-3.43826,47.7973,-1.39902,97.9979,55.4258,26.219,-5.07401,55.4258,-1.39902,97.9979,47.7973,26.219,-5.07401,47.7632,5.46283,100.071,47.7973,26.219,-5.07401,47.7973,-1.39902,97.9979,47.7632,33.198,-3.43826,55.4258,26.219,-5.07401,55.4599,5.46284,100.071,55.4258,-1.39902,97.9979,55.4599,33.198,-3.43826,55.4258,26.219,-5.07401,47.7632,33.198,-3.43826,55.4599,33.198,-3.43826,47.7973,26.219,-5.07401,55.4599,5.46284,100.071,47.7632,5.46283,100.071,55.4258,-1.39902,97.9979,47.7973,-1.39902,97.9979,63.0614,22.7467,59.8972,-63.0614,29.3315,35.3223,-63.0614,22.7467,59.8972,63.0614,29.3315,35.3223,63.0614,15.8043,58.037,-63.0614,15.8043,58.037,-63.0614,22.3891,33.4621,63.0614,22.3891,33.4621,63.0614,22.3891,33.4621,-63.0614,22.3891,33.4621,-63.0614,29.3315,35.3223,63.0614,29.3315,35.3223,63.0614,29.3315,35.3223,63.0614,15.8043,58.037,63.0614,22.3891,33.4621,63.0614,22.7467,59.8972,63.0614,22.7467,59.8972,-63.0614,22.7467,59.8972,-63.0614,15.8043,58.037,63.0614,15.8043,58.037,-63.0614,15.8043,58.037,-63.0614,29.3315,35.3223,-63.0614,22.3891,33.4621,-63.0614,22.7467,59.8972,-43.2183,-33.1977,-3.43826,-43.2183,-5.46257,100.071,-50.9151,-5.46256,100.071,-50.9151,-33.1977,-3.43826,-43.2524,1.39929,97.9979,-43.2524,-26.2188,-5.07401,-50.881,1.39929,97.9979,-50.881,-26.2188,-5.07401,-50.881,-26.2188,-5.07401,-50.9151,-5.46256,100.071,-50.881,1.39929,97.9979,-50.9151,-33.1977,-3.43826,-43.2524,-26.2188,-5.07401,-43.2524,1.39929,97.9979,-43.2183,-5.46257,100.071,-43.2183,-33.1977,-3.43826,-50.9151,-33.1977,-3.43826,-43.2524,-26.2188,-5.07401,-43.2183,-33.1977,-3.43826,-50.881,-26.2188,-5.07401,-50.881,1.39929,97.9979,-50.9151,-5.46256,100.071,-43.2524,1.39929,97.9979,-43.2183,-5.46257,100.071,63.0614,-12.6382,97.6216,-63.0614,-12.6382,97.6216,-63.0614,-19.2231,73.0467,63.0614,-19.2231,73.0467,63.0614,-5.69583,95.7614,-63.0614,-12.2807,71.1865,-63.0614,-5.69583,95.7614,63.0614,-12.2807,71.1865,-63.0614,-12.2807,71.1865,63.0614,-12.2807,71.1865,-63.0614,-19.2231,73.0467,63.0614,-19.2231,73.0467,63.0614,-19.2231,73.0467,63.0614,-5.69583,95.7614,63.0614,-12.6382,97.6216,63.0614,-12.2807,71.1865,-63.0614,-5.69583,95.7614,63.0614,-12.6382,97.6216,63.0614,-5.69583,95.7614,-63.0614,-12.6382,97.6216,-63.0614,-5.69583,95.7614,-63.0614,-19.2231,73.0467,-63.0614,-12.6382,97.6216,-63.0614,-12.2807,71.1865,55.4599,-33.1977,-3.43826,55.4599,-5.46257,100.071,47.7632,-5.46256,100.071,47.7632,-33.1977,-3.43826,55.4258,1.39929,97.9979,55.4258,-26.2188,-5.07402,47.7973,1.39929,97.9979,47.7973,-26.2188,-5.07402,47.7973,-26.2188,-5.07402,47.7632,-5.46256,100.071,47.7973,1.39929,97.9979,47.7632,-33.1977,-3.43826,55.4258,-26.2188,-5.07402,55.4258,1.39929,97.9979,55.4599,-5.46257,100.071,55.4599,-33.1977,-3.43826,47.7632,-33.1977,-3.43826,55.4258,-26.2188,-5.07402,55.4599,-33.1977,-3.43826,47.7973,-26.2188,-5.07402,47.7973,1.39929,97.9979,47.7632,-5.46256,100.071,55.4258,1.39929,97.9979,55.4599,-5.46257,100.071,63.0614,-22.7465,59.8972,-63.0614,-22.7465,59.8972,-63.0614,-29.3313,35.3223,63.0614,-29.3313,35.3223,63.0614,-15.8041,58.037,-63.0614,-22.3889,33.4621,-63.0614,-15.8041,58.037,63.0614,-22.3889,33.4621,-63.0614,-22.3889,33.4621,63.0614,-22.3889,33.4621,-63.0614,-29.3313,35.3223,63.0614,-29.3313,35.3223,63.0614,-22.7465,59.8972,63.0614,-22.3889,33.4621,63.0614,-15.8041,58.037,63.0614,-29.3313,35.3223,-63.0614,-15.8041,58.037,63.0614,-22.7465,59.8972,63.0614,-15.8041,58.037,-63.0614,-22.7465,59.8972,-63.0614,-22.3889,33.4621,-63.0614,-22.7465,59.8972,-63.0614,-15.8041,58.037,-63.0614,-29.3313,35.3223]},"normal":{"type":"float32","components":3,