{"model":{"version":3,"nodes":[{"name":"RootNode","position":[0,0,0],"rotation":[0,0,0],"scale":[0.3048,0.3048,0.3048],"scaleCompensation":false},{"name":"comp_env_01","position":[0,0,0],"rotation":[0,0,0],"scale":[0.0328084,0.0328084,0.0328084],"scaleCompensation":false},{"name":"props","position":[0,0,0],"rotation":[0,-0,0],"scale":[1,1,1],"scaleCompensation":false},{"name":"light_01","position":[0,0,0],"rotation":[0,-0,0],"scale":[1,1,1],"scaleCompensation":false}],"parents":[-1,0,1,2],"skins":[],"morphs":[],"vertices":[{"position":{"type":"float32","components":3,"data":[461.188,398.489,-639.598,363.7,373.208,-636.843,461.369,397.279,-636.843,363.519,374.418,-639.598,461.731,394.86,-636.844,364.063,370.789,-636.843,364.244,369.58,-639.598,461.913,393.65,-639.598,461.731,394.86,-642.352,364.063,370.789,-642.352,461.731,394.86,-642.352,363.7,373.208,-642.352,461.369,397.279,-642.352,364.063,370.789,-642.352,485.755,400.407,-639.598,485.937,399.198,-636.843,486.299,396.778,-636.844,486.48,395.569,-639.598,486.299,396.778,-642.352,485.937,399.198,-642.352,486.299,396.778,-642.352,362.116,9.75672,-622.44,372.405,64.2586,-632.059,362.116,64.2586,-626.118,375.59,9.75672,-630.22,372.405,64.2586,-643.939,375.59,9.75672,-645.779,362.116,9.75672,-653.558,362.116,64.2586,-649.88,351.826,64.2586,-643.939,348.642,9.75672,-645.779,348.642,9.75672,-630.22,351.826,64.2586,-632.059,362.116,9.75672,-622.44,362.116,64.2586,-626.118,362.116,398.004,-630.728,362.116,69.6095,-630.728,368.413,398.004,-634.364,368.413,69.6095,-634.364,368.413,69.6095,-641.635,368.413,398.004,-641.635,362.116,69.6095,-645.27,362.116,398.004,-645.27,355.819,69.6095,-641.635,355.819,398.004,-641.635,355.819,398.004,-634.364,355.819,69.6095,-634.364,362.116,398.004,-630.728,362.116,69.6095,-630.728,362.116,64.2586,-626.118,368.413,69.6095,-634.364,362.116,69.6095,-630.728,372.405,64.2586,-632.059,372.405,64.2586,-643.939,368.413,69.6095,-641.635,362.116,64.2586,-649.88,362.116,69.6095,-645.27,355.819,69.6095,-641.635,351.826,64.2586,-643.939,355.819,69.6095,-634.364,351.826,64.2586,-632.059,362.116,64.2586,-626.118,362.116,69.6095,-630.728,362.116,398.004,-630.728,368.413,398.004,-634.364,362.116,398.004,-637.999,368.413,398.004,-641.635,362.116,398.004,-645.27,355.819,398.004,-641.635,355.819,398.004,-634.364,362.116,9.75672,-653.558,362.116,9.75672,-637.999,348.642,9.75672,-645.779,375.59,9.75672,-630.22,362.116,9.75672,-622.44,348.642,9.75672,-630.22,375.59,9.75672,-645.779,487.156,393.123,-633.737,517.651,393.121,-652.776,517.651,393.121,-627.734,487.156,393.123,-646.774,487.156,400.455,-633.737,517.651,406.389,-627.735,517.651,406.389,-652.777,487.156,400.455,-646.774,487.156,400.455,-646.774,517.651,393.121,-652.776,487.156,393.123,-646.774,517.651,406.389,-652.777,487.156,393.123,-633.737,487.156,400.455,-646.774,487.156,393.123,-646.774,487.156,400.455,-633.737,487.156,400.455,-633.737,517.651,393.121,-627.734,517.651,406.389,-627.735,487.156,393.123,-633.737,542.438,406.389,-633.403,542.438,393.121,-647.109,542.438,406.389,-647.109,542.438,393.121,-633.403,542.438,393.121,-633.403,538.061,393.121,-652.776,542.438,393.121,-647.109,538.061,393.121,-627.734,538.061,393.121,-652.776,538.061,406.389,-652.777,538.061,406.389,-652.777,538.061,406.389,-627.735,538.061,406.389,-627.735,538.061,393.121,-627.734,538.061,393.121,-652.776,538.061,406.389,-652.777,538.061,406.389,-627.735,538.061,393.121,-627.734,542.438,406.389,-633.403,542.438,406.389,-647.109,348.587,393.121,-478.983,354.59,393.123,-509.479,373.629,393.121,-478.983,367.626,393.123,-509.479,348.587,406.389,-478.983,373.629,406.389,-478.983,354.59,400.455,-509.479,367.626,400.455,-509.479,367.626,400.455,-509.479,373.629,406.389,-478.983,373.629,393.121,-478.983,367.626,393.123,-509.479,367.626,393.123,-509.479,354.59,393.123,-509.479,354.59,400.455,-509.479,367.626,400.455,-509.479,348.587,393.121,-478.983,354.59,400.455,-509.479,354.59,393.123,-509.479,348.587,406.389,-478.983,367.962,406.389,-454.197,354.255,406.389,-454.197,354.255,393.121,-454.197,367.962,393.121,-454.197,354.255,393.121,-454.197,373.629,393.121,-458.574,367.962,393.121,-454.197,348.587,393.121,-458.574,373.629,393.121,-458.574,373.629,406.389,-458.574,373.629,406.389,-458.574,348.587,406.389,-458.574,348.587,393.121,-458.574,348.587,406.389,-458.574,373.629,406.389,-458.574,373.629,393.121,-458.574,348.587,393.121,-458.574,348.587,406.389,-458.574,354.255,406.389,-454.197,367.962,406.389,-454.197,360.451,398.489,-535.448,357.697,373.208,-632.935,357.697,397.279,-535.266,360.451,374.418,-633.116,357.697,394.86,-534.903,357.697,370.789,-632.573,360.451,369.58,-632.391,360.451,393.65,-534.723,363.206,394.86,-534.903,363.206,370.789,-632.573,363.206,394.86,-534.903,363.206,373.208,-632.935,363.206,397.279,-535.266,363.206,370.789,-632.573,360.451,400.407,-510.88,357.697,399.198,-510.699,357.697,396.778,-510.336,360.451,395.569,-510.155,363.206,396.778,-510.336,363.206,396.778,-510.336,363.206,399.198,-510.699]},"normal":{"type":"float32","components":3,