{"model":{"version":3,"nodes":[{"name":"RootNode","position":[0,0,0],"rotation":[0,0,0],"scale":[0.01,0.01,0.01],"scaleCompensation":false},{"name":"pCube1","position":[0,2.30015,0],"rotation":[0,0,0],"scale":[2.47796,4.64168,8.63082],"scaleCompensation":false}],"parents":[-1,0],"skins":[],"morphs":[],"vertices":[{"position":{"type":"float32","components":3,"data":[-0.476444,-0.490395,0.485234,-0.476192,-0.490292,-0.485071,-0.44006,-0.5,0.485227,-0.439419,-0.5,-0.485069,-0.48423,-0.469128,0.485227,-0.476192,-0.490292,-0.485071,-0.476444,-0.490395,0.485234,-0.484061,-0.468798,-0.485069,-0.437544,-0.491447,0.495679,0.437543,-0.491447,0.495679,-0.429122,-0.471099,0.5,0.429122,-0.471099,0.5,0.437543,-0.491447,0.495679,-0.437544,-0.491447,0.495679,0.44006,-0.5,0.485227,-0.32788,-0.163066,0.484878,-0.468111,-0.470101,0.49568,-0.312069,-0.163314,0.495571,-0.312069,-0.163314,0.495571,-0.273892,-0.163565,0.5,-0.468111,-0.470101,0.49568,0.476444,-0.490395,0.485234,0.484061,-0.468798,-0.485069,0.48423,-0.469128,0.485227,0.476392,-0.490292,-0.485154,0.476392,-0.490292,-0.485154,0.476444,-0.490395,0.485234,0.44006,-0.5,-0.485227,0.468111,-0.470101,0.49568,0.312063,-0.163319,0.495571,0.273872,-0.163574,0.5,0.32788,-0.163066,0.484878,0.468111,-0.470101,0.49568,0.312063,-0.163319,0.495571,-0.240914,0.215571,0.495581,-0.261726,-0.123923,0.5,-0.203611,0.215512,0.5,-0.299145,-0.12396,0.495585,-0.256365,0.215629,0.484911,-0.299145,-0.12396,0.495585,-0.240914,0.215571,0.495581,-0.314644,-0.123997,0.484925,0.201464,0.235332,0.495772,-0.199017,0.243568,0.484911,-0.200312,0.235349,0.495581,0.201262,0.243568,0.485556,0.203611,0.215512,0.5,-0.200312,0.235349,0.495581,0.201464,0.235332,0.495772,-0.237836,0.235533,0.484893,-0.256365,0.215629,-0.484911,-0.238489,0.235539,-0.485254,-0.238489,0.235539,-0.485254,-0.237836,0.235533,0.484893,-0.201262,0.243568,-0.485556,0.240914,0.215571,0.495581,0.299126,-0.123949,0.495585,0.256365,0.215629,0.484911,0.314644,-0.123997,0.484925,0.261664,-0.123901,0.5,0.240914,0.215571,0.495581,0.299126,-0.123949,0.495585,0.238489,0.235539,0.485254,0.199017,0.243568,-0.484911,0.237836,0.235533,-0.484893,0.237836,0.235533,-0.484893,0.238489,0.235539,0.485254,0.256365,0.215629,-0.484911,-0.240914,0.215571,-0.495581,-0.299126,-0.123949,-0.495585,-0.314644,-0.123997,-0.484925,-0.203611,0.215512,-0.5,-0.261664,-0.123901,-0.5,-0.240914,0.215571,-0.495581,-0.299126,-0.123949,-0.495585,-0.201464,0.235332,-0.495772,0.200312,0.235349,-0.495581,0.203611,0.215512,-0.5,-0.201464,0.235332,-0.495772,0.200312,0.235349,-0.495581,0.261726,-0.123923,-0.5,0.240914,0.215571,-0.495581,0.299145,-0.12396,-0.495585,0.299145,-0.12396,-0.495585,0.314644,-0.123997,-0.484925,0.240914,0.215571,-0.495581,-0.467999,-0.469935,-0.495636,-0.312063,-0.163318,-0.495571,-0.429122,-0.471099,-0.5,-0.273872,-0.163574,-0.5,-0.32788,-0.163066,-0.484878,-0.467999,-0.469935,-0.495636,-0.312063,-0.163318,-0.495571,-0.437215,-0.491433,-0.495635,0.437543,-0.491447,-0.495679,0.429122,-0.471099,-0.5,-0.437215,-0.491433,-0.495635,0.437543,-0.491447,-0.495679,0.467999,-0.469935,-0.495636,0.32788,-0.163066,-0.484878,0.312063,-0.163318,-0.495571,0.312063,-0.163318,-0.495571,0.467999,-0.469935,-0.495636,0.273872,-0.163574,-0.5,-0.319657,-0.143675,0.484897,-0.319656,-0.143672,-0.484899,-0.26638,-0.144711,0.5,0.266331,-0.144681,0.5,0.319657,-0.143675,0.484897,0.319656,-0.143672,-0.484899,-0.266331,-0.144681,-0.5,0.266372,-0.144733,-0.5,-0.467962,-0.486944,0.493764,-0.467962,-0.486944,0.493764,-0.467962,-0.486944,0.493764,0.467961,-0.486944,0.493764,0.467961,-0.486944,0.493764,0.467961,-0.486944,0.493764,-0.23149,0.231823,0.493613,-0.23149,0.231823,0.493613,-0.23149,0.231823,0.493613,0.231971,0.231815,0.493765,0.231971,0.231815,0.493765,0.231971,0.231815,0.493765,-0.231971,0.231815,-0.493765,-0.231971,0.231815,-0.493765,-0.231971,0.231815,-0.493765,0.23149,0.231823,-0.493613,0.23149,0.231823,-0.493613,0.23149,0.231823,-0.493613,-0.467763,-0.486863,-0.493698,-0.467763,-0.486863,-0.493698,-0.467763,-0.486863,-0.493698,0.467909,-0.486871,-0.493731,0.467909,-0.486871,-0.493731,0.467909,-0.486871,-0.493731,-0.304059,-0.144122,0.495576,-0.304059,-0.144122,0.495576,0.304045,-0.144109,0.495576,0.304045,-0.144109,0.495576,-0.304044,-0.144108,-0.495577,-0.304044,-0.144108,-0.495577,0.304057,-0.14413,-0.495577,0.304057,-0.14413,-0.495577]},"normal":{"type":"float32","components":3,