{"model":{"version":3,"nodes":[{"name":"RootNode","position":[0,0,0],"rotation":[0,0,0],"scale":[0.01,0.01,0.01],"scaleCompensation":false},{"name":"Prop_Barrier02","position":[0,0,0],"rotation":[-180,-64.6265,180],"scale":[1,1,1],"scaleCompensation":false},{"name":"Prop_Barrier02_1","position":[0,0,0],"rotation":[0,0,0],"scale":[1,1,1],"scaleCompensation":false}],"parents":[-1,0,1],"skins":[],"morphs":[],"vertices":[{"position":{"type":"float32","components":3,"data":[155.728,0,-29.2648,97.1986,13.2379,-29.2648,155.728,13.2379,-29.2648,97.1986,0,-29.2648,155.728,13.2379,29.2648,97.1986,0,29.2648,155.728,0,29.2648,97.1986,13.2379,29.2648,155.728,0,29.2648,97.1986,0,-29.2648,155.728,0,-29.2648,97.1986,0,29.2648,97.1986,0,-29.2648,97.1986,13.2379,29.2648,97.1986,13.2379,-29.2648,97.1986,0,29.2648,155.728,0,29.2648,155.728,13.2379,-29.2648,155.728,13.2379,29.2648,155.728,0,-29.2648,155.728,13.2379,-29.2648,116.787,13.2379,-9.67598,136.139,13.2379,-9.67598,97.1986,13.2379,-29.2648,116.787,13.2379,9.67598,155.728,13.2379,29.2648,97.1986,13.2379,29.2648,136.139,13.2379,9.67598,136.139,13.2379,-9.67598,116.805,190.99,-9.65881,136.122,190.99,-9.65881,116.787,13.2379,-9.67598,116.787,13.2379,-9.67598,116.805,190.99,9.65881,116.805,190.99,-9.65881,116.787,13.2379,9.67598,116.787,13.2379,9.67598,136.122,190.99,9.65881,116.805,190.99,9.65881,136.139,13.2379,9.67598,136.139,13.2379,9.67598,136.122,190.99,-9.65881,136.122,190.99,9.65881,136.139,13.2379,-9.67598,116.805,190.99,-9.65881,136.122,190.99,9.65881,136.122,190.99,-9.65881,116.805,190.99,9.65881,-97.1986,0,-29.2648,-155.728,13.2379,-29.2648,-97.1986,13.2379,-29.2648,-155.728,0,-29.2648,-97.1986,13.2379,29.2648,-155.728,0,29.2648,-97.1986,0,29.2648,-155.728,13.2379,29.2648,-97.1986,0,29.2648,-155.728,0,-29.2648,-97.1986,0,-29.2648,-155.728,0,29.2648,-155.728,0,-29.2648,-155.728,13.2379,29.2648,-155.728,13.2379,-29.2648,-155.728,0,29.2648,-97.1986,0,29.2648,-97.1986,13.2379,-29.2648,-97.1986,13.2379,29.2648,-97.1986,0,-29.2648,-97.1986,13.2379,-29.2648,-136.139,13.2379,-9.67598,-116.787,13.2379,-9.67598,-155.728,13.2379,-29.2648,-136.139,13.2379,9.67598,-97.1986,13.2379,29.2648,-155.728,13.2379,29.2648,-116.787,13.2379,9.67598,-116.787,13.2379,-9.67598,-136.122,190.99,-9.65881,-116.804,190.99,-9.65881,-136.139,13.2379,-9.67598,-136.139,13.2379,-9.67598,-136.122,190.99,9.65881,-136.122,190.99,-9.65881,-136.139,13.2379,9.67598,-136.139,13.2379,9.67598,-116.804,190.99,9.65881,-136.122,190.99,9.65881,-116.787,13.2379,9.67598,-116.787,13.2379,9.67598,-116.804,190.99,-9.65881,-116.804,190.99,9.65881,-116.787,13.2379,-9.67598,-136.122,190.99,-9.65881,-116.804,190.99,9.65881,-116.804,190.99,-9.65881,-136.122,190.99,9.65881,-154.745,82.0361,21.6579,153.66,167.418,21.6579,-154.745,167.418,21.6579,153.66,82.0361,21.6579,-154.745,167.418,21.6579,153.66,167.418,8.37555,-154.745,167.418,8.37555,153.66,167.418,21.6579,-154.745,167.418,8.37555,153.66,82.0361,8.37555,-154.745,82.0361,8.37555,153.66,167.418,8.37555,-154.745,82.0361,8.37555,153.66,82.0361,21.6579,-154.745,82.0361,21.6579,153.66,82.0361,8.37555,153.66,82.0361,21.6579,153.66,167.418,8.37555,153.66,167.418,21.6579,153.66,82.0361,8.37555,-154.745,82.0361,8.37555,-154.745,167.418,21.6579,-154.745,167.418,8.37555,-154.745,82.0361,21.6579]},"normal":{"type":"float32","components":3,"data":[0,0,-1,0,0,-1,0,0,-1,0,0,-1,0,0,1,0,0,1,0,0,1,0,0,1,0,-1,0,0,-1,0,0,-1,0,0,-1,0,-1,0,0,-1,0,0,-1,0,0,-1,0,0,1,0,0,1,0,0,1,0,0,1,0,0,0,1,0,0,1,0,0,1,0,0,1,0,0,1,0,0,1,0,0,1,0,0,1,0,0,9.65734e-05,-1,0,9.65734e-05,-1,0,9.65734e-05,-1,0,9.65734e-05,-1,-1,9.73782e-05,0,-1,9.73782e-05,0,-1,9.73782e-05,0,-1,9.73782e-05,0,0,9.65734e-05,1,0,9.65734e-05,1,0,9.65734e-05,1,0,9.65734e-05,1,1,9.72441e-05,0,1,9.72441e-05,0,1,9.72441e-05,0,1,9.72441e-05,0,0,1,0,0,1,0,0,1,0,0,1,0,0,0,-1,0,0,-1,0,0,-1,0,0,-1,0,0,1,0,0,1,0,0,1,0,0,1,0,-1,0,0,-1,0,0,-1,0,0,-1,0,-1,0,0,-1,0,0,-1,0,0,-1,0,0,1,0,0,1,0,0,1,0,0,1,0,0,0,1,0,0,1,0,0,1,0,0,1,0,0,1,0,0,1,0,0,1,0,0,1,0,0,9.65734e-05,-1,0,9.65734e-05,-1,0,9.65734e-05,-1,0,9.65734e-05,-1,-1,9.73782e-05,0,-1,9.73782e-05,0,-1,9.73782e-05,0,-1,9.73782e-05,0,0,9.65734e-05,1,0,9.65734e-05,1,0,9.65734e-05,1,0,9.65734e-05,1,1,9.73782e-05,0,1,9.73782e-05,0,1,9.73782e-05,0,1,9.73782e-05,0,0,1,0,0,1,0,0,1,0,0,1,0,0,0,1,0,0,1,0,0,1,0,0,1,0,1,0,0,1,0,0,1,0,0,1,0,0,0,-1,0,0,-1,0,0,-1,0,0,-1,0,-1,0,0,-1,0,0,-1,0,0,-1,0,1,0,0,1,0,0,1,0,0,1,0,0,-1,0,0,-1,0,0,-1,0,0,-1,0,0]},"texCoord0":{"type":"float32","components":2,"data":[0.339658,0.332489,0.340016,0.331713,0.340016,0.332489,0.339658,0.331713,0.33928,0.334317,0.339639,0.333541,0.339639,0.334317,0.33928,0.333541,0.312561,0.0834785,0.317153,0.0880702,0.312561,0.0880702,0.317153,0.0834785,0.338911,0.110887,0.339547,0.110112,0.339547,0.110887,0.338911,0.110112,0.339585,0.110887,0.34022,0.110112,0.34022,0.110887,0.339585,0.110112,0.330313,0.560298,0.333888,0.561245,0.33126,0.561245,0.334835,0.560298,0.333888,0.563873,0.330313,0.56482,0.334835,0.56482,0.33126,0.563873,0.539776,0.311547,0.544167,0.376711,0.539776,0.376711,0.544167,0.311547,0.576579,0.0569713,0.584354,0.122136,0.576579,0.122136,0.584354,0.0569713,0.553699,0.376711,0.549308,0.311547,0.553699,0.311547,0.549308,0.376711,0.593619,0.0569713,0.601394,0.122136,0.593619,0.122136,0.601394,0.0569713,0.523767,0.555802,0.563173,0.595209,0.523767,0.595209,0.563173,0.555802,0.339658,0.332489,0.340016,0.331713,0.340016,0.332489,0.339658,0.331713,0.33928,0.334317,0.339639,0.333541,0.339639,0.334317,0.33928,0.333541,0.312561,0.0834785,0.317153,0.0880702,0.312561,0.0880702,0.317153,0.0834785,0.338911,0.110887,0.339547,0.110112,0.339547,0.110887,0.338911,0.110112,0.339585,0.110887,0.34022,0.110112,0.34022,0.110887,0.339585,0.110112,0.330313,0.560298,0.333888,0.561245,0.33126,0.561245,0.334835,0.560298,0.333888,0.563873,0.330313,0.56482,0.334835,0.56482,0.33126,0.563873,0.539776,0.311547,0.544167,0.376711,0.539776,0.376711,0.544167,0.311547,0.576579,0.0569713,0.584354,0.122136,0.576579,0.122136,0.584354,0.0569713,0.553699,0.376711,0.549308,0.311547,0.553699,0.311547,0.549308,0.376711,0.593619,0.0569713,0.601394,0.122136,0.593619,0.122136,0.601394,0.0569713,0.523767,0.555802,0.563173,0.595209,0.523767,0.595209,0.563173,0.555802,0.996728,0.995057,0.000712693,0.653859,0.996728,0.653859,0.000712723,0.995057,0.320313,0.532046,0.320948,0.52099,0.320948,0.532046,0.320313,0.52099,0.280781,0.154363,0.283874,0.143306,0.283874,0.154363,0.280781,0.143306,0.283874,0.154363,0.284542,0.143306,0.284542,0.154363,0.283874,0.143306,0.28462,0.285711,0.285254,0.288772,0.28462,0.288772,0.285254,0.285711,0.285332,0.285711,0.285967,0.288772,0.285332,0.288772,0.285967,0.285711]}}],"meshes":[{"aabb":{"min":[-155.728,0,-29.2648],"max":[155.728,190.99,29.2648]},"vertices":0,"indices":[0,1,2,0,3,1,4,5,6,4,7,5,8,9,10,8,11,9,12,13,14,12,15,13,16,17,18,16,19,17,20,21,22,20,23,21,23,24,21,25,20,22,23,26,24,26,27,24,26,25,27,25,22,27,28,29,30,28,31,29,32,33,34,32,35,33,36,37,38,36,39,37,40,41,42,40,43,41,44,45,46,44,47,45,48,49,50,48,51,49,52,53,54,52,55,53,56,57,58,56,59,57,60,61,62,60,63,61,64,65,66,64,67,65,68,69,70,68,71,69,71,72,69,73,68,70,71,74,72,74,75,72,74,73,75,73,70,75,76,77,78,76,79,77,80,81,82,80,83,81,84,85,86,84,87,85,88,89,90,88,91,89,92,93,94,92,95,93,96,97,98,96,99,97,100,101,102,100,103,101,104,105,106,104,107,105,108,109,110,108,111,109,112,113,114,112,115,113,116,117,118,116,119,117],"type":"triangles","base":0,"count":204}],"meshInstances":[{"node":2,"mesh":0}]}}