{"model":{"version":3,"nodes":[{"name":"RootNode","position":[0,0,0],"rotation":[0,0,0],"scale":[0.01,0.01,0.01],"scaleCompensation":false},{"name":"signFolding_04","position":[0,0,0],"rotation":[0,0,0],"scale":[1,1,1],"scaleCompensation":false}],"parents":[-1,0],"skins":[],"morphs":[],"vertices":[{"position":{"type":"float32","components":3,"data":[0.446203,0.34784,-0.378201,-0.446203,0.34784,-0.378201,-0.446203,1.53815,-0.059258,0.446203,1.53815,-0.059258,-0.450055,1.52797,-0.0335574,0.450055,1.52797,-0.0335574,-0.450055,1.59247,-0.0162735,0.450055,1.59247,-0.0162735,-0.450055,1.54218,-0.0866084,0.450055,1.60668,-0.069325,0.450055,1.54218,-0.0866084,-0.450055,1.60668,-0.069325,-0.450055,1.54218,-0.0866084,0.450055,1.54218,-0.0866084,-0.450055,1.52797,-0.0335574,0.450055,1.52797,-0.0335574,0.450055,1.59247,-0.0162735,-0.450055,1.60668,-0.069325,-0.450055,1.59247,-0.0162735,0.450055,1.60668,-0.069325,0.445079,1.60042,-0.00172806,0.445079,0,-0.43056,0.511858,1.60042,-0.00172806,0.511858,0,-0.43056,0.511858,1.60042,-0.00172806,0.511858,1.62085,-0.0779448,0.445079,1.60042,-0.00172806,0.445079,1.62085,-0.0779448,0.445079,0.0204222,-0.506777,0.445079,1.62085,-0.0779448,0.511858,0.0204222,-0.506777,0.511858,1.62085,-0.0779448,0.511858,0,-0.43056,0.445079,0,-0.43056,0.445079,0.0204222,-0.506777,0.511858,0.0204222,-0.506777,0.511858,0.0204222,-0.506777,0.511858,1.60042,-0.00172806,0.511858,0,-0.43056,0.511858,1.62085,-0.0779448,0.445079,1.60042,-0.00172806,0.445079,0.0204222,-0.506777,0.445079,0,-0.43056,0.445079,1.62085,-0.0779448,-0.511858,1.60042,-0.00172806,-0.445079,0,-0.43056,-0.445079,1.60042,-0.00172806,-0.511858,0,-0.43056,-0.511858,1.60042,-0.00172806,-0.445079,1.60042,-0.00172806,-0.511858,1.62085,-0.0779448,-0.445079,1.62085,-0.0779448,-0.511858,0.0204222,-0.506777,-0.445079,1.62085,-0.0779448,-0.445079,0.0204222,-0.506777,-0.511858,1.62085,-0.0779448,-0.511858,0,-0.43056,-0.445079,0.0204222,-0.506777,-0.445079,0,-0.43056,-0.511858,0.0204222,-0.506777,-0.511858,0.0204222,-0.506777,-0.511858,1.60042,-0.00172806,-0.511858,1.62085,-0.0779448,-0.511858,0,-0.43056,-0.445079,1.60042,-0.00172806,-0.445079,0,-0.43056,-0.445079,0.0204222,-0.506777,-0.445079,1.62085,-0.0779448,-0.450055,0.279854,-0.367988,0.450055,0.279854,-0.367988,-0.450055,0.344357,-0.350705,0.450055,0.344357,-0.350705,-0.450055,0.294068,-0.42104,0.450055,0.358572,-0.403756,0.450055,0.294068,-0.42104,-0.450055,0.358572,-0.403756,-0.450055,0.294068,-0.42104,0.450055,0.294068,-0.42104,-0.450055,0.279854,-0.367988,0.450055,0.279854,-0.367988,0.450055,0.344357,-0.350705,-0.450055,0.358572,-0.403756,-0.450055,0.344357,-0.350705,0.450055,0.358572,-0.403756,0.444318,0.343159,-0.366229,-0.448089,0.343159,-0.366229,-0.448089,1.53347,-0.047286,0.444318,1.53347,-0.047286,-0.446203,0.34784,0.378201,0.446203,1.53815,0.059258,-0.446203,1.53815,0.059258,0.446203,0.34784,0.378201,-0.450055,1.52797,0.0335574,0.450055,1.59247,0.0162735,0.450055,1.52797,0.0335574,-0.450055,1.59247,0.0162735,-0.450055,1.54218,0.0866084,0.450055,1.54218,0.0866084,-0.450055,1.60668,0.069325,0.450055,1.60668,0.069325,-0.450055,1.54218,0.0866084,0.450055,1.52797,0.0335574,0.450055,1.54218,0.0866084,-0.450055,1.52797,0.0335574,0.450055,1.59247,0.0162735,-0.450055,1.59247,0.0162735,0.450055,1.60668,0.069325,-0.450055,1.60668,0.069325,-0.511858,0,0.43056,-0.511858,1.60042,0.00172806,-0.445079,0,0.43056,-0.445079,1.60042,0.00172806,-0.511858,1.62085,0.0779448,-0.445079,1.62085,0.0779448,-0.445079,1.60042,0.00172806,-0.511858,1.60042,0.00172806,-0.511858,1.62085,0.0779448,-0.511858,0.0204222,0.506777,-0.445079,1.62085,0.0779448,-0.445079,0.0204222,0.506777,-0.511858,0.0204222,0.506777,-0.511858,0,0.43056,-0.445079,0.0204222,0.506777,-0.445079,0,0.43056,-0.511858,1.60042,0.00172806,-0.511858,0.0204222,0.506777,-0.511858,1.62085,0.0779448,-0.511858,0,0.43056,-0.445079,0,0.43056,-0.445079,1.60042,0.00172806,-0.445079,0.0204222,0.506777,-0.445079,1.62085,0.0779448,0.511858,1.60042,0.00172806,0.511858,0,0.43056,0.445079,0,0.43056,0.445079,1.60042,0.00172806,0.511858,1.62085,0.0779448,0.445079,1.60042,0.00172806,0.445079,1.62085,0.0779448,0.511858,1.60042,0.00172806,0.511858,0.0204222,0.506777,0.511858,1.62085,0.0779448,0.445079,1.62085,0.0779448,0.445079,0.0204222,0.506777,0.511858,0.0204222,0.506777,0.445079,0.0204222,0.506777,0.511858,0,0.43056,0.445079,0,0.43056,0.511858,0.0204222,0.506777,0.511858,1.60042,0.00172806,0.511858,1.62085,0.0779448,0.511858,0,0.43056,0.445079,1.60042,0.00172806,0.445079,0.0204222,0.506777,0.445079,1.62085,0.0779448,0.445079,0,0.43056,-0.450055,0.279854,0.367988,0.450055,0.344357,0.350705,0.450055,0.279854,0.367988,-0.450055,0.344357,0.350705,-0.450055,0.294068,0.42104,0.450055,0.294068,0.42104,-0.450055,0.358572,0.403756,0.450055,0.358572,0.403756,-0.450055,0.294068,0.42104,0.450055,0.279854,0.367988,0.450055,0.294068,0.42104,-0.450055,0.279854,0.367988,0.450055,0.344357,0.350705,-0.450055,0.344357,0.350705,0.450055,0.358572,0.403756,-0.450055,0.358572,0.403756,-0.444318,1.53347,0.047286,-0.444318,0.343159,0.366229,0.448089,1.53347,0.047286,0.448089,0.343159,0.366229,0.508831,1.08586,0.184709,0.508831,1.08586,-0.171758,0.53235,1.08586,0.184709,0.53235,1.08586,-0.171758,0.508831,1.14425,0.184709,0.508831,1.08586,0.184709,0.53235,1.14425,0.184709,0.53235,1.08586,0.184709,0.53235,1.14425,-0.171758,0.508831,1.14425,0.184709,0.53235,1.14425,0.184709,0.508831,1.14425,-0.171758,0.508831,1.08586,-0.171758,0.508831,1.14425,-0.171758,0.53235,1.08586,-0.171758,0.53235,1.14425,-0.171758,0.53235,1.08586,0.184709,0.53235,1.14425,-0.171758,0.53235,1.14425,0.184709,0.53235,1.08586,-0.171758,0.508831,1.14425,0.184709,0.508831,1.14425,-0.171758,0.508831,1.08586,0.184709,0.508831,1.08586,-0.171758,-0.53235,1.08586,0.184709,-0.508831,1.08586,-0.171758,-0.508831,1.08586,0.184709,-0.53235,1.08586,-0.171758,-0.53235,1.14425,0.184709,-0.508831,1.08586,0.184709,-0.508831,1.14425,0.184709,-0.53235,1.08586,0.184709,-0.53235,1.14425,-0.171758,-0.53235,1.14425,0.184709,-0.508831,1.14425,0.184709,-0.508831,1.14425,-0.171758,-0.53235,1.08586,-0.171758,-0.508831,1.14425,-0.171758,-0.508831,1.08586,-0.171758,-0.53235,1.14425,-0.171758,-0.53235,1.08586,0.184709,-0.53235,1.14425,-0.171758,-0.53235,1.08586,-0.171758,-0.53235,1.14425,0.184709,-0.508831,1.08586,0.184709,-0.508831,1.14425,-0.171758,-0.508831,1.14425,0.184709,-0.508831,1.08586,-0.171758]},"normal":{"type":"float32","components":3,