{"model":{"version":3,"nodes":[{"name":"RootNode","position":[0,0,0],"rotation":[0,0,0],"scale":[0.01,0.01,0.01],"scaleCompensation":false},{"name":"Box","position":[0,0,0],"rotation":[-90,0,0],"scale":[0.234817,0.234817,0.234817],"scaleCompensation":false}],"parents":[-1,0],"skins":[],"morphs":[],"vertices":[{"position":{"type":"float32","components":3,"data":[-76.5,76.5,-2.25837,76.5,100,-2.25837,76.5,76.5,-2.25837,-76.5,100,-2.25837,100,-76.5,197.742,76.5,-76.5,197.742,76.5,-100,197.742,100,-100,197.742,71.0043,-90.7058,168.746,-71.0043,-90.7058,168.746,71.0043,-90.7058,26.7374,-71.0043,-90.7058,26.7374,90.7058,71.0043,168.746,90.7058,-71.0043,168.746,90.7058,71.0043,26.7374,90.7058,-71.0043,26.7374,-71.0043,90.7058,168.746,71.0043,90.7058,168.746,-71.0043,90.7058,26.7374,71.0043,90.7058,26.7374,-90.7058,-71.0043,168.746,-90.7058,71.0043,168.746,-90.7058,-71.0043,26.7374,-90.7058,71.0043,26.7374,-76.5,-100,174.242,76.5,-100,174.242,-76.5,-100,197.742,76.5,-100,197.742,-76.5,-100,21.2416,76.5,-100,-2.25837,76.5,-100,21.2416,-76.5,-100,-2.25837,100,-76.5,174.242,100,76.5,174.242,100,-76.5,197.742,100,76.5,197.742,100,-76.5,21.2416,100,76.5,-2.25837,100,76.5,21.2416,100,-76.5,-2.25837,76.5,100,174.242,-76.5,100,174.242,76.5,100,197.742,-76.5,100,197.742,76.5,100,21.2416,-76.5,100,-2.25837,-76.5,100,21.2416,76.5,100,-2.25837,-100,76.5,174.242,-100,-76.5,174.242,-100,76.5,197.742,-100,-76.5,197.742,-100,76.5,21.2416,-100,-76.5,-2.25837,-100,-76.5,21.2416,-100,76.5,-2.25837,-100,-100,174.242,-100,-100,21.2416,100,-100,21.2416,100,-100,174.242,100,-100,174.242,100,-100,21.2416,100,100,21.2416,100,100,174.242,100,100,174.242,100,100,21.2416,-100,100,21.2416,-100,100,174.242,-100,100,174.242,-100,100,21.2416,-100,-100,21.2416,-100,-100,174.242,-100,-100,197.742,100,-100,197.742,100,-100,-2.25837,-100,-100,-2.25837,100,-100,197.742,100,100,197.742,100,100,-2.25837,100,-100,-2.25837,100,100,197.742,-100,100,197.742,-100,100,-2.25837,100,100,-2.25837,-100,100,197.742,-100,-100,197.742,-100,-100,-2.25837,-100,100,-2.25837,-76.5,-76.5,197.742,-76.5,-100,197.742,-100,-76.5,197.742,-100,-100,197.742,100,76.5,197.742,76.5,76.5,197.742,-71.0043,-71.0043,188.447,71.0043,71.0043,188.447,-71.0043,71.0043,188.447,71.0043,-71.0043,188.447,-100,76.5,197.742,-76.5,76.5,197.742,76.5,100,197.742,100,100,197.742,-76.5,100,197.742,-100,100,197.742,-100,76.5,-2.25837,-100,100,-2.25837,100,76.5,-2.25837,100,100,-2.25837,76.5,-100,-2.25837,100,-76.5,-2.25837,100,-100,-2.25837,76.5,-76.5,-2.25837,-76.5,-100,-2.25837,-76.5,-76.5,-2.25837,-100,-100,-2.25837,-100,-76.5,-2.25837,-71.0043,-71.0043,7.03584,71.0043,71.0043,7.03584,71.0043,-71.0043,7.03584,-71.0043,71.0043,7.03584,76.5,-100,174.242,-76.5,-100,174.242,-71.0043,-90.7058,168.746,71.0043,-90.7058,168.746,-71.0043,-90.7058,26.7374,-71.0043,-90.7058,168.746,-76.5,-100,174.242,-76.5,-100,21.2416,-76.5,-100,21.2416,76.5,-100,21.2416,71.0043,-90.7058,26.7374,-71.0043,-90.7058,26.7374,71.0043,-90.7058,168.746,76.5,-100,21.2416,76.5,-100,174.242,71.0043,-90.7058,26.7374,90.7058,-71.0043,168.746,100,76.5,174.242,100,-76.5,174.242,90.7058,71.0043,168.746,90.7058,-71.0043,26.7374,90.7058,-71.0043,168.746,100,-76.5,174.242,100,-76.5,21.2416,90.7058,71.0043,26.7374,100,-76.5,21.2416,100,76.5,21.2416,90.7058,-71.0043,26.7374,90.7058,71.0043,168.746,100,76.5,21.2416,100,76.5,174.242,90.7058,71.0043,26.7374,-76.5,100,174.242,76.5,100,174.242,71.0043,90.7058,168.746,-71.0043,90.7058,168.746,71.0043,90.7058,26.7374,71.0043,90.7058,168.746,76.5,100,174.242,76.5,100,21.2416,76.5,100,21.2416,-76.5,100,21.2416,-71.0043,90.7058,26.7374,71.0043,90.7058,26.7374,-71.0043,90.7058,168.746,-76.5,100,21.2416,-76.5,100,174.242,-71.0043,90.7058,26.7374,-90.7058,71.0043,168.746,-90.7058,-71.0043,168.746,-100,-76.5,174.242,-100,76.5,174.242,-90.7058,71.0043,26.7374,-90.7058,71.0043,168.746,-100,76.5,174.242,-100,76.5,21.2416,-90.7058,-71.0043,26.7374,-90.7058,71.0043,26.7374,-100,76.5,21.2416,-100,-76.5,21.2416,-90.7058,-71.0043,168.746,-100,-76.5,21.2416,-100,-76.5,174.242,-90.7058,-71.0043,26.7374,-76.5,-76.5,197.742,76.5,-76.5,197.742,71.0043,-71.0043,188.447,-71.0043,-71.0043,188.447,76.5,-76.5,197.742,76.5,76.5,197.742,71.0043,71.0043,188.447,71.0043,-71.0043,188.447,76.5,76.5,197.742,-76.5,76.5,197.742,-71.0043,71.0043,188.447,71.0043,71.0043,188.447,-76.5,76.5,197.742,-76.5,-76.5,197.742,-71.0043,-71.0043,188.447,-71.0043,71.0043,188.447,-76.5,-76.5,-2.25837,-76.5,76.5,-2.25837,-71.0043,71.0043,7.03584,-71.0043,-71.0043,7.03584,-76.5,76.5,-2.25837,76.5,76.5,-2.25837,71.0043,71.0043,7.03584,-71.0043,71.0043,7.03584,76.5,76.5,-2.25837,76.5,-76.5,-2.25837,71.0043,-71.0043,7.03584,71.0043,71.0043,7.03584,76.5,-76.5,-2.25837,-76.5,-76.5,-2.25837,-71.0043,-71.0043,7.03584,71.0043,-71.0043,7.03584]},"normal":{"type":"float32","components":3,"data":[0,0,-1,0,0,-1,0,0,-1,0,0,-1,0,0,1,0,0,1,0,0,1,0,0,1,0,-1,0,0,-1,0,0,-1,0,0,-1,0,1,0,0,1,0,0,1,0,0,1,0,0,0,1,0,0,1,0,0,1,0,0,1,0,-1,0,0,-1,0,0,-1,0,0,-1,0,0,0,-1,0,0,-1,0,0,-1,0,0,-1,0,0,-1,0,0,-1,0,0,-1,0,0,-1,0,1,0,0,1,0,0,1,0,0,1,0,0,1,0,0,1,0,0,1,0,0,1,0,0,0,1,0,0,1,0,0,1,0,0,1,0,0,1,0,0,1,0,0,1,0,0,1,0,-1,0,0,-1,0,0,-1,0,0,-1,0,0,-1,0,0,-1,0,0,-1,0,0,-1,0,0,0,-1,0,0,-1,0,0,-1,0,0,-1,0,1,0,0,1,0,0,1,0,0,1,0,0,0,1,0,0,1,0,0,1,0,0,1,0,-1,0,0,-1,0,0,-1,0,0,-1,0,0,0,-1,0,0,-1,0,0,-1,0,0,-1,0,1,0,0,1,0,0,1,0,0,1,0,0,0,1,0,0,1,0,0,1,0,0,1,0,-1,0,0,-1,0,0,-1,0,0,-1,0,0,0,0,1,0,0,1,0,0,1,0,0,1,0,0,1,0,0,1,0,0,1,0,0,1,0,0,1,0,0,1,0,0,1,0,0,1,0,0,1,0,0,1,0,0,1,0,0,1,0,0,-1,0,0,-1,0,0,-1,0,0,-1,0,0,-1,0,0,-1,0,0,-1,0,0,-1,0,0,-1,0,0,-1,0,0,-1,0,0,-1,0,0,-1,0,0,-1,0,0,-1,0,0,-1,0,-0.508983,-0.860777,0,-0.508983,-0.860777,0,-0.508983,-0.860777,0,-0.508983,-0.860777,0.860777,-0.508983,0,0.860777,-0.508983,0,0.860777,-0.508983,0,0.860777,-0.508983,0,0,-0.508983,0.860777,0,-0.508983,0.860777,0,-0.508983,0.860777,0,-0.508983,0.860777,-0.860777,-0.508983,0,-0.860777,-0.508983,0,-0.860777,-0.508983,0,-0.860777,-0.508983,0,0.508983,0,-0.860777,0.508983,0,-0.860777,0.508983,0,-0.860777,0.508983,0,-0.860777,0.508983,0.860777,0,0.508983,0.860777,0,0.508983,0.860777,0,0.508983,0.860777,0,0.508983,0,0.860777,0.508983,0,0.860777,0.508983,0,0.860777,0.508983,0,0.860777,0.508983,-0.860777,0,0.508983,-0.860777,0,0.508983,-0.860777,0,0.508983,-0.860777,0,0,0.508983,-0.860777,0,0.508983,-0.860777,0,0.508983,-0.860777,0,0.508983,-0.860777,-0.860777,0.508983,0,-0.860777,0.508983,0,-0.860777,0.508983,0,-0.860777,0.508983,0,0,0.508983,0.860777,0,0.508983,0.860777,0,0.508983,0.860777,0,0.508983,0.860777,0.860777,0.508983,0,0.860777,0.508983,0,0.860777,0.508983,0,0.860777,0.508983,0,-0.508983,0,-0.860777,-0.508983,0,-0.860777,-0.508983,0,-0.860777,-0.508983,0,-0.860777,-0.508983,-0.860777,0,-0.508983,-0.860777,0,-0.508983,-0.860777,0,-0.508983,-0.860777,0,-0.508983,0,0.860777,-0.508983,0,0.860777,-0.508983,0,0.860777,-0.508983,0,0.860777,-0.508983,0.860777,0,-0.508983,0.860777,0,-0.508983,0.860777,0,-0.508983,0.860777,0,0,0.860777,0.508983,0,0.860777,0.508983,0,0.860777,0.508983,0,0.860777,0.508983,-0.860777,0,0.508983,-0.860777,0,0.508983,-0.860777,0,0.508983,-0.860777,0,0.508983,0,-0.860777,0.508983,0,-0.860777,0.508983,0,-0.860777,0.508983,0,-0.860777,0.508983,0.860777,0,0.508983,0.860777,0,0.508983,0.860777,0,0.508983,0.860777,0,0.508983,0.860776,6.70643e-08,-0.508983,0.860776,6.70643e-08,-0.508983,0.860776,6.70643e-08,-0.508983,0.860776,6.70643e-08,-0.508983,0,-0.860777,-0.508983,0,-0.860777,-0.508983,0,-0.860776,-0.508983,0,-0.860776,-0.508983,-0.860777,0,-0.508983,-0.860777,0,-0.508983,-0.860776,0,-0.508983,-0.860776,0,-0.508983,0,0.860777,-0.508983,0,0.860777,-0.508983,0,0.860777,-0.508983,0,0.860776,-0.508983]},"texCoord0":{"type":"float32","components":2,