{"model":{"version":3,"nodes":[{"name":"RootNode","position":[0,0,0],"rotation":[0,0,0],"scale":[0.01,0.01,0.01],"scaleCompensation":false},{"name":"Billboard_02","position":[0,0,0],"rotation":[0,0,0],"scale":[1,1,1],"scaleCompensation":false}],"parents":[-1,0],"skins":[],"morphs":[],"vertices":[{"position":{"type":"float32","components":3,"data":[0,4.3453,-0.00442886,-2.52529,4.3453,-0.00442886,-2.52529,1.40892,-0.00442886,0,1.40892,-0.00442886,-2.52529,4.3453,-0.00442886,0,4.3453,-0.00442886,0,4.3453,-0.218153,-2.52529,4.3453,-0.218153,0,1.40892,-0.218153,-2.52529,1.40892,-0.218153,-2.52529,4.3453,-0.218153,0,4.3453,-0.218153,0,1.40892,-0.00442886,-2.52529,1.40892,-0.00442886,-2.52529,1.40892,-0.218153,0,1.40892,-0.218153,2.52529,1.40892,-0.218153,2.52529,4.3453,-0.218153,2.52529,1.40892,-0.00442886,2.52529,4.3453,-0.00442886,-2.52529,4.3453,-0.00442886,-2.52529,1.40892,-0.218153,-2.52529,1.40892,-0.00442886,-2.52529,4.3453,-0.218153,2.52529,4.3453,-0.00442886,2.52529,4.3453,-0.218153,2.52529,1.40892,-0.218153,2.52529,4.3453,-0.218153,2.52529,1.40892,-0.218153,2.52529,1.40892,-0.00442886,2.52529,4.3453,-0.00442886,2.52529,1.40892,-0.00442886,1.93596,3.8982,0.218155,2.1326,3.8982,0.218155,1.93596,3.8982,0.0319977,2.1326,3.8982,0.0319977,1.93596,0,0.218155,1.93596,3.8982,0.218155,1.93596,3.8982,0.0319977,1.93596,0,0.0319977,2.1326,0,0.218155,2.1326,3.8982,0.218155,1.93596,3.8982,0.218155,1.93596,0,0.218155,2.1326,3.8982,0.218155,2.1326,0,0.218155,2.1326,0,0.0319977,2.1326,3.8982,0.0319977,1.93596,3.8982,0.0319977,2.1326,0,0.0319977,1.93596,0,0.0319977,2.1326,3.8982,0.0319977,-2.06248,3.8982,0.218155,-1.86584,3.8982,0.218155,-2.06248,3.8982,0.0319977,-1.86584,3.8982,0.0319977,-2.06248,0,0.218155,-2.06248,3.8982,0.218155,-2.06248,3.8982,0.0319977,-2.06248,0,0.0319977,-1.86584,0,0.218155,-1.86584,3.8982,0.218155,-2.06248,3.8982,0.218155,-2.06248,0,0.218155,-1.86584,3.8982,0.218155,-1.86584,0,0.218155,-1.86584,0,0.0319977,-1.86584,3.8982,0.0319977,-2.06248,3.8982,0.0319977,-1.86584,0,0.0319977,-2.06248,0,0.0319977,-1.86584,3.8982,0.0319977]},"normal":{"type":"float32","components":3,"data":[0,0,1,0,0,1,0,0,1,0,0,1,0,1,0,0,1,0,0,1,0,0,1,0,0,0,-1,0,0,-1,0,0,-1,0,0,-1,0,-1,0,0,-1,0,0,-1,0,0,-1,0,1,0,0,1,0,0,1,0,0,1,0,0,-1,0,0,-1,0,0,-1,0,0,-1,0,0,0,1,0,0,1,0,0,0,-1,0,0,-1,0,-1,0,0,-1,0,0,0,1,0,0,1,0,1,0,0,1,0,0,1,0,0,1,0,-1,0,-4.44089e-16,-1,0,-4.44089e-16,-1,0,-4.44089e-16,-1,0,-4.44089e-16,-4.44089e-16,0,1,-4.44089e-16,0,1,-4.44089e-16,0,1,-4.44089e-16,0,1,1,0,4.44089e-16,1,0,4.44089e-16,1,0,4.44089e-16,1,0,4.44089e-16,4.44089e-16,0,-1,4.44089e-16,0,-1,4.44089e-16,0,-1,4.44089e-16,0,-1,0,1,0,0,1,0,0,1,0,0,1,0,-1,0,-4.44089e-16,-1,0,-4.44089e-16,-1,0,-4.44089e-16,-1,0,-4.44089e-16,-4.44089e-16,0,1,-4.44089e-16,0,1,-4.44089e-16,0,1,-4.44089e-16,0,1,1,0,4.44089e-16,1,0,4.44089e-16,1,0,4.44089e-16,1,0,4.44089e-16,4.44089e-16,0,-1,4.44089e-16,0,-1,4.44089e-16,0,-1,4.44089e-16,0,-1]},"color":{"type":"uint8","components":4,"data":[255,255,255,255,255,255,255,255,255,255,255,255,255,255,255,255,255,255,255,255,255,255,255,255,255,255,255,255,255,255,255,255,255,255,255,255,255,255,255,255,255,255,255,255,255,255,255,255,255,255,255,255,255,255,255,255,255,255,255,255,255,255,255,255,255,255,255,255,255,255,255,255,255,255,255,255,255,255,255,255,255,255,255,255,255,255,255,255,255,255,255,255,255,255,255,255,255,255,255,255,255,255,255,255,255,255,255,255,255,255,255,255,255,255,255,255,255,255,255,255,255,255,255,255,255,255,255,255,255,255,255,255,255,255,255,255,255,255,255,255,255,255,255,255,255,255,255,255,255,255,255,255,255,255,255,255,255,255,255,255,255,255,255,255,255,255,255,255,255,255,255,255,255,255,255,255,255,255,255,255,255,255,255,255,255,255,255,255,255,255,255,255,255,255,255,255,255,255,255,255,255,255,255,255,255,255,255,255,255,255,255,255,255,255,255,255,255,255,255,255,255,255,255,255,255,255,255,255,255,255,255,255,255,255,255,255,255,255,255,255,255,255,255,255,255,255,255,255,255,255,255,255,255,255,255,255,255,255,255,255,255,255,255,255,255,255,255,255,255,255,255,255,255,255,255,255,255,255,255,255,255,255,255,255,255,255,255,255]},"texCoord0":{"type":"float32","components":2,"data":[0.50022,-0.0161187,0.148295,-0.0161187,0.148295,-0.0463147,0.500219,-0.0463147,1.22348,0.0848917,1.57541,0.0848917,1.57541,0.101545,1.22348,0.101545,0.50801,0.246799,0.989605,0.247346,0.991285,0.804989,0.507714,0.804193,1.57474,0.0244383,1.22282,0.0244383,1.22282,0.00738284,1.57474,0.00738284,1.80334,0.073962,1.39412,0.0739618,1.80334,0.0597095,1.39412,0.0597094,1.39412,0.0738926,1.80334,0.0596402,1.80334,0.0738927,1.39412,0.0596401,1.92733,0.0848917,1.92733,0.101545,0.0264151,0.246253,0.0241427,0.803396,1.92667,0.00738284,1.92667,0.0244384,0.852144,-0.0161187,0.852144,-0.0463147,0.679264,1.09506,0.679264,1.1015,0.722022,1.09506,0.722022,1.1015,0.461443,1.13322,0.461443,1.1198,0.457983,1.1198,0.457983,1.13322,0.581378,1.05542,0.581378,1.042,0.577724,1.042,0.577724,1.05542,0.454006,1.1198,0.454006,1.13322,0.457465,1.13322,0.457465,1.1198,0.58187,1.05113,0.585524,1.03772,0.58187,1.03772,0.585524,1.05113,0.679264,1.09506,0.679263,1.1015,0.722021,1.09506,0.722021,1.1015,0.461443,1.13322,0.461443,1.1198,0.457983,1.1198,0.457983,1.13322,0.581378,1.05542,0.581378,1.042,0.577724,1.042,0.577724,1.05542,0.454006,1.1198,0.454006,1.13322,0.457465,1.13322,0.457465,1.1198,0.58187,1.05113,0.585524,1.03772,0.58187,1.03772,0.585524,1.05113]}}],"meshes":[{"aabb":{"min":[-2.52529,0,-0.218153],"max":[2.52529,4.3453,0.218155]},"vertices":0,"indices":[0,1,2,0,2,3,4,5,6,4,6,7,8,9,10,8,10,11,12,13,14,12,14,15,16,17,18,19,18,17,20,21,22,21,20,23,5,24,25,5,25,6,26,8,27,8,11,27,15,28,12,29,12,28,30,0,31,0,3,31,32,33,34,33,35,34,36,37,38,36,38,39,40,41,42,42,43,40,44,45,46,44,46,47,48,49,50,49,48,51,52,53,54,53,55,54,56,57,58,56,58,59,60,61,62,62,63,60,64,65,66,64,66,67,68,69,70,69,68,71],"type":"triangles","base":0,"count":120}],"meshInstances":[{"node":1,"mesh":0}]}}