{"model":{"version":3,"nodes":[{"name":"RootNode","position":[0,0,0],"rotation":[0,0,0],"scale":[0.01,0.01,0.01],"scaleCompensation":false},{"name":"Bus_03_W03","position":[-46.3926,17.8792,100.898],"rotation":[-90,-0,0],"scale":[1,1,1],"scaleCompensation":false}],"parents":[-1,0],"skins":[],"morphs":[],"vertices":[{"position":{"type":"float32","components":3,"data":[-6.74279,5.52559,-17.006,6.74279,5.52559,-17.006,6.74279,-1.52588e-05,-17.8812,-6.74279,-1.52588e-05,-17.8812,-6.74279,10.5103,-14.4662,6.74279,10.5103,-14.4662,6.74279,5.52559,-17.006,6.74279,5.52559,-17.006,-6.74279,5.52559,-17.006,-6.74279,10.5103,-14.4662,-6.74279,14.4662,-10.5103,6.74279,14.4662,-10.5103,6.74279,10.5103,-14.4662,-6.74279,10.5103,-14.4662,-6.74279,17.006,-5.5256,6.74279,17.006,-5.5256,6.74279,14.4662,-10.5103,6.74279,14.4662,-10.5103,-6.74279,14.4662,-10.5103,-6.74279,17.006,-5.5256,-6.74279,17.8812,-3.8147e-06,6.74279,17.8812,-3.8147e-06,6.74279,17.006,-5.5256,6.74279,17.006,-5.5256,-6.74279,17.006,-5.5256,-6.74279,17.8812,-3.8147e-06,-6.74279,17.006,5.52559,6.74279,17.006,5.52559,6.74279,17.8812,-3.8147e-06,6.74279,17.8812,-3.8147e-06,-6.74279,17.8812,-3.8147e-06,-6.74279,17.006,5.52559,-6.74279,14.4662,10.5103,6.74279,14.4662,10.5103,6.74279,17.006,5.52559,6.74279,17.006,5.52559,-6.74279,17.006,5.52559,-6.74279,14.4662,10.5103,-6.74279,10.5103,14.4662,6.74279,10.5103,14.4662,6.74279,14.4662,10.5103,6.74279,14.4662,10.5103,-6.74279,14.4662,10.5103,-6.74279,10.5103,14.4662,-6.74279,5.52559,17.006,6.74279,5.52559,17.006,6.74279,10.5103,14.4662,6.74279,10.5103,14.4662,-6.74279,10.5103,14.4662,-6.74279,5.52559,17.006,-6.74279,-1.52588e-05,17.8812,6.74279,-1.52588e-05,17.8812,6.74279,5.52559,17.006,6.74279,5.52559,17.006,-6.74279,5.52559,17.006,-6.74279,-1.52588e-05,17.8812,-6.74279,-5.52562,17.006,6.74279,-5.52562,17.006,6.74279,-1.52588e-05,17.8812,6.74279,-1.52588e-05,17.8812,-6.74279,-1.52588e-05,17.8812,-6.74279,-5.52562,17.006,-6.74279,-10.5103,14.4662,6.74279,-10.5103,14.4662,6.74279,-5.52562,17.006,6.74279,-5.52562,17.006,-6.74279,-5.52562,17.006,-6.74279,-10.5103,14.4662,-6.74279,-14.4662,10.5103,6.74279,-14.4662,10.5103,6.74279,-10.5103,14.4662,6.74279,-10.5103,14.4662,-6.74279,-10.5103,14.4662,-6.74279,-14.4662,10.5103,-6.74279,-17.006,5.52558,6.74279,-17.006,5.52558,6.74279,-14.4662,10.5103,6.74279,-14.4662,10.5103,-6.74279,-14.4662,10.5103,-6.74279,-17.006,5.52558,-6.74279,-17.8812,-2.09808e-05,6.74279,-17.8812,-2.09808e-05,6.74279,-17.006,5.52558,6.74279,-17.006,5.52558,-6.74279,-17.006,5.52558,-6.74279,-17.8812,-2.09808e-05,-6.74279,-17.006,-5.52562,6.74279,-17.006,-5.52562,6.74279,-17.8812,-2.09808e-05,-6.74279,-17.8812,-2.09808e-05,-6.74279,-14.4662,-10.5103,6.74279,-14.4662,-10.5103,6.74279,-17.006,-5.52562,6.74279,-17.006,-5.52562,-6.74279,-17.006,-5.52562,-6.74279,-14.4662,-10.5103,-6.74279,-10.5103,-14.4662,6.74279,-10.5103,-14.4662,6.74279,-14.4662,-10.5103,6.74279,-14.4662,-10.5103,-6.74279,-14.4662,-10.5103,-6.74279,-10.5103,-14.4662,-6.74279,-5.52559,-17.006,6.74279,-5.52559,-17.006,6.74279,-10.5103,-14.4662,6.74279,-10.5103,-14.4662,-6.74279,-10.5103,-14.4662,-6.74279,-5.52559,-17.006,-6.74279,-1.52588e-05,-17.8812,6.74279,-1.52588e-05,-17.8812,6.74279,-5.52559,-17.006,6.74279,-5.52559,-17.006,-6.74279,-5.52559,-17.006,-6.74279,-1.52588e-05,-17.8812,-6.74279,5.33426,-10.4691,-6.74279,5.52559,-17.006,-6.74279,-1.52588e-05,-17.8812,-6.74279,-1.83807,-11.6051,-6.74279,10.5103,-14.4662,-6.74279,5.52559,-17.006,-6.74279,10.4691,-5.33428,-6.74279,14.4662,-10.5103,-6.74279,10.5103,-14.4662,-6.74279,5.33426,-10.4691,-6.74279,17.006,-5.5256,-6.74279,14.4662,-10.5103,-6.74279,10.4691,-5.33428,-6.74279,11.6051,1.83807,-6.74279,17.8812,-3.8147e-06,-6.74279,17.006,5.52559,-6.74279,11.6051,1.83807,-6.74279,8.30832,8.30833,-6.74279,14.4662,10.5103,-6.74279,10.5103,14.4662,-6.74279,1.83807,11.6051,-6.74279,5.52559,17.006,-6.74279,8.30832,8.30833,-6.74279,1.83807,11.6051,-6.74279,-1.52588e-05,17.8812,-6.74279,5.52559,17.006,-6.74279,-5.33427,10.4691,-6.74279,-5.52562,17.006,-6.74279,-1.52588e-05,17.8812,-6.74279,-10.5103,14.4662,-6.74279,-10.4691,5.33427,-6.74279,-14.4662,10.5103,-6.74279,-17.006,5.52558,-6.74279,-11.6051,-1.83808,-6.74279,-17.8812,-2.09808e-05,-6.74279,-17.006,-5.52562,-6.74279,-8.30832,-8.30835,-6.74279,-14.4662,-10.5103,-6.74279,-10.5103,-14.4662,-6.74279,-8.30832,-8.30835,-6.74279,-5.52559,-17.006,-6.74279,-1.52588e-05,-17.8812,-6.74279,-1.83807,-11.6051,-2.32075,2.85023,-5.59395,-6.74279,5.33426,-10.4691,-6.74279,-1.83807,-11.6051,-6.74279,-1.83807,-11.6051,-2.32075,-0.982132,-6.20094,-2.32075,2.85023,-5.59395,-2.32075,5.59395,-2.85026,-6.74279,10.4691,-5.33428,-6.74279,5.33426,-10.4691,-6.74279,5.33426,-10.4691,-2.32075,2.85023,-5.59395,-2.32075,5.59395,-2.85026,-2.32075,6.20091,0.982122,-6.74279,11.6051,1.83807,-6.74279,10.4691,-5.33428,-6.74279,10.4691,-5.33428,-2.32075,5.59395,-2.85026,-2.32075,6.20091,0.982122,-2.32075,4.43936,4.43937,-6.74279,8.30832,8.30833,-6.74279,11.6051,1.83807,-6.74279,11.6051,1.83807,-2.32075,6.20091,0.982122,-2.32075,4.43936,4.43937,-2.32075,0.982132,6.20093,-6.74279,1.83807,11.6051,-6.74279,8.30832,8.30833,-6.74279,8.30832,8.30833,-2.32075,4.43936,4.43937,-2.32075,0.982132,6.20093,-2.32075,-2.85027,5.59394,-6.74279,-5.33427,10.4691,-6.74279,1.83807,11.6051,-6.74279,1.83807,11.6051,-2.32075,0.982132,6.20093,-2.32075,-2.85027,5.59394,-2.32075,-5.59395,2.85024,-6.74279,-10.4691,5.33427,-6.74279,-5.33427,10.4691,-6.74279,-5.33427,10.4691,-2.32075,-2.85027,5.59394,-2.32075,-5.59395,2.85024,-2.32075,-6.20091,-0.982143,-6.74279,-11.6051,-1.83808,-6.74279,-10.4691,5.33427,-6.74279,-10.4691,5.33427,-2.32075,-5.59395,2.85024,-2.32075,-6.20091,-0.982143,-2.32075,-4.43938,-4.43939,-6.74279,-8.30832,-8.30835,-6.74279,-11.6051,-1.83808,-6.74279,-11.6051,-1.83808,-2.32075,-6.20091,-0.982143,-2.32075,-4.43938,-4.43939,-2.32075,-0.982132,-6.20094,-6.74279,-1.83807,-11.6051,-6.74279,-8.30832,-8.30835,-6.74279,-8.30832,-8.30835,-2.32075,-4.43938,-4.43939,-2.32075,-0.982132,-6.20094,-2.32075,2.85023,-5.59395,-2.32075,-0.982132,-6.20094,-2.32075,-1.52588e-05,-7.62939e-06,-2.32075,5.59395,-2.85026,-2.32075,6.20091,0.982122,-2.32075,4.43936,4.43937,-2.32075,0.982132,6.20093,-2.32075,-2.85027,5.59394,-2.32075,-5.59395,2.85024,-2.32075,-6.20091,-0.982143,-2.32075,-4.43938,-4.43939,-2.32075,-0.982132,-6.20094,-2.32075,-4.43938,-4.43939,6.74279,-1.52588e-05,-17.8812,6.74279,5.52559,-17.006,6.74279,-1.52588e-05,-7.62939e-06,6.74279,10.5103,-14.4662,6.74279,14.4662,-10.5103,6.74279,17.006,-5.5256,6.74279,17.8812,-3.8147e-06,6.74279,17.006,5.52559,6.74279,14.4662,10.5103,6.74279,10.5103,14.4662,6.74279,5.52559,17.006,6.74279,-1.52588e-05,17.8812,6.74279,-5.52562,17.006,6.74279,-10.5103,14.4662,6.74279,-14.4662,10.5103,6.74279,-17.006,5.52558,6.74279,-17.8812,-2.09808e-05,6.74279,-1.52588e-05,-7.62939e-06,6.74279,-17.006,-5.52562,6.74279,-14.4662,-10.5103,6.74279,-10.5103,-14.4662,6.74279,-5.52559,-17.006]},"normal":{"type":"float32","components":3,