{"model":{"version":3,"nodes":[{"name":"RootNode","position":[0,0,0],"rotation":[0,0,0],"scale":[0.01,0.01,0.01],"scaleCompensation":false},{"name":"RubbishPile_02","position":[0,0,0],"rotation":[0,0,0],"scale":[1,1,1],"scaleCompensation":false}],"parents":[-1,0],"skins":[],"morphs":[],"vertices":[{"position":{"type":"float32","components":3,"data":[0.407478,0.066008,0.617895,-0.373566,5.96046e-08,0.815926,0.566002,0,0.699938,-0.372955,0.0886102,0.700754,-0.553528,0.243597,-0.0703964,-0.774567,0.106546,-0.538248,-1.20763,0,-0.105116,-0.58725,0.0934127,-0.562296,-1.04189,0,-0.591106,1.42372,0.0318396,-0.176495,0.955399,0.0534194,0.294352,1.11643,0,0.32938,1.61159,0,-0.179123,1.0346,0.112216,-0.501081,-0.257942,0.0906557,-0.488993,1.11459,0,-0.591408,-0.701073,0.0824361,0.353226,-1.32087,0.0703613,0.427311,-0.698669,0,0.435503,-1.41701,0,0.508791,-1.37644,0.142584,0.284142,-1.55963,0,-0.00478935,-1.32557,0.142584,0.13497,-1.6116,5.96046e-08,0.278467,-0.86924,0,-0.766169,-0.557533,0,-0.815926,-0.204712,0,-0.591225,-0.0842972,0.212871,-0.0982189,0.374626,0.284711,-0.127977,-0.0846176,0.205343,0.0302219,0.36499,0.269095,0.132225,-0.117104,0.114767,0.232155]},"normal":{"type":"float32","components":3,"data":[0.0503806,0.924595,0.377607,-0.0785263,0.80219,0.591882,0.181373,0.895629,0.406143,-0.0177296,0.957408,0.288194,-0.0913877,0.99246,-0.0816823,-0.251208,0.950192,-0.18447,-0.210865,0.962163,-0.172562,-0.120489,0.959586,-0.254318,-0.284258,0.945911,-0.156365,0.231021,0.972121,-0.0401315,0.193726,0.949884,0.245337,0.217951,0.947912,0.232294,0.286071,0.957648,-0.0327678,0.0827622,0.912999,-0.399479,0.0175245,0.89681,-0.442068,0.140706,0.791482,-0.594775,-0.125056,0.900885,0.415652,-0.0579086,0.968676,0.241481,-0.27393,0.701359,0.658071,-0.149538,0.777245,0.61117,-0.229456,0.96744,-0.106813,-0.390513,0.877588,-0.278099,-0.198705,0.963124,-0.181407,-0.500995,0.865116,0.0240526,-0.111975,0.926733,-0.358647,0.0770543,0.912953,-0.400724,0.0417964,0.750703,-0.659317,0.0619362,0.981828,-0.179382,0.131725,0.988554,-0.0735457,-0.0330558,0.950699,0.308347,0.0823399,0.956276,0.280636,0.0551202,0.970794,0.233495]},"color":{"type":"uint8","components":4,"data":[255,255,255,255,255,255,255,255,255,255,255,255,255,255,255,255,255,255,255,255,255,255,255,255,255,255,255,255,255,255,255,255,255,255,255,255,255,255,255,255,255,255,255,255,255,255,255,255,255,255,255,255,255,255,255,255,255,255,255,255,255,255,255,255,255,255,255,255,255,255,255,255,255,255,255,255,255,255,255,255,255,255,255,255,255,255,255,255,255,255,255,255,255,255,255,255,255,255,255,255,255,255,255,255,255,255,255,255,255,255,255,255,255,255,255,255,255,255,255,255,255,255,255,255,255,255,255,255]},"texCoord0":{"type":"float32","components":2,"data":[0.221068,0.959537,0.350175,0.989726,0.194863,0.972044,0.350074,0.972169,0.379923,0.854614,0.416461,0.783293,0.488048,0.849321,0.385497,0.779627,0.46065,0.775235,0.053081,0.83844,0.130495,0.910216,0.103876,0.915556,0.0220261,0.838039,0.117403,0.788959,0.331062,0.790802,0.10418,0.77519,0.404312,0.91919,0.506766,0.930485,0.403916,0.931733,0.522658,0.942905,0.515952,0.908659,0.546233,0.864614,0.507542,0.885919,0.554823,0.907794,0.432111,0.748549,0.380585,0.740963,0.322264,0.775218,0.302359,0.850372,0.226498,0.845835,0.302412,0.869951,0.228091,0.885501,0.307781,0.900735]}}],"meshes":[{"aabb":{"min":[-1.6116,0,-0.815926],"max":[1.61159,0.284711,0.815926]},"vertices":0,"indices":[0,1,2,1,0,3,4,5,6,5,4,7,6,5,8,9,10,11,11,12,9,13,14,4,15,9,12,9,15,13,16,17,18,19,18,17,18,3,16,3,18,1,2,10,0,10,2,11,19,17,20,21,22,6,22,23,20,21,23,22,19,20,23,8,5,24,24,7,25,7,24,5,14,7,4,14,13,26,15,26,13,7,26,25,26,7,14,13,4,27,13,27,28,28,9,13,28,29,30,29,28,27,31,30,29,0,10,30,30,31,0,31,3,0,4,3,31,16,3,4,17,16,4,17,22,20,4,22,17,22,4,6,30,10,28,10,9,28,29,27,4,31,29,4],"type":"triangles","base":0,"count":144}],"meshInstances":[{"node":1,"mesh":0}]}}