{"model":{"version":3,"nodes":[{"name":"RootNode","position":[0,0,0],"rotation":[0,0,0],"scale":[0.01,0.01,0.01],"scaleCompensation":false},{"name":"Sign_Hotel","position":[0,0,0],"rotation":[0,0,0],"scale":[1,1,1],"scaleCompensation":false}],"parents":[-1,0],"skins":[],"morphs":[],"vertices":[{"position":{"type":"float32","components":3,"data":[-1.92982,-3.26853,0.0548668,-1.92982,-3.10997,0.0548668,-1.92982,-3.10997,-0.0548592,-1.92982,-3.26854,-0.0548592,-1.82226,-3.10997,0.0548668,-1.92982,-3.10997,0.0548668,-1.82226,-3.26853,0.0548668,-1.92982,-3.26853,0.0548668,-1.82226,-3.26853,0.0548668,-1.82226,-3.10997,-0.0548592,-1.82226,-3.10997,0.0548668,-1.82226,-3.26854,-0.0548592,-1.92982,-3.26854,-0.0548592,-1.82226,-3.10997,-0.0548592,-1.82226,-3.26854,-0.0548592,-1.92982,-3.10997,-0.0548592,-0.547863,-3.26853,0.0548668,-0.547863,-3.10997,-0.0548592,-0.547863,-3.10997,0.0548668,-0.547863,-3.26854,-0.0548592,-0.655426,-3.10997,0.0548668,-0.655426,-3.26853,0.0548668,-0.547863,-3.10997,0.0548668,-0.547863,-3.26853,0.0548668,-0.655426,-3.26853,0.0548668,-0.655426,-3.10997,-0.0548592,-0.655426,-3.26854,-0.0548592,-0.655426,-3.10997,0.0548668,-0.547863,-3.26854,-0.0548592,-0.655426,-3.26854,-0.0548592,-0.655426,-3.10997,-0.0548592,-0.547863,-3.10997,-0.0548592,-2.2791,-3.78368,0.106861,-0.19886,-3.78368,0.106871,-2.2791,-3.26854,0.106861,-0.19886,-3.26854,0.106871,-2.2791,-3.26854,0.106861,-0.19886,-3.26854,-0.106852,-2.2791,-3.26854,-0.106869,-0.19886,-3.26854,0.106871,-2.2791,-3.26854,-0.106869,-0.19886,-3.26854,-0.106852,-2.2791,-3.78368,-0.106869,-0.19886,-3.78368,-0.106852,-2.2791,-3.78368,-0.106869,-0.19886,-3.78368,-0.106852,-2.2791,-3.78368,0.106861,-0.19886,-3.78368,0.106871,-0.19886,-3.78368,-0.106852,-0.19886,-3.26854,-0.106852,-0.19886,-3.78368,0.106871,-0.19886,-3.26854,0.106871,-2.2791,-3.26854,0.106861,-2.2791,-3.78368,-0.106869,-2.2791,-3.78368,0.106861,-2.2791,-3.26854,-0.106869,-0.430481,-3.10997,0.106869,-0.430481,3.78368,0.106869,-2.04748,3.78368,0.106869,-2.04748,-3.10997,0.106869,-2.04748,3.78368,0.106869,-0.430481,3.78368,-0.106853,-2.04748,3.78368,-0.106861,-0.430481,3.78368,0.106869,-0.430481,3.78368,-0.106853,-0.430481,-3.10997,-0.106853,-2.04748,-3.10997,-0.106861,-2.04748,3.78368,-0.106861,-2.04748,-3.10997,-0.106861,-0.430481,-3.10997,-0.106853,-2.04748,-3.10997,0.106869,-0.430481,-3.10997,0.106869,-0.430481,-3.10997,-0.106853,-0.430481,3.78368,-0.106853,-0.430481,-3.10997,0.106869,-0.430481,3.78368,0.106869,-2.04748,3.78368,0.106869,-2.04748,-3.10997,-0.106861,-2.04748,-3.10997,0.106869,-2.04748,3.78368,-0.106861,-0.186157,3.6144,0.0983238,0,3.6144,0.0983238,0,3.6144,-0.0983162,-0.186157,3.6144,-0.0983162,-0.186157,3.6144,0.0983238,-0.186157,-3.01617,0.0983238,0,3.6144,0.0983238,0,-3.01617,0.0983238,0,3.6144,-0.0983162,0,-3.01617,-0.0983162,-0.186157,-3.01617,-0.0983162,-0.186157,3.6144,-0.0983162,-0.186157,3.46729,0.0548668,-0.186157,3.6144,0.0983238,-0.186157,3.57485,0.0548668,-0.186157,3.6144,-0.0983162,-0.186157,3.57485,-0.0548592,-0.186157,-3.01617,-0.0983162,-0.430473,3.57485,0.0548668,-0.186157,3.57485,0.0548668,-0.186157,3.57485,-0.0548592,-0.430481,3.57485,-0.0548592,-0.186157,3.57485,0.0548668,-0.430473,3.57485,0.0548668,-0.430473,3.46729,0.0548668,-0.186157,3.46729,0.0548668,-0.430473,3.46729,0.0548668,-0.186157,3.46729,-0.0548592,-0.186157,3.46729,0.0548668,-0.430481,3.46729,-0.0548592,-0.430481,3.57485,-0.0548592,-0.186157,3.46729,-0.0548592,-0.430481,3.46729,-0.0548592,-0.186157,3.57485,-0.0548592,-0.186157,-3.01617,0.0983238,0,-3.01617,-0.0983162,0,-3.01617,0.0983238,-0.186157,-3.01617,-0.0983162,-0.186157,-2.86905,0.0548668,-0.186157,-2.97661,0.0548668,-0.186157,-3.01617,0.0983238,-0.186157,-3.01617,-0.0983162,-0.186157,-2.97661,-0.0548592,-0.186157,3.46729,-0.0548592,-0.186157,-2.86905,-0.0548592,-0.430473,-2.97661,0.0548668,-0.186157,-2.97661,-0.0548592,-0.186157,-2.97661,0.0548668,-0.430481,-2.97661,-0.0548592,-0.430473,-2.86905,0.0548668,-0.186157,-2.97661,0.0548668,-0.186157,-2.86905,0.0548668,-0.430473,-2.97661,0.0548668,-0.186157,-2.86905,-0.0548592,-0.430473,-2.86905,0.0548668,-0.186157,-2.86905,0.0548668,-0.430481,-2.86905,-0.0548592,-0.430481,-2.97661,-0.0548592,-0.186157,-2.86905,-0.0548592,-0.186157,-2.97661,-0.0548592,-0.430481,-2.86905,-0.0548592,-0.430473,0.245337,0.0548668,-0.186157,0.245337,-0.0548592,-0.186157,0.245337,0.0548668,-0.430481,0.245337,-0.0548592,-0.430473,0.352899,0.0548668,-0.186157,0.245337,0.0548668,-0.186157,0.352899,0.0548668,-0.430473,0.245337,0.0548668,-0.186157,0.352899,-0.0548592,-0.430473,0.352899,0.0548668,-0.186157,0.352899,0.0548668,-0.430481,0.352899,-0.0548592,-0.430481,0.245337,-0.0548592,-0.186157,0.352899,-0.0548592,-0.186157,0.245337,-0.0548592,-0.430481,0.352899,-0.0548592]},"normal":{"type":"float32","components":3,"data":[-1,7.23121e-07,-2.22045e-16,-1,2.22045e-16,-2.22045e-16,-1,2.22045e-16,-2.22045e-16,-1,7.23121e-07,-2.22045e-16,-2.22045e-16,-4.44089e-16,1,-2.22045e-16,-4.44089e-16,1,-2.22045e-16,0,1,-2.22045e-16,0,1,1,-2.22045e-16,2.22045e-16,1,-2.22045e-16,2.22045e-16,1,-2.22045e-16,2.22045e-16,1,-2.22045e-16,2.22045e-16,2.22045e-16,9.52172e-07,-1,2.22045e-16,4.44089e-16,-1,2.22045e-16,9.52172e-07,-1,2.22045e-16,4.44089e-16,-1,1,7.23121e-07,2.22045e-16,1,-2.22045e-16,2.22045e-16,1,-2.22045e-16,2.22045e-16,1,7.23121e-07,2.22045e-16,-2.22045e-16,-4.44089e-16,1,-2.22045e-16,0,1,-2.22045e-16,-4.44089e-16,1,-2.22045e-16,0,1,-1,2.22045e-16,-2.22045e-16,-1,2.22045e-16,-2.22045e-16,-1,2.22045e-16,-2.22045e-16,-1,2.22045e-16,-2.22045e-16,2.22045e-16,9.52172e-07,-1,2.22045e-16,9.52172e-07,-1,2.22045e-16,4.44089e-16,-1,2.22045e-16,4.44089e-16,-1,0,0,1,0,0,1,0,0,1,0,0,1,0,1,0,0,1,0,0,1,0,0,1,0,0,0,-1,0,0,-1,0,0,-1,0,0,-1,0,-1,0,0,-1,0,0,-1,0,0,-1,0,1,0,0,1,0,0,1,0,0,1,0,0,-1,0,0,-1,0,0,-1,0,0,-1,0,0,0,0,1,0,0,1,0,0,1,0,0,1,0,1,0,0,1,0,0,1,0,0,1,0,0,0,-1,0,0,-1,0,0,-1,0,0,-1,0,-1,0,0,-1,0,0,-1,0,0,-1,0,1,0,0,1,0,0,1,0,0,1,0,0,-1,0,0,-1,0,0,-1,0,0,-1,0,0,0,1,0,0,1,0,0,1,0,0,1,0,-6.66134e-16,0,1,-6.66134e-16,0,1,-6.66134e-16,0,1,-6.66134e-16,0,1,6.66134e-16,0,-1,6.66134e-16,0,-1,6.66134e-16,0,-1,6.66134e-16,0,-1,-0.986608,0,-0.163112,-1,0,-6.66134e-16,-0.99715,-0.075446,-6.64235e-16,-1,0,-6.66134e-16,-0.986608,0,0.163111,-1,0,-6.66134e-16,7.23121e-07,1,1.60565e-22,0,1,0,0,1,0,7.23121e-07,1,1.60565e-22,-6.66134e-16,0,1,-2.22045e-16,0,1,-2.22045e-16,0,1,-6.66134e-16,0,1,0,-1,0,0,-1,0,0,-1,0,0,-1,0,9.52172e-07,0,-1,6.66134e-16,0,-1,9.52172e-07,0,-1,6.66134e-16,0,-1,0,-1,0,0,-1,0,0,-1,0,0,-1,0,-0.986608,0,-0.163112,-0.99715,0.075446,-6.64235e-16,-1,0,-6.66134e-16,-1,0,-6.66134e-16,-0.986608,0,0.163111,-0.99715,0.075447,-6.64235e-16,-0.99715,-0.075447,-6.64235e-16,7.23121e-07,-1,1.60565e-22,0,-1,0,0,-1,0,7.23121e-07,-1,1.60565e-22,-2.22045e-16,0,1,-6.66134e-16,0,1,-6.66134e-16,0,1,-2.22045e-16,0,1,0,1,0,0,1,0,0,1,0,0,1,0,9.52172e-07,0,-1,6.66134e-16,0,-1,6.66134e-16,0,-1,9.52172e-07,0,-1,7.23121e-07,-1,1.60565e-22,0,-1,0,0,-1,0,7.23121e-07,-1,1.60565e-22,-2.22045e-16,0,1,-6.66134e-16,0,1,-6.66134e-16,0,1,-2.22045e-16,0,1,0,1,0,0,1,0,0,1,0,0,1,0,9.52172e-07,0,-1,6.66134e-16,0,-1,6.66134e-16,0,-1,9.52172e-07,0,-1]},"color":{"type":"uint8","components":4,