{"model":{"version":3,"nodes":[{"name":"RootNode","position":[0,0,0],"rotation":[0,0,0],"scale":[0.01,0.01,0.01],"scaleCompensation":false},{"name":"Bus_01_W03","position":[0,4.81482e-31,3.30872e-21],"rotation":[0,0,0],"scale":[1,1,1],"scaleCompensation":false}],"parents":[-1,0],"skins":[],"morphs":[],"vertices":[{"position":{"type":"float32","components":3,"data":[-6.74277,-17.006,-5.5256,6.74277,-17.006,-5.5256,-6.74277,-17.8812,-1.52588e-05,6.74277,-17.8812,-1.52588e-05,-6.74277,-14.4662,-10.5103,6.74277,-14.4662,-10.5103,-6.74277,-10.5103,-14.4662,6.74277,-10.5103,-14.4662,-6.74277,-5.5256,-17.006,6.74277,-5.5256,-17.006,-6.74277,-1.90735e-06,-17.8812,6.74277,-1.90735e-06,-17.8812,-6.74277,5.52559,-17.006,6.74277,5.52559,-17.006,-6.74277,10.5103,-14.4662,6.74277,10.5103,-14.4662,-6.74277,14.4662,-10.5103,6.74277,14.4662,-10.5103,6.74277,17.006,-5.5256,-6.74277,17.006,-5.5256,6.74277,17.8812,-2.28882e-05,-6.74277,17.8812,-2.28882e-05,6.74277,17.006,5.52561,-6.74277,17.006,5.52561,6.74277,14.4662,10.5103,-6.74277,14.4662,10.5103,6.74277,10.5103,14.4662,-6.74277,10.5103,14.4662,-6.74277,5.52558,17.006,6.74277,5.52558,17.006,-6.74277,-2.09808e-05,17.8812,6.74277,-2.09808e-05,17.8812,-6.74277,-5.52561,17.006,6.74277,-5.52561,17.006,-6.74277,-10.5103,14.4662,6.74277,-10.5103,14.4662,-6.74277,-14.4662,10.5103,6.74277,-14.4662,10.5103,-6.74277,-17.006,5.52557,6.74277,-17.006,5.52557,-6.74277,-17.006,5.52557,6.74277,-17.006,5.52557,6.74277,-17.8812,-1.52588e-05,6.74277,-17.006,-5.5256,6.74277,-10.4691,-5.33427,6.74277,-11.6051,1.83806,6.74277,-14.4662,-10.5103,6.74277,-10.5103,-14.4662,6.74277,-5.33428,-10.4691,6.74277,-5.5256,-17.006,6.74277,1.83807,-11.6051,6.74277,-1.90735e-06,-17.8812,6.74277,5.52559,-17.006,6.74277,10.5103,-14.4662,6.74277,8.30833,-8.30833,6.74277,14.4662,-10.5103,6.74277,17.006,-5.5256,6.74277,11.6051,-1.83806,6.74277,17.8812,-2.28882e-05,6.74277,17.006,5.52561,6.74277,10.4691,5.33428,6.74277,14.4662,10.5103,6.74277,5.33427,10.4691,6.74277,10.5103,14.4662,6.74277,5.52558,17.006,6.74277,-2.09808e-05,17.8812,6.74277,-1.83808,11.605,6.74277,-5.52561,17.006,6.74277,-8.30834,8.30832,6.74277,-10.5103,14.4662,6.74277,-14.4662,10.5103,6.74277,-17.006,5.52557,2.32076,-6.20094,0.982132,2.32076,-5.59394,-2.85025,2.32076,-2.85026,-5.59393,2.32076,0.982123,-6.20094,2.32076,4.43937,-4.43941,2.32076,6.20092,-0.982155,2.32076,5.59393,2.85025,2.32076,2.85024,5.59394,2.32076,-0.982142,6.20091,2.32076,-4.43939,4.43937,2.32076,-6.67572e-06,-1.52588e-05,-6.74277,-17.006,-5.5256,-6.74277,-17.8812,-1.52588e-05,-6.74277,-6.67572e-06,-1.52588e-05,-6.74277,-14.4662,-10.5103,-6.74277,-10.5103,-14.4662,-6.74277,-5.5256,-17.006,-6.74277,-1.90735e-06,-17.8812,-6.74277,5.52559,-17.006,-6.74277,10.5103,-14.4662,-6.74277,14.4662,-10.5103,-6.74277,17.006,-5.5256,-6.74277,17.8812,-2.28882e-05,-6.74277,17.006,5.52561,-6.74277,14.4662,10.5103,-6.74277,10.5103,14.4662,-6.74277,5.52558,17.006,-6.74277,-2.09808e-05,17.8812,-6.74277,-5.52561,17.006,-6.74277,-10.5103,14.4662,-6.74277,-14.4662,10.5103,-6.74277,-17.006,5.52557]},"normal":{"type":"float32","components":3,"data":[0,-0.951057,-0.309016,0,-0.951057,-0.309016,0,-1,-7.77974e-07,0,-1,-7.77974e-07,0,-0.809016,-0.587786,0,-0.809016,-0.587786,0,-0.587784,-0.809018,0,-0.587784,-0.809018,0,-0.309018,-0.951056,0,-0.309018,-0.951056,0,-6.72324e-07,-1,0,-6.72324e-07,-1,0,0.309018,-0.951056,0,0.309018,-0.951056,0,0.587785,-0.809017,0,0.587785,-0.809017,0,0.809016,-0.587786,0,0.809016,-0.587786,0,0.951057,-0.309016,0,0.951057,-0.309016,0,1,-5.13847e-07,0,1,-5.13847e-07,0,0.951056,0.309018,0,0.951056,0.309018,0,0.809017,0.587785,0,0.809017,0.587785,0,0.587783,0.809019,0,0.587783,0.809019,0,0.309017,0.951056,0,0.309017,0.951056,0,-7.20348e-08,1,0,-7.20348e-08,1,0,-0.309019,0.951056,0,-0.309019,0.951056,0,-0.587785,0.809017,0,-0.587785,0.809017,0,-0.809018,0.587784,0,-0.809018,0.587784,0,-0.951057,0.309016,0,-0.951057,0.309016,0,-0.951057,0.309016,0,-0.951057,0.309016,1,0,0,1,0,0,0.962379,0.242095,0.123353,0.96238,0.268364,-0.0425045,1,0,0,1,0,0,0.96238,0.123353,0.242094,1,0,0,0.962379,-0.0425045,0.268364,1,0,0,1,0,0,1,0,0,0.962379,-0.192128,0.192128,1,0,0,1,0,0,0.962379,-0.268364,0.0425044,1,0,0,1,0,0,0.96238,-0.242094,-0.123353,1,0,0,0.96238,-0.123353,-0.242095,1,0,0,1,0,0,1,0,0,0.962379,0.0425052,-0.268366,1,0,0,0.96238,0.192127,-0.192128,1,0,0,1,0,0,1,0,0,0.920899,0.385002,-0.0609781,0.9209,0.347315,0.176966,0.9209,0.176966,0.347314,0.920899,-0.0609775,0.385001,0.920899,-0.275631,0.275632,0.920899,-0.385002,0.0609785,0.920899,-0.347315,-0.176966,0.920899,-0.176965,-0.347317,0.920899,0.0609785,-0.385003,0.920899,0.27563,-0.275632,1,0,0,-1,0,0,-1,0,0,-1,0,0,-1,0,0,-1,0,0,-1,0,0,-1,0,0,-1,0,0,-1,0,0,-1,0,0,-1,0,0,-1,0,0,-1,0,0,-1,0,0,-1,0,0,-1,0,0,-1,0,0,-1,0,0,-1,0,0,-1,0,0,-1,0,0]},"texCoord0":{"type":"float32","components":2,"data":[0.935181,0.272488,0.98325,0.27353,0.935622,0.252541,0.983691,0.253595,0.934743,0.292443,0.982813,0.293459,0.934316,0.312409,0.982387,0.313377,0.93391,0.332388,0.981982,0.333283,0.933537,0.352385,0.98161,0.353173,0.933211,0.372403,0.981287,0.373044,0.932951,0.392444,0.981029,0.392894,0.932777,0.412512,0.980857,0.412719,0.980791,0.432516,0.932712,0.432609,0.980862,0.452283,0.932784,0.452737,0.981097,0.472018,0.933025,0.472892,0.981518,0.491724,0.933457,0.493069,0.982146,0.511401,0.934103,0.513264,0.934972,0.533326,0.983005,0.531193,0.935839,0.553252,0.983872,0.551118,0.936711,0.573176,0.984744,0.571043,0.937586,0.593098,0.985619,0.590971,0.938459,0.61302,0.986493,0.610901,0.939336,0.632946,0.98737,0.630828,0.936062,0.232598,0.984131,0.233655,0.522189,0.55809,0.542776,0.56135,0.542602,0.584638,0.515159,0.580292,0.561339,0.570809,0.576078,0.585548,0.562249,0.604287,0.585536,0.604113,0.566597,0.631736,0.588797,0.624703,0.585539,0.645285,0.576077,0.663859,0.553984,0.656498,0.561346,0.678593,0.542775,0.688057,0.529229,0.669115,0.522199,0.691317,0.501611,0.688057,0.501786,0.664769,0.483049,0.678598,0.482138,0.645121,0.46831,0.663859,0.458851,0.645295,0.45559,0.624705,0.47779,0.617672,0.458849,0.604123,0.490403,0.59291,0.46831,0.585548,0.483041,0.570814,0.501612,0.56135,0.518918,0.60402,0.531698,0.606044,0.540847,0.615196,0.542871,0.62798,0.536997,0.639511,0.525469,0.645386,0.512689,0.643362,0.503541,0.634211,0.501516,0.621427,0.50739,0.609896,0.522193,0.624703,0.396366,0.559185,0.376668,0.556088,0.376738,0.619846,0.414145,0.568217,0.428264,0.582303,0.437341,0.600065,0.440485,0.619767,0.437387,0.639478,0.428351,0.657264,0.414263,0.671385,0.396503,0.68046,0.376809,0.683602,0.35711,0.680505,0.339331,0.671471,0.325211,0.657385,0.316135,0.639622,0.312992,0.61992,0.316091,0.600209,0.325128,0.582423,0.339216,0.568304,0.356976,0.55923]}}],"meshes":[{"aabb":{"min":[-6.74277,-17.8812,-17.8812],"max":[6.74277,17.8812,17.8812]},"vertices":0,"indices":[0,1,2,3,2,1,4,5,0,1,0,5,6,7,4,5,4,7,8,9,6,7,6,9,10,11,8,9,8,11,12,13,10,11,10,13,14,15,12,13,12,15,16,17,14,15,14,17,18,16,19,16,18,17,20,19,21,19,20,18,22,21,23,21,22,20,24,23,25,23,24,22,26,25,27,25,26,24,28,29,27,26,27,29,30,31,28,29,28,31,32,33,30,31,30,33,34,35,32,33,32,35,36,37,34,35,34,37,38,39,36,37,36,39,2,3,40,41,40,3,42,43,44,42,44,45,43,46,44,47,44,46,44,47,48,47,49,48,50,48,49,50,49,51,51,52,50,50,53,54,53,50,52,53,55,54,56,54,55,54,56,57,56,58,57,59,57,58,57,59,60,59,61,60,60,61,62,61,63,62,63,64,62,65,66,64,64,66,62,65,67,66,68,67,69,67,68,66,69,70,68,45,68,70,45,70,71,71,42,45,44,72,45,72,44,73,74,44,48,44,74,73,48,75,74,75,48,50,75,50,76,50,54,76,77,54,57,54,77,76,57,78,77,78,57,60,78,62,79,62,78,60,66,79,62,79,66,80,81,66,68,66,81,80,68,45,72,68,72,81,72,73,82,73,74,82,74,75,82,75,76,82,76,77,82,77,78,82,78,79,82,79,80,82,80,81,82,81,72,82,83,84,85,86,83,85,87,86,85,88,87,85,89,88,85,90,89,85,91,90,85,92,91,85,93,92,85,94,93,85,95,94,85,96,95,85,97,96,85,98,97,85,99,98,85,100,99,85,101,100,85,102,101,85,103,102,85,84,103,85],"type":"triangles","base":0,"count":360}],"meshInstances":[{"node":1,"mesh":0}]}}