{"model":{"version":3,"nodes":[{"name":"RootNode","position":[0,0,0],"rotation":[0,0,0],"scale":[0.01,0.01,0.01],"scaleCompensation":false},{"name":"RoadWork","position":[0,0,0],"rotation":[0,0,0],"scale":[1,1,1],"scaleCompensation":false},{"name":"Prop_Roadcone02","position":[0,0,0],"rotation":[0,0,0],"scale":[1,1,1],"scaleCompensation":false}],"parents":[-1,0,1],"skins":[],"morphs":[],"vertices":[{"position":{"type":"float32","components":3,"data":[-0.292648,0.132379,0.292646,-0.292648,0,-0.292647,-0.292648,0,0.292646,-0.292648,0.132379,-0.292647,0.292648,0,0.292648,0.292648,0.132379,-0.292648,0.292648,0.132379,0.292648,0.292648,0,-0.292648,-0.292648,0,0.292646,0.292648,0,-0.292648,0.292648,0,0.292648,-0.292648,0,-0.292647,0.292648,0.132379,0.292648,-0.292648,0.132379,0.292646,-0.292648,0,0.292646,0.292648,0,0.292648,0.292648,0,-0.292648,-0.292648,0,-0.292647,-0.292648,0.132379,-0.292647,0.292648,0.132379,-0.292648,-0.292648,0.132379,-0.292647,-0.292648,0.132379,0.292646,-0.0967604,0.132379,0.0967582,-0.0967604,0.132379,-0.0967614,0.292648,0.132379,0.292648,0.0967604,0.132379,0.0967592,0.292648,0.132379,-0.292648,0.0967606,0.132379,-0.0967604,-0.0966319,1.45248,0.0966301,-0.0967604,0.132379,-0.0967614,-0.0967604,0.132379,0.0967582,-0.0966321,1.45248,-0.0966339,-0.0966319,1.45248,0.0966301,0.0967604,0.132379,0.0967592,0.0966321,1.45248,0.0966316,-0.0967604,0.132379,0.0967582,0.0967606,0.132379,-0.0967604,0.0966321,1.45248,-0.0966324,0.0967604,0.132379,0.0967592,0.0966321,1.45248,0.0966316,-0.0967604,0.132379,-0.0967614,0.0966321,1.45248,-0.0966324,0.0967606,0.132379,-0.0967604,-0.0966321,1.45248,-0.0966339,0.0965876,1.9099,-0.096588,-0.0965874,1.9099,0.0965857,0.0965874,1.9099,0.0965845,-0.0965874,1.9099,-0.0965906,-0.0965874,1.9099,0.0965857,0.0966054,1.72543,0.0966023,0.0965874,1.9099,0.0965845,-0.0966055,1.72543,0.0966022,-0.0966055,1.72543,0.0966022,-0.0965874,1.9099,-0.0965906,-0.0966054,1.72543,-0.0966084,-0.0965874,1.9099,0.0965857,-0.0966054,1.72543,-0.0966084,-0.0965874,1.9099,-0.0965906,0.0966055,1.72543,-0.0966083,0.0965876,1.9099,-0.096588,0.0965874,1.9099,0.0965845,0.0966054,1.72543,0.0966023,0.0965876,1.9099,-0.096588,0.0966055,1.72543,-0.0966083,0.0966054,1.72543,0.0966023,-0.0966055,1.72543,0.0966022,-0.0966319,1.45248,0.0966301,0.0966321,1.45248,0.0966316,-0.0966055,1.72543,0.0966022,-0.0966321,1.45248,-0.0966339,-0.0966319,1.45248,0.0966301,-0.0966054,1.72543,-0.0966084,-0.0966321,1.45248,-0.0966339,-0.0966054,1.72543,-0.0966084,0.0966321,1.45248,-0.0966324,0.0966055,1.72543,-0.0966083,0.0966054,1.72543,0.0966023,0.0966321,1.45248,-0.0966324,0.0966055,1.72543,-0.0966083,0.0966321,1.45248,0.0966316]},"normal":{"type":"float32","components":3,"data":[-1,0,0,-1,0,0,-1,0,0,-1,0,0,1,0,0,1,0,0,1,0,0,1,0,0,0,-1,0,0,-1,0,0,-1,0,0,-1,0,-3.84642e-06,0,1,-3.84642e-06,0,1,-3.84642e-06,0,1,-3.84642e-06,0,1,-2.64441e-06,0,-1,-2.64441e-06,0,-1,-2.64441e-06,0,-1,-2.64441e-06,0,-1,0,1,-1.22092e-08,0,1,1.22093e-08,0,1,1.22092e-08,0,1,-1.22093e-08,0,1,1.22093e-08,0,1,1.22092e-08,0,1,-1.22093e-08,0,1,-1.22092e-08,-1,9.72815e-05,5.63675e-07,-1,9.72617e-05,6.164e-07,-1,9.72617e-05,6.164e-07,-1,9.72816e-05,5.63675e-07,-6.22212e-06,9.81768e-05,1,-6.59558e-06,9.68052e-05,1,-6.22212e-06,9.81768e-05,1,-6.59558e-06,9.68052e-05,1,1,9.72544e-05,6.164e-07,1,9.73549e-05,5.63674e-07,1,9.72544e-05,6.164e-07,1,9.73549e-05,5.63675e-07,6.65394e-06,9.68052e-05,-1,6.26444e-06,9.57841e-05,-1,6.65394e-06,9.68052e-05,-1,6.26444e-06,9.57841e-05,-1,0,1,1.43912e-07,0,1,1.43912e-07,0,1,1.43912e-07,0,1,1.43912e-07,2.71781e-06,9.30569e-05,1,-1.53866e-06,0.000100075,1,2.71781e-06,9.30569e-05,1,-1.53866e-06,0.000100075,1,-1,9.74589e-05,1.52967e-07,-1,9.7579e-05,-7.7173e-08,-1,9.74589e-05,1.52967e-07,-1,9.7579e-05,-7.71731e-08,5.50038e-06,9.59032e-05,-1,7.16037e-06,0.000103397,-1,5.50039e-06,9.59032e-05,-1,7.16037e-06,0.000103397,-1,1,9.69528e-05,6.94156e-07,1,9.7483e-05,4.6396e-07,1,9.69528e-05,6.94156e-07,1,9.7483e-05,4.6396e-07,-1.53866e-06,0.000100075,1,-1.53866e-06,0.000100075,1,-6.22212e-06,9.81768e-05,1,-6.22212e-06,9.81768e-05,1,-1,9.74589e-05,1.52967e-07,-1,9.72816e-05,5.63675e-07,-1,9.72815e-05,5.63675e-07,-1,9.74589e-05,1.52967e-07,6.26444e-06,9.57841e-05,-1,5.50038e-06,9.59032e-05,-1,6.26444e-06,9.57841e-05,-1,5.50039e-06,9.59032e-05,-1,1,9.7483e-05,4.6396e-07,1,9.73549e-05,5.63674e-07,1,9.7483e-05,4.6396e-07,1,9.73549e-05,5.63675e-07]},"texCoord0":{"type":"float32","components":2,"data":[0.35808,0.114642,0.35352,0.124499,0.35352,0.114642,0.35808,0.124499,0.353283,0.137874,0.348723,0.147732,0.348723,0.137874,0.353283,0.147732,0.337812,0.107352,0.279441,0.0489817,0.337812,0.0489817,0.279441,0.107352,0.298248,0.33999,0.298248,0.349848,0.290175,0.349848,0.290175,0.33999,0.298735,0.349848,0.298735,0.33999,0.306808,0.33999,0.306808,0.349848,0.295324,0.518743,0.352814,0.518743,0.340771,0.530787,0.307368,0.530787,0.352814,0.576233,0.340771,0.56419,0.295324,0.576233,0.307368,0.56419,0.0506689,0.113865,0.0474341,0.0782139,0.0506689,0.0782139,0.0474341,0.113865,0.0943031,0.338573,0.100031,0.302922,0.100031,0.338573,0.0943031,0.302922,0.054456,0.126219,0.054456,0.0905675,0.0576908,0.126219,0.0576908,0.0905675,0.112583,0.302922,0.106856,0.338573,0.106856,0.302922,0.112583,0.338573,0.142534,0.603448,0.0807184,0.541632,0.142534,0.541632,0.0807184,0.603448,0.0943031,0.350927,0.100031,0.345945,0.100031,0.350927,0.0943031,0.345945,0.0506689,0.121237,0.0474341,0.126219,0.0474341,0.121237,0.0506689,0.126219,0.112583,0.345945,0.112583,0.350927,0.106856,0.345945,0.106856,0.350927,0.0576908,0.0782139,0.0576908,0.0831958,0.054456,0.0782139,0.054456,0.0831958,0.519736,0.313222,0.514009,0.313222,0.514009,0.305851,0.519736,0.305851,0.621184,0.079978,0.617949,0.0726063,0.621184,0.0726063,0.617949,0.079978,0.532289,0.305851,0.532289,0.313222,0.526562,0.305851,0.526562,0.313222,0.628206,0.0419366,0.624971,0.0493082,0.624971,0.0419366,0.628206,0.0493082]}}],"meshes":[{"aabb":{"min":[-0.292648,0,-0.292648],"max":[0.292648,1.9099,0.292648]},"vertices":0,"indices":[0,1,2,1,0,3,4,5,6,5,4,7,8,9,10,9,8,11,12,13,14,12,14,15,16,17,18,16,18,19,20,21,22,20,22,23,21,24,25,21,25,22,25,26,27,26,25,24,26,20,23,26,23,27,28,29,30,29,28,31,32,33,34,33,32,35,36,37,38,39,38,37,40,41,42,41,40,43,44,45,46,45,44,47,48,49,50,49,48,51,52,53,54,53,52,55,56,57,58,58,57,59,60,61,62,61,63,62,64,65,66,64,66,67,68,69,70,69,68,71,72,73,74,74,73,75,76,77,78,77,76,79],"type":"triangles","base":0,"count":132}],"meshInstances":[{"node":2,"mesh":0}]}}