{"model":{"version":3,"nodes":[{"name":"RootNode","position":[0,0,0],"rotation":[0,0,0],"scale":[0.3048,0.3048,0.3048],"scaleCompensation":false},{"name":"group1","position":[1.32039e-15,-2.9595e-16,1.70741e-16],"rotation":[0,-0,0],"scale":[0.0328084,0.0328084,0.0328084],"scaleCompensation":false},{"name":"bus_2_tire","position":[0,0,0],"rotation":[0,0,0],"scale":[1,1,1],"scaleCompensation":false}],"parents":[-1,0,1],"skins":[],"morphs":[],"vertices":[{"position":{"type":"float32","components":3,"data":[0.283556,0.534418,-0.534417,-0.283557,0.534418,-0.534417,0.283556,0.69825,-0.289224,-0.283557,0.69825,-0.289224,-0.283557,0.289225,-0.69825,0.283556,0.289225,-0.69825,-0.283557,4.76837e-07,-0.755781,0.283556,4.76837e-07,-0.755781,-0.283557,-0.289224,-0.69825,0.283556,-0.289224,-0.69825,-0.283557,-0.534417,-0.534418,0.283556,-0.534417,-0.534418,-0.283557,-0.69825,-0.289225,0.283556,-0.69825,-0.289225,-0.283557,-0.75578,-4.76837e-07,0.283556,-0.75578,-4.76837e-07,-0.283557,-0.69825,0.289225,0.283556,-0.75578,-4.76837e-07,0.283556,-0.69825,0.289225,-0.283557,-0.75578,-4.76837e-07,-0.283557,-0.534418,0.534418,0.283556,-0.534418,0.534418,-0.283557,-0.289225,0.69825,0.283556,-0.289225,0.69825,-0.283557,0,0.755781,0.283556,0,0.755781,-0.283557,0.289225,0.69825,0.283556,0.289225,0.69825,-0.283557,0.534418,0.534418,0.283556,0.534418,0.534418,0.283556,0.69825,0.289225,-0.283557,0.69825,0.289225,0.283556,0.755781,0,-0.283557,0.755781,0,0.283556,0.534418,-0.534417,0.283556,0.69825,-0.289224,0.283556,1.19209e-07,0,0.283556,0.289225,-0.69825,0.283556,4.76837e-07,-0.755781,0.283556,-0.289224,-0.69825,0.283556,-0.534417,-0.534418,0.283556,-0.69825,-0.289225,0.283556,-0.75578,-4.76837e-07,0.283556,-0.69825,0.289225,0.283556,-0.534418,0.534418,0.283556,-0.289225,0.69825,0.283556,0,0.755781,0.283556,0.289225,0.69825,0.283556,0.534418,0.534418,0.283556,0.69825,0.289225,0.283556,0.755781,0,-0.283557,0.69825,-0.289224,-0.283557,0.534418,-0.534417,-0.283557,1.19209e-07,0,-0.283557,0.289225,-0.69825,-0.283557,4.76837e-07,-0.755781,-0.283557,-0.289224,-0.69825,-0.283557,-0.534417,-0.534418,-0.283557,-0.69825,-0.289225,-0.283557,-0.75578,-4.76837e-07,-0.283557,-0.69825,0.289225,-0.283557,-0.534418,0.534418,-0.283557,-0.289225,0.69825,-0.283557,0,0.755781,-0.283557,0.289225,0.69825,-0.283557,0.534418,0.534418,-0.283557,0.69825,0.289225,-0.283557,0.755781,0]},"normal":{"type":"float32","components":3,"data":[0.503687,0.61086,-0.610859,0,0.707107,-0.707106,0.503687,0.798127,-0.330595,0,0.92388,-0.382683,0,0.382684,-0.923879,0.503687,0.330596,-0.798126,0,8.24157e-07,-1,0.503687,7.11978e-07,-0.863886,0,-0.382683,-0.92388,0.503687,-0.330595,-0.798127,0,-0.707106,-0.707107,0.503687,-0.610859,-0.61086,0,-0.923879,-0.382684,0.503687,-0.798127,-0.330595,0,-1,-3.61472e-07,0.503687,-0.863886,-3.12271e-07,0,-0.92388,0.382683,0.503687,-0.863886,-3.12271e-07,0.503687,-0.798127,0.330594,0,-1,-3.61472e-07,0,-0.707107,0.707107,0.503687,-0.61086,0.61086,0,-0.382684,0.92388,0.503687,-0.330595,0.798127,0,0,1,0.503687,0,0.863886,0,0.382683,0.92388,0.503687,0.330595,0.798127,0,0.707107,0.707107,0.503687,0.61086,0.61086,0.503687,0.798127,0.330595,0,0.923879,0.382684,0.503687,0.863886,1.62381e-07,0,1,1.87966e-07,0.503687,0.61086,-0.610859,0.503687,0.798127,-0.330595,1,1.34106e-08,0,0.503687,0.330596,-0.798126,0.503687,7.11978e-07,-0.863886,0.503687,-0.330595,-0.798127,0.503687,-0.610859,-0.61086,0.503687,-0.798127,-0.330595,0.503687,-0.863886,-3.12271e-07,0.503687,-0.798127,0.330594,0.503687,-0.61086,0.61086,0.503687,-0.330595,0.798127,0.503687,0,0.863886,0.503687,0.330595,0.798127,0.503687,0.61086,0.61086,0.503687,0.798127,0.330595,0.503687,0.863886,1.62381e-07,-1,0,0,-1,0,0,-1,-6.28985e-10,0,-1,0,0,-1,0,0,-1,0,0,-1,0,0,-1,0,0,-1,-5.03187e-09,0,-1,-5.03187e-09,0,-1,0,0,-1,0,0,-1,0,0,-1,0,0,-1,0,0,-1,0,0,-1,0,0]},"texCoord0":{"type":"float32","components":2,"data":[0.932721,0.337849,0.961678,0.337849,0.932721,0.352912,0.961678,0.352912,0.961678,0.32279,0.932721,0.32279,0.961678,0.307728,0.932721,0.307728,0.961678,0.292669,0.932721,0.292669,0.961678,0.277609,0.932721,0.277609,0.961678,0.262552,0.932721,0.262552,0.961678,0.247494,0.932721,0.247494,0.961678,0.473401,0.932721,0.488457,0.932721,0.473401,0.961678,0.488457,0.961678,0.458343,0.932721,0.458343,0.961678,0.443284,0.932721,0.443284,0.961678,0.428225,0.932721,0.428225,0.961678,0.413163,0.932721,0.413163,0.961678,0.398101,0.932721,0.398101,0.932721,0.383038,0.961678,0.383038,0.932721,0.367976,0.961678,0.367976,0.721932,0.812508,0.724636,0.8261,0.689116,0.8261,0.714233,0.800984,0.702709,0.793284,0.689116,0.790581,0.675524,0.793284,0.664001,0.800984,0.656301,0.812508,0.653597,0.8261,0.656301,0.839693,0.664001,0.851216,0.675524,0.858916,0.689116,0.86162,0.702709,0.858916,0.714233,0.851216,0.721932,0.839693,0.655362,0.487464,0.663008,0.476022,0.687945,0.50096,0.674448,0.468377,0.687945,0.465692,0.701441,0.468377,0.712883,0.476022,0.720528,0.487464,0.723213,0.50096,0.720528,0.514456,0.712883,0.525897,0.701441,0.533543,0.687945,0.536228,0.674448,0.533543,0.663008,0.525897,0.655362,0.514456,0.652678,0.50096]}}],"meshes":[{"aabb":{"min":[-0.283557,-0.75578,-0.755781],"max":[0.283556,0.755781,0.755781]},"vertices":0,"indices":[0,1,2,3,2,1,4,0,5,0,4,1,6,5,7,5,6,4,8,7,9,7,8,6,10,9,11,9,10,8,12,11,13,11,12,10,14,13,15,13,14,12,16,17,18,17,16,19,20,18,21,18,20,16,22,21,23,21,22,20,24,23,25,23,24,22,26,25,27,25,26,24,28,27,29,27,28,26,30,31,29,28,29,31,32,33,30,31,30,33,2,3,32,33,32,3,34,35,36,37,34,36,38,37,36,39,38,36,40,39,36,41,40,36,42,41,36,43,42,36,44,43,36,45,44,36,46,45,36,47,46,36,48,47,36,49,48,36,50,49,36,35,50,36,51,52,53,52,54,53,54,55,53,55,56,53,56,57,53,57,58,53,58,59,53,59,60,53,60,61,53,61,62,53,62,63,53,63,64,53,64,65,53,65,66,53,66,67,53,67,51,53],"type":"triangles","base":0,"count":192}],"meshInstances":[{"node":2,"mesh":0}]}}