{"model":{"version":3,"nodes":[{"name":"RootNode","position":[0,0,0],"rotation":[0,0,0],"scale":[0.01,0.01,0.01],"scaleCompensation":false},{"name":"Cone","position":[0,0,0],"rotation":[-90,0,0],"scale":[0.121264,0.121264,0.121264],"scaleCompensation":false}],"parents":[-1,0],"skins":[],"morphs":[],"vertices":[{"position":{"type":"float32","components":3,"data":[102.157,105.838,29.0602,-102.157,105.838,29.0602,-102.157,-105.838,29.0602,102.157,-105.838,29.0602,102.157,-105.838,29.0602,-102.157,-105.838,29.0602,-102.157,-105.838,-7.80281,102.157,-105.838,-7.80281,102.157,105.838,29.0602,102.157,-105.838,29.0602,102.157,-105.838,-7.80281,102.157,105.838,-7.80281,-102.157,105.838,29.0602,102.157,105.838,29.0602,102.157,105.838,-7.80281,-102.157,105.838,-7.80281,-102.157,-105.838,29.0602,-102.157,105.838,29.0602,-102.157,105.838,-7.80281,-102.157,-105.838,-7.80281,68.5571,49.5053,1.46719,12.0906,8.48,290.06,84.3258,0.973999,1.46719,14.5295,0.973999,290.06,27.2739,79.4992,1.46719,5.70566,13.119,290.06,5.70566,13.119,290.06,27.2739,79.4992,1.46719,-2.18662,13.119,290.06,-23.7549,79.4992,1.46719,-65.038,49.5053,1.46719,-8.5716,8.48,290.06,-80.8068,0.973992,1.46719,-11.0104,0.973998,290.06,-65.038,-47.5573,1.46719,-8.5716,-6.532,290.06,-23.7549,-77.5512,1.46719,-2.18662,-11.171,290.06,5.70566,-11.171,290.06,27.2739,-77.5512,1.46719,68.5571,-47.5572,1.46719,12.0906,-6.532,290.06,14.5295,0.973999,290.06,12.0906,8.48,290.06,1.75952,0.974,290.06,5.70566,13.119,290.06,-2.18662,13.119,290.06,-8.5716,8.48,290.06,-11.0104,0.973998,290.06,-8.5716,-6.532,290.06,-2.18662,-11.171,290.06,5.70566,-11.171,290.06,12.0906,-6.532,290.06]},"normal":{"type":"float32","components":3,"data":[0,0,1,0,0,1,0,0,1,0,0,1,0,-1,0,0,-1,0,0,-1,0,0,-1,0,1,0,0,1,0,0,1,0,0,1,0,0,0,1,0,0,1,0,0,1,0,0,1,0,-1,0,0,-1,0,0,-1,0,0,-1,0,0,0.786346,0.571314,0.235073,0.553283,0.401984,0.72958,0.971978,1.14741e-07,0.235073,0.683896,8.69703e-08,0.72958,0.300357,0.924406,0.235073,0.211335,0.650424,0.72958,0.211335,0.650424,0.72958,0.300357,0.924406,0.235073,-0.211335,0.650423,0.72958,-0.300358,0.924406,0.235073,-0.786346,0.571314,0.235073,-0.553283,0.401984,0.72958,-0.971978,-4.17241e-08,0.235073,-0.683896,-2.00701e-08,0.72958,-0.786346,-0.571314,0.235073,-0.553283,-0.401984,0.72958,-0.300358,-0.924406,0.235073,-0.211335,-0.650423,0.72958,0.211335,-0.650424,0.72958,0.300358,-0.924406,0.235073,0.786347,-0.571314,0.235073,0.553283,-0.401984,0.72958,0.683896,8.69703e-08,0.72958,0.553283,0.401984,0.72958,-5.42815e-14,1.26657e-13,1,0.211335,0.650424,0.72958,-0.211335,0.650423,0.72958,-0.553283,0.401984,0.72958,-0.683896,-2.00701e-08,0.72958,-0.553283,-0.401984,0.72958,-0.211335,-0.650423,0.72958,0.211335,-0.650424,0.72958,0.553283,-0.401984,0.72958]},"texCoord0":{"type":"float32","components":2,"data":[0.54071,0.0865854,0.901284,0.0865854,0.901284,0.460148,0.54071,0.460148,0.54071,0.460148,0.901284,0.460148,0.904632,0.528553,0.54406,0.528553,0.54071,0.0865854,0.54071,0.460148,0.479003,0.463497,0.479003,0.0899346,0.901284,0.0865854,0.54071,0.0865854,0.54406,0.0248792,0.904632,0.0248792,0.901284,0.460148,0.901284,0.0865854,0.96969,0.0899346,0.96969,0.463497,0.089352,0.963499,0.223897,0.468551,0.175871,0.980383,0.237278,0.471163,0.00619254,0.934257,0.211036,0.464028,0.329577,0.425239,0.772772,0.683412,0.321877,0.43649,0.722986,0.756157,0.663186,0.820921,0.31263,0.446506,0.594631,0.876337,0.30203,0.455076,0.51877,0.921233,0.2903,0.462019,0.437203,0.950648,0.277688,0.463173,0.26446,0.46646,0.351652,0.971904,0.263924,0.984553,0.250894,0.471809,0.918106,0.503003,0.92241,0.489756,0.940642,0.503003,0.933678,0.481569,0.947606,0.481569,0.958874,0.489756,0.963178,0.503002,0.958874,0.516249,0.947606,0.524436,0.933678,0.524436,0.92241,0.516249]}}],"meshes":[{"aabb":{"min":[-102.157,-105.838,-7.80281],"max":[102.157,105.838,290.06]},"vertices":0,"indices":[0,1,2,0,2,3,4,5,6,4,6,7,8,9,10,8,10,11,12,13,14,12,14,15,16,17,18,16,18,19,20,21,22,23,22,21,21,24,25,24,21,20,26,27,28,27,29,28,30,31,29,28,29,31,31,32,33,32,31,30,34,35,32,33,32,35,35,36,37,36,35,34,37,36,38,36,39,38,40,41,39,38,39,41,41,22,23,22,41,40,42,43,44,43,45,44,45,46,44,46,47,44,47,48,44,48,49,44,49,50,44,50,51,44,51,52,44,52,42,44],"type":"triangles","base":0,"count":120}],"meshInstances":[{"node":1,"mesh":0}]}}