{"model":{"version":3,"nodes":[{"name":"RootNode","position":[0,0,0],"rotation":[0,0,0],"scale":[0.01,0.01,0.01],"scaleCompensation":false},{"name":"Prop_Speed10_Sign","position":[0,0,0],"rotation":[-0,-89.622,0],"scale":[1,1,1],"scaleCompensation":false},{"name":"Prop_Speed10_Sign_1","position":[0,0,0],"rotation":[0,0,0],"scale":[1,1,1],"scaleCompensation":false}],"parents":[-1,0,1],"skins":[],"morphs":[],"vertices":[{"position":{"type":"float32","components":3,"data":[28.4933,-4.09782e-06,-29.2648,-30.0362,13.2379,-29.2648,28.4933,13.2379,-29.2648,-30.0362,-4.09782e-06,-29.2648,28.4933,13.2379,29.2648,-30.0362,-4.09782e-06,29.2648,28.4933,-4.09782e-06,29.2648,-30.0362,13.2379,29.2648,28.4933,-4.09782e-06,29.2648,-30.0362,-4.09782e-06,-29.2648,28.4933,-4.09782e-06,-29.2648,-30.0362,-4.09782e-06,29.2648,-30.0362,-4.09782e-06,-29.2648,-30.0362,13.2379,29.2648,-30.0362,13.2379,-29.2648,-30.0362,-4.09782e-06,29.2648,28.4933,-4.09782e-06,29.2648,28.4933,13.2379,-29.2648,28.4933,13.2379,29.2648,28.4933,-4.09782e-06,-29.2648,28.4933,13.2379,-29.2648,-10.4475,13.2379,-9.67598,8.90465,13.2379,-9.67598,-30.0362,13.2379,-29.2648,-10.4475,13.2379,9.67598,-30.0362,13.2379,29.2648,8.90465,13.2379,9.67598,28.4933,13.2379,29.2648,8.90465,13.2379,-9.67598,-10.4301,282.396,-9.65881,8.88729,282.396,-9.65881,-10.4475,13.2379,-9.67598,-10.4475,13.2379,-9.67598,-10.4301,282.396,9.65881,-10.4301,282.396,-9.65881,-10.4475,13.2379,9.67598,-10.4475,13.2379,9.67598,8.88729,282.396,9.65881,-10.4301,282.396,9.65881,8.90465,13.2379,9.67598,8.90465,13.2379,9.67598,8.88729,282.396,-9.65881,8.88729,282.396,9.65881,8.90465,13.2379,-9.67598,-10.4301,282.396,-9.65881,8.88729,282.396,9.65881,8.88729,282.396,-9.65881,-10.4301,282.396,9.65881,40.7726,189.308,9.89876,65.9716,223.991,19.0296,40.7726,189.308,19.0296,65.9716,223.991,9.89876,65.9716,266.862,19.0296,65.9716,266.862,9.89876,40.7726,301.546,19.0296,40.7726,301.546,9.89876,0,314.793,19.0296,0,314.793,9.89876,-40.7726,301.546,19.0296,-40.7726,301.546,9.89876,-65.9716,266.862,19.0296,-65.9716,266.862,9.89876,-65.9716,223.991,19.0296,-65.9716,223.991,9.89876,-40.7726,189.308,19.0296,-40.7726,189.308,9.89876,0,176.06,19.0296,0,176.06,9.89876,65.9716,223.991,9.89876,40.7726,189.308,9.89876,0,245.427,9.89876,65.9716,266.862,9.89876,40.7726,301.546,9.89876,0,314.793,9.89876,-40.7726,301.546,9.89876,-65.9716,266.862,9.89876,-65.9716,223.991,9.89876,-40.7726,189.308,9.89876,0,176.06,9.89876,40.7726,301.546,19.0296,65.9716,223.991,19.0296,65.9716,266.862,19.0296,40.7726,189.308,19.0296,0,314.793,19.0296,0,176.06,19.0296,-40.7726,301.546,19.0296,-40.7726,189.308,19.0296,-65.9716,266.862,19.0296,-65.9716,223.991,19.0296]},"normal":{"type":"float32","components":3,"data":[0,0,-1,0,0,-1,0,0,-1,0,0,-1,0,0,1,0,0,1,0,0,1,0,0,1,0,-1,0,0,-1,0,0,-1,0,0,-1,0,-1,0,0,-1,0,0,-1,0,0,-1,0,0,1,0,0,1,0,0,1,0,0,1,0,0,0,1,0,0,1,0,0,1,0,0,1,0,0,1,0,0,1,0,0,1,0,0,1,0,0,6.37772e-05,-1,0,6.37772e-05,-1,0,6.37772e-05,-1,0,6.37772e-05,-1,-1,6.44858e-05,0,-1,6.44858e-05,0,-1,6.44858e-05,0,-1,6.44858e-05,0,0,6.37772e-05,1,0,6.37772e-05,1,0,6.37772e-05,1,0,6.37772e-05,1,1,6.44858e-05,0,1,6.44858e-05,0,1,6.44858e-05,0,1,6.44858e-05,0,0,1,0,0,1,0,0,1,0,0,1,0,0.587785,-0.809017,0,0.951056,-0.309017,0,0.587785,-0.809017,0,0.951056,-0.309017,0,0.951056,0.309017,0,0.951056,0.309017,0,0.587785,0.809017,0,0.587785,0.809017,0,0,1,0,0,1,0,-0.587785,0.809017,0,-0.587785,0.809017,0,-0.951056,0.309017,0,-0.951056,0.309017,0,-0.951056,-0.309017,0,-0.951056,-0.309017,0,-0.587785,-0.809017,0,-0.587785,-0.809017,0,0,-1,0,0,-1,0,0,0,-1,0,0,-1,0,0,-1,0,0,-1,0,0,-1,0,0,-1,0,0,-1,0,0,-1,0,0,-1,0,0,-1,0,0,-1,0,0,1,0,0,1,0,0,1,0,0,1,0,0,1,0,0,1,0,0,1,0,0,1,0,0,1,0,0,1]},"texCoord0":{"type":"float32","components":2,"data":[0.540664,0.488294,0.540651,0.489662,0.540651,0.489662,0.540664,0.488294,0.540651,0.489662,0.540664,0.488294,0.540664,0.488294,0.540651,0.489662,0.540664,0.488294,0.540664,0.488294,0.540664,0.488294,0.540664,0.488294,0.540664,0.488294,0.540651,0.489662,0.540651,0.489662,0.540664,0.488294,0.540664,0.488294,0.540651,0.489662,0.540651,0.489662,0.540664,0.488294,0.539483,0.511496,0.539985,0.508518,0.539985,0.508518,0.539483,0.511496,0.539985,0.508518,0.539483,0.511496,0.539985,0.508518,0.539483,0.511496,0.539985,0.508518,0.540106,0.511093,0.540106,0.511093,0.539985,0.508518,0.539985,0.508518,0.540236,0.50703,0.540106,0.511093,0.539985,0.508518,0.539985,0.508518,0.540106,0.511093,0.540236,0.50703,0.539985,0.508518,0.539985,0.508518,0.540106,0.511093,0.540106,0.511093,0.539985,0.508518,0.540106,0.511093,0.540106,0.511093,0.540106,0.511093,0.539844,0.519219,0.0213562,0.97866,0.0213562,0.97866,0.0213562,0.97866,0.0213562,0.97866,0.0213562,0.97866,0.0213562,0.97866,0.0213562,0.97866,0.0213562,0.97866,0.0213562,0.97866,0.0213562,0.97866,0.0213562,0.97866,0.0213562,0.97866,0.0213562,0.97866,0.0213562,0.97866,0.0213562,0.97866,0.0213562,0.97866,0.0213562,0.97866,0.0213562,0.97866,0.0213562,0.97866,0.0213562,0.97866,0.541277,0.478265,0.541277,0.478265,0.541277,0.478265,0.541277,0.478265,0.541277,0.478265,0.541277,0.478265,0.541277,0.478265,0.541277,0.478265,0.541277,0.478265,0.541277,0.478265,0.541277,0.478265,0.391111,0.948691,0.476468,0.685987,0.476468,0.831205,0.391111,0.5685,0.252995,0.99357,0.252995,0.523625,0.114884,0.948691,0.114884,0.5685,0.0295284,0.831205,0.0295284,0.685987]}}],"meshes":[{"aabb":{"min":[-65.9716,-4.09782e-06,-29.2648],"max":[65.9716,314.793,29.2648]},"vertices":0,"indices":[0,1,2,0,3,1,4,5,6,4,7,5,8,9,10,8,11,9,12,13,14,12,15,13,16,17,18,16,19,17,20,21,22,20,23,21,23,24,21,23,25,24,25,26,24,25,27,26,27,22,26,27,20,22,28,29,30,28,31,29,32,33,34,32,35,33,36,37,38,36,39,37,40,41,42,40,43,41,44,45,46,44,47,45,48,49,50,48,51,49,51,52,49,51,53,52,53,54,52,53,55,54,55,56,54,55,57,56,57,58,56,57,59,58,59,60,58,59,61,60,61,62,60,61,63,62,63,64,62,63,65,64,65,66,64,65,67,66,67,50,66,67,48,50,68,69,70,71,68,70,72,71,70,73,72,70,74,73,70,75,74,70,76,75,70,77,76,70,78,77,70,69,78,70,79,80,81,80,79,82,82,79,83,82,83,84,84,83,85,84,85,86,86,85,87,86,87,88],"type":"triangles","base":0,"count":198}],"meshInstances":[{"node":2,"mesh":0}]}}