{"model":{"version":3,"nodes":[{"name":"RootNode","position":[0,0,0],"rotation":[0,0,0],"scale":[0.01,0.01,0.01],"scaleCompensation":false},{"name":"Billboard_03","position":[0,0,0],"rotation":[0,0,0],"scale":[1,1,1],"scaleCompensation":false}],"parents":[-1,0],"skins":[],"morphs":[],"vertices":[{"position":{"type":"float32","components":3,"data":[1.03215,3.49451,0.205391,-1.03215,0.740513,0.205391,1.03215,0.740513,0.205391,-1.03215,3.49451,0.205391,-1.1005,3.5857,0.205391,1.10049,3.5857,-0.205376,-1.1005,3.5857,-0.205391,1.1005,3.5857,0.205391,1.03215,0.740513,-0.205376,-1.03215,0.740513,-0.205391,1.03215,3.49451,-0.205376,-1.03215,3.49451,-0.205391,-1.1005,0.649324,-0.205391,1.10049,0.649324,-0.205376,-1.1005,0.649324,0.205391,1.1005,0.649324,0.205391,1.10049,0.649324,-0.205376,1.10049,3.5857,-0.205376,1.1005,0.649324,0.205391,1.1005,3.5857,0.205391,-1.1005,3.5857,0.205391,-1.1005,0.649324,-0.205391,-1.1005,0.649324,0.205391,-1.1005,3.5857,-0.205391,-0.983757,0.0754991,0.106865,0.983757,0.0754991,0.106865,-0.983757,0.649324,0.106865,0.983757,0.649324,0.106865,-0.983757,0.649324,-0.106865,0.983749,0.649324,-0.106857,-0.983757,0.0754991,-0.106865,0.983749,0.0754991,-0.106857,0.983749,0.0754991,-0.106857,0.983749,0.649324,-0.106857,0.983757,0.0754991,0.106865,0.983757,0.649324,0.106865,-0.983757,0.649324,0.106865,-0.983757,0.0754991,-0.106865,-0.983757,0.0754991,0.106865,-0.983757,0.649324,-0.106865,-1.09973,0.0754991,-0.218773,-1.09973,0.0754991,0.218773,-0.983757,0.0754991,0.106865,-0.983757,0.0754991,-0.106865,0.983757,0.0754991,0.106865,1.09973,0.0754991,-0.218758,0.983749,0.0754991,-0.106857,1.09973,0.0754991,0.218773,0.983749,0.0754991,-0.106857,-1.09973,0.0754991,-0.218773,-0.983757,0.0754991,-0.106865,1.09973,0.0754991,-0.218758,-1.09973,0.0754991,0.218773,1.09973,0.0754991,0.218773,0.983757,0.0754991,0.106865,-0.983757,0.0754991,0.106865,-1.09973,0,-0.218773,-1.09973,0,0.218773,-1.09973,0.0754991,0.218773,-1.09973,0.0754991,-0.218773,1.09973,0,0.218773,1.09973,0.0754991,-0.218758,1.09973,0.0754991,0.218773,1.09973,0,-0.218758,1.09973,0,-0.218758,-1.09973,0,-0.218773,-1.09973,0.0754991,-0.218773,1.09973,0.0754991,-0.218758,1.09973,0.0754991,0.218773,-1.09973,0.0754991,0.218773,-1.09973,0,0.218773,1.09973,0,0.218773,0.901283,3.7593,0.0858688,0.748337,3.7593,0.0858688,0.901283,3.56801,0.0858688,0.748337,3.56801,0.0858688,0.901283,3.56801,-0.0858688,0.748337,3.56801,-0.0858765,0.901283,3.7593,-0.0858688,0.748337,3.7593,-0.0858765,0.901283,3.7593,0.0858688,0.901283,3.56801,0.0858688,0.901283,3.7593,-0.0858688,0.901283,3.56801,-0.0858688,0.748337,3.7593,0.0858688,0.748337,3.56801,-0.0858765,0.748337,3.56801,0.0858688,0.748337,3.7593,-0.0858765,-0.755081,3.7593,0.0858688,-0.90802,3.7593,0.0858688,-0.755081,3.56801,0.0858688,-0.90802,3.56801,0.0858688,-0.755081,3.56801,-0.0858688,-0.908028,3.56801,-0.0858765,-0.755081,3.7593,-0.0858688,-0.908028,3.7593,-0.0858765,-0.755081,3.7593,0.0858688,-0.755081,3.56801,0.0858688,-0.755081,3.7593,-0.0858688,-0.755081,3.56801,-0.0858688,-0.90802,3.7593,0.0858688,-0.908028,3.56801,-0.0858765,-0.90802,3.56801,0.0858688,-0.908028,3.7593,-0.0858765,-1.1005,3.70091,0.163826,1.1005,3.70091,0.163826,-1.1005,3.89221,0.163826,1.1005,3.89221,0.163826,-1.1005,3.89221,0.163826,1.10049,3.89221,-0.163811,-1.1005,3.89221,-0.163826,1.1005,3.89221,0.163826,-1.1005,3.89221,-0.163826,1.10049,3.89221,-0.163811,-1.1005,3.70091,-0.163826,1.10049,3.70091,-0.163811,-1.1005,3.70091,-0.163826,1.10049,3.70091,-0.163811,-1.1005,3.70091,0.163826,1.1005,3.70091,0.163826,1.1005,3.89221,0.163826,1.1005,3.70091,0.163826,1.10049,3.89221,-0.163811,1.10049,3.70091,-0.163811,-1.1005,3.89221,0.163826,-1.1005,3.70091,-0.163826,-1.1005,3.70091,0.163826,-1.1005,3.89221,-0.163826,-1.1005,3.5857,-0.205391,-1.03215,0.740513,-0.205391,-1.1005,0.649324,-0.205391,-1.03215,3.49451,-0.205391,1.10049,3.5857,-0.205376,-1.1005,3.5857,-0.205391,1.03215,3.49451,-0.205376,1.10049,3.5857,-0.205376,1.10049,0.649324,-0.205376,1.03215,0.740513,-0.205376,1.10049,0.649324,-0.205376,-1.1005,0.649324,-0.205391,-1.1005,3.5857,0.205391,-1.1005,0.649324,0.205391,-1.03215,0.740513,0.205391,-1.03215,3.49451,0.205391,-1.1005,0.649324,0.205391,1.1005,0.649324,0.205391,1.03215,0.740513,0.205391,1.1005,0.649324,0.205391,1.1005,3.5857,0.205391,1.03215,3.49451,0.205391,1.1005,3.5857,0.205391,-1.1005,3.5857,0.205391]},"normal":{"type":"float32","components":3,"data":[1.59449e-16,0,1,1.59449e-16,0,1,1.59449e-16,0,1,1.59449e-16,0,1,0,1,0,0,1,0,0,1,0,0,1,0,-1.59449e-16,0,-1,-1.59449e-16,0,-1,-1.59449e-16,0,-1,-1.59449e-16,0,-1,0,-1,0,0,-1,0,0,-1,0,0,-1,0,1,0,9.28056e-17,1,0,9.28056e-17,1,0,9.28056e-17,1,0,9.28056e-17,-1,0,-9.28056e-17,-1,0,-9.28056e-17,-1,0,-9.28056e-17,-1,0,-9.28056e-17,0,0,1,0,0,1,0,0,1,0,0,1,0,0,-1,0,0,-1,0,0,-1,0,0,-1,1,0,0,1,0,0,1,0,0,1,0,0,-1,0,0,-1,0,0,-1,0,0,-1,0,0,0,1,0,0,1,0,0,1,0,0,1,0,0,1,0,0,1,0,0,1,0,0,1,0,0,1,1.19835e-08,0,1,1.19835e-08,0,1,1.19835e-08,0,1,1.19835e-08,0,1,5.19268e-08,0,1,5.19268e-08,0,1,5.19268e-08,0,1,5.19268e-08,-1,0,0,-1,0,0,-1,0,0,-1,0,0,1,0,0,1,0,0,1,0,0,1,0,0,6.93203e-06,0,-1,6.93203e-06,0,-1,6.93203e-06,0,-1,6.93203e-06,0,-1,0,0,1,0,0,1,0,0,1,0,0,1,2.07331e-15,0,1,2.07331e-15,0,1,2.07331e-15,0,1,2.07331e-15,0,1,-2.07331e-15,0,-1,-2.07331e-15,0,-1,-2.07331e-15,0,-1,-2.07331e-15,0,-1,1,0,2.00565e-16,1,0,2.00565e-16,1,0,2.00565e-16,1,0,2.00565e-16,-1,0,-2.00565e-16,-1,0,-2.00565e-16,-1,0,-2.00565e-16,-1,0,-2.00565e-16,2.07331e-15,0,1,2.07331e-15,0,1,2.07331e-15,0,1,2.07331e-15,0,1,-2.07331e-15,0,-1,-2.07331e-15,0,-1,-2.07331e-15,0,-1,-2.07331e-15,0,-1,1,0,2.00565e-16,1,0,2.00565e-16,1,0,2.00565e-16,1,0,2.00565e-16,-1,0,-2.00565e-16,-1,0,-2.00565e-16,-1,0,-2.00565e-16,-1,0,-2.00565e-16,1.18345e-16,0,1,1.18345e-16,0,1,1.18345e-16,0,1,1.18345e-16,0,1,0,1,0,0,1,0,0,1,0,0,1,0,-1.18345e-16,0,-1,-1.18345e-16,0,-1,-1.18345e-16,0,-1,-1.18345e-16,0,-1,0,-1,0,0,-1,0,0,-1,0,0,-1,0,1,0,7.71994e-17,1,0,7.71994e-17,1,0,7.71994e-17,1,0,7.71994e-17,-1,0,-7.71994e-17,-1,0,-7.71994e-17,-1,0,-7.71994e-17,-1,0,-7.71994e-17,-4.78894e-08,0,-1,-1.59449e-16,0,-1,-4.78894e-08,0,-1,-1.59449e-16,0,-1,7.15468e-06,2.99309e-10,-1,7.15468e-06,2.99309e-10,-1,-1.59449e-16,0,-1,1.82e-07,0,-1,1.82e-07,0,-1,-1.59449e-16,0,-1,7.15468e-06,-2.99309e-10,-1,7.15468e-06,-2.99309e-10,-1,1.91558e-08,0,1,1.91557e-08,0,1,1.59449e-16,0,1,1.59449e-16,0,1,0,0,1,0,0,1,1.59449e-16,0,1,-1.91558e-08,0,1,-1.91558e-08,0,1,1.59449e-16,0,1,0,0,1,0,0,1]},"color":{"type":"uint8","components":4,