{"model":{"version":3,"nodes":[{"name":"RootNode","position":[0,0,0],"rotation":[0,0,0],"scale":[0.01,0.01,0.01],"scaleCompensation":false},{"name":"roadblock1","position":[0,0,0],"rotation":[2.50448e-06,-0,0],"scale":[1,1,1],"scaleCompensation":false}],"parents":[-1,0],"skins":[],"morphs":[],"vertices":[{"position":{"type":"float32","components":3,"data":[90.785,19.8,24.933,90.785,1.37732e-14,-24.933,90.785,19.8,-24.933,90.785,1.07198e-14,24.933,-89.9933,19.8,-24.933,90.785,1.37732e-14,-24.933,-90.2287,1.37732e-14,-24.933,90.785,19.8,-24.933,-89.9933,19.8,-24.933,-90.7556,1.07198e-14,24.933,-89.9933,19.8,24.933,-90.2287,1.37732e-14,-24.933,-89.9933,19.8,24.933,89.9933,39.0022,15.8106,-89.9933,39.0022,15.8106,90.785,19.8,24.933,89.9933,39.0022,-15.8106,89.9933,39.0022,15.8106,-89.9933,39.0022,15.8106,-89.9933,39.0022,-15.8106,-88.8671,84.6809,12.3944,89.9933,43.8027,14.3416,89.9933,85,12.3944,-89.9933,43.8027,14.3416,89.9933,85,12.3944,89.9933,43.8027,14.3416,89.9933,84.0597,-12.3944,89.9933,43.8027,-14.3416,-88.8671,84.6809,-12.3944,-89.9933,43.8027,14.3416,-88.8671,84.6809,12.3944,-89.9933,43.8027,-14.3416,-88.8671,84.6809,-12.3944,89.9933,85,12.3944,89.9933,84.0597,-12.3944,-88.8671,84.6809,12.3944,90.785,1.07198e-14,24.933,-90.7556,1.07198e-14,24.933,89.9933,39.0022,-15.8106,-89.9933,39.0022,-15.8106,89.9933,43.8027,-14.3416,-88.8671,84.6809,-12.3944,89.9933,84.0597,-12.3944,-89.9933,43.8027,-14.3416,90.785,1.07198e-14,24.933,-90.7556,1.07198e-14,24.933,-90.2287,1.37732e-14,-24.933,90.785,1.37732e-14,-24.933]},"normal":{"type":"float32","components":3,"data":[0.999852,0.0172178,1.05429e-18,1,0,0,0.999852,0.0172178,1.05429e-18,1,0,0,0,0.219109,-0.9757,0,6.12323e-17,-1,0,6.12323e-17,-1,0,0.2173,-0.976105,-0.999888,0.0146631,-0.00307477,-0.999669,0.0251841,-0.00528098,-0.999888,0.014663,-0.00307477,-0.999669,0.0251841,-0.00528097,2.0148e-09,0.217276,0.97611,3.5544e-09,0.362633,0.931932,3.54924e-09,0.361832,0.932243,2.01503e-09,0.2173,0.976105,0.999681,0.0252388,1.54543e-18,0.999681,0.0252388,1.54543e-18,-1,0,0,-1,0,0,-4.21409e-05,0.0473964,0.998876,-2.1234e-05,0.171339,0.985212,-4.21409e-05,0.0473964,0.998876,-2.10464e-05,0.172431,0.985022,1,0,0,1,0,0,1,0,0,1,0,0,-0.999621,0.027541,1.6864e-18,-0.999923,0.0123725,7.57596e-19,-0.999621,0.027541,1.6864e-18,-0.999923,0.0123725,7.57596e-19,0.000844641,0.99982,-0.0189633,0.000844641,0.99982,-0.0189633,0.000844641,0.99982,-0.0189633,0.000844641,0.99982,-0.0189633,0,-6.12323e-17,1,0,-6.12323e-17,1,1.50345e-09,0.362633,-0.931932,1.52127e-09,0.361832,-0.932243,4.18263e-05,0.171608,-0.985165,8.30022e-05,0.0479427,-0.99885,8.30022e-05,0.0479427,-0.99885,4.14568e-05,0.172698,-0.984975,0,-1,-6.12323e-17,0,-1,-6.12323e-17,0,-1,-6.12323e-17,0,-1,-6.12323e-17]},"texCoord0":{"type":"float32","components":2,"data":[0.00966757,0.193717,0.223068,0.0256684,0.223068,0.193717,0.00966759,0.0256684,0.993371,0.193717,0.223068,0.0256684,0.993371,0.025669,0.223068,0.193717,0.00964319,0.193717,0.223068,0.0256684,0.223068,0.193717,0.00964319,0.025669,0.993372,0.193738,0.22308,0.375136,0.993372,0.375136,0.22308,0.193738,0.192157,0.356692,0.0405877,0.356692,0.192138,0.356692,0.0405633,0.356692,0.993372,0.771403,0.22308,0.420485,0.22308,0.771403,0.993372,0.420484,0.063329,0.747088,0.0483177,0.397435,0.169418,0.747088,0.18443,0.397435,0.0633047,0.747088,0.184405,0.397435,0.169394,0.747088,0.0482933,0.397435,0.993372,0.771382,0.22308,0.981772,0.22308,0.771382,0.993372,0.981773,0.22308,0.02569,0.993372,0.0256895,0.223077,0.375114,0.993372,0.375114,0.22308,0.420464,0.993372,0.771382,0.22308,0.771382,0.993372,0.420464,0.22308,0.195309,0.993372,0.190553,0.993372,0.00825202,0.22308,0.0082525]}}],"meshes":[{"aabb":{"min":[-90.7556,1.07198e-14,-24.933],"max":[90.785,85,24.933]},"vertices":0,"indices":[0,1,2,1,0,3,4,5,6,5,4,7,8,9,10,9,8,11,12,13,14,13,12,15,0,16,17,16,0,2,8,18,19,18,8,10,20,21,22,21,20,23,24,25,26,26,25,27,28,29,30,29,28,31,21,23,14,21,14,13,27,25,17,27,17,16,19,29,31,29,19,18,32,33,34,33,32,35,12,36,15,36,12,37,7,4,38,39,38,4,40,41,42,41,40,43,38,39,40,43,40,39,44,45,46,44,46,47],"type":"triangles","base":0,"count":108}],"meshInstances":[{"node":1,"mesh":0}]}}