{"model":{"version":3,"nodes":[{"name":"RootNode","position":[0,0,0],"rotation":[0,0,0],"scale":[0.3048,0.3048,0.3048],"scaleCompensation":false},{"name":"comp_env_01","position":[0,0,0],"rotation":[0,0,0],"scale":[0.0328084,0.0328084,0.0328084],"scaleCompensation":false},{"name":"props","position":[0,0,0],"rotation":[0,-0,0],"scale":[1,1,1],"scaleCompensation":false},{"name":"concrete_barrier","position":[0,0,0],"rotation":[0,-0,0],"scale":[1,1,1],"scaleCompensation":false}],"parents":[-1,0,1,2],"skins":[],"morphs":[],"vertices":[{"position":{"type":"float32","components":3,"data":[1018.41,74.4329,21.6202,1018.41,32.3164,7.33923,1018.41,32.3164,21.6202,1018.41,74.4329,7.33923,1018.41,32.3164,7.33923,1135.71,74.4329,7.33923,1135.71,32.3164,7.33923,1018.41,74.4329,7.33923,1018.41,32.3164,21.6202,1135.71,74.4329,21.6202,1018.41,74.4329,21.6202,1135.71,32.3164,21.6202,1018.41,74.4329,21.6202,1135.71,74.4329,21.6202,1135.71,74.4329,7.33923,1018.41,74.4329,7.33923,1135.71,32.3164,7.33923,1135.71,74.4329,7.33923,1135.71,32.3164,21.6202,1135.71,74.4329,21.6202,1018.41,-3.08524,30.5148,1135.71,32.3164,21.6202,1018.41,32.3164,21.6202,1135.71,-3.08524,30.5148,1018.41,-3.08524,30.5148,1018.41,32.3164,7.33923,1018.41,-3.08524,-1.55533,1018.41,32.3164,21.6202,1135.71,-3.08524,30.5148,1135.71,-3.08524,-1.55533,1135.71,-3.08524,-1.55533,1018.41,-3.08524,-1.55533,1018.41,32.3164,7.33923,1135.71,32.3164,7.33923]},"normal":{"type":"float32","components":3,"data":[-1,0,0,-1,0,0,-1,0,0,-1,0,0,0,0,-1,0,0,-1,0,0,-1,0,0,-1,0,0,1,0,0,1,0,0,1,0,0,1,0,1,0,0,1,0,0,1,0,0,1,0,1,0,0,1,0,0,1,0,0,1,0,0,0,0.243673,0.969857,0,0.243673,0.969857,0,0.243673,0.969857,0,0.243673,0.969857,-1,1.19027e-06,0,-1,1.19027e-06,0,-1,1.19027e-06,0,-1,1.19027e-06,0,1,0,0,1,0,0,0,0.243674,-0.969857,0,0.243674,-0.969857,0,0.243674,-0.969857,0,0.243674,-0.969857]},"texCoord0":{"type":"float32","components":2,"data":[0.05996,0.368151,0.0433336,0.320968,0.0593902,0.32076,0.0439016,0.368285,0.0466485,0.00814494,0.0955285,0.139494,0.0481647,0.140044,0.0939951,0.00759462,0.157414,0.00679897,0.111586,0.139249,0.110052,0.0073521,0.158935,0.138699,0.110052,0.0073521,0.111586,0.139249,0.0955285,0.139494,0.0939951,0.00759462,0.0127628,0.328945,0.0121902,0.281557,0.0288202,0.328738,0.0282489,0.28142,0.19846,0.00632836,0.158935,0.138699,0.157414,0.00679897,0.199975,0.138228,0.0688257,0.280806,0.0433336,0.320968,0.0327675,0.281313,0.0593902,0.32076,0.0393828,0.368392,0.00332386,0.368898,0.00711404,0.140512,0.00561264,0.00861204,0.0466485,0.00814494,0.0481647,0.140044]}}],"meshes":[{"aabb":{"min":[1018.41,-3.08524,-1.55533],"max":[1135.71,74.4329,30.5148]},"vertices":0,"indices":[0,1,2,1,0,3,4,5,6,5,4,7,8,9,10,9,8,11,12,13,14,12,14,15,16,17,18,19,18,17,20,21,22,21,20,23,24,25,26,25,24,27,28,16,18,16,28,29,30,31,32,30,32,33],"type":"triangles","base":0,"count":54}],"meshInstances":[{"node":3,"mesh":0}]}}