{"model":{"version":3,"nodes":[{"name":"RootNode","position":[0,0,0],"rotation":[0,0,0],"scale":[0.01,0.01,0.01],"scaleCompensation":false},{"name":"Prop_RoadClosed_Sign","position":[0,0,0],"rotation":[-0,-89.622,0],"scale":[1,1,1],"scaleCompensation":false},{"name":"Prop_RoadClosed_Sign_1","position":[0,0,0],"rotation":[0,0,0],"scale":[1,1,1],"scaleCompensation":false}],"parents":[-1,0,1],"skins":[],"morphs":[],"vertices":[{"position":{"type":"float32","components":3,"data":[29.9967,-4.09782e-06,-29.2648,-28.5328,13.2379,-29.2648,29.9967,13.2379,-29.2648,-28.5328,-4.09782e-06,-29.2648,29.9967,13.2379,29.2648,-28.5328,-4.09782e-06,29.2648,29.9967,-4.09782e-06,29.2648,-28.5328,13.2379,29.2648,29.9967,-4.09782e-06,29.2648,-28.5328,-4.09782e-06,-29.2648,29.9967,-4.09782e-06,-29.2648,-28.5328,-4.09782e-06,29.2648,-28.5328,-4.09782e-06,-29.2648,-28.5328,13.2379,29.2648,-28.5328,13.2379,-29.2648,-28.5328,-4.09782e-06,29.2648,29.9967,-4.09782e-06,29.2648,29.9967,13.2379,-29.2648,29.9967,13.2379,29.2648,29.9967,-4.09782e-06,-29.2648,29.9967,13.2379,-29.2648,-8.94403,13.2379,-9.67598,10.408,13.2379,-9.67598,-28.5328,13.2379,-29.2648,-8.94403,13.2379,9.67598,-28.5328,13.2379,29.2648,10.408,13.2379,9.67598,29.9967,13.2379,29.2648,10.408,13.2379,-9.67598,-8.92677,282.396,-9.65881,10.3908,282.396,-9.65881,-8.94403,13.2379,-9.67598,-8.94403,13.2379,-9.67598,-8.92677,282.396,9.65881,-8.92677,282.396,-9.65881,-8.94403,13.2379,9.67598,-8.94403,13.2379,9.67598,10.3908,282.396,9.65881,-8.92677,282.396,9.65881,10.408,13.2379,9.67598,10.408,13.2379,9.67598,10.3908,282.396,-9.65881,10.3908,282.396,9.65881,10.408,13.2379,-9.67598,-8.92677,282.396,-9.65881,10.3908,282.396,9.65881,10.3908,282.396,-9.65881,-8.92677,282.396,9.65881,-55.595,267.4,8.83904,55.0124,267.4,17.4973,55.0124,267.4,8.83904,-55.595,267.4,17.4973,64.9564,257.515,8.83904,64.9564,257.515,17.4973,65.4225,178.42,17.4973,65.4225,178.42,8.83904,-65.4225,257.515,17.4973,-65.4225,257.515,8.83904,-64.9562,178.42,8.83904,-64.9562,178.42,17.4973,-55.0122,168.535,17.4973,-55.0122,168.535,8.83904,55.595,168.535,8.83904,55.595,168.535,17.4973,64.9564,257.515,17.4973,55.595,168.535,17.4973,65.4225,178.42,17.4973,55.0124,267.4,17.4973,-55.0122,168.535,17.4973,-55.595,267.4,17.4973,-64.9562,178.42,17.4973,-65.4225,257.515,17.4973,55.595,168.535,8.83904,64.9564,257.515,8.83904,65.4225,178.42,8.83904,55.0124,267.4,8.83904,-55.0122,168.535,8.83904,-55.595,267.4,8.83904,-64.9562,178.42,8.83904,-65.4225,257.515,8.83904]},"normal":{"type":"float32","components":3,"data":[0,0,-1,0,0,-1,0,0,-1,0,0,-1,0,0,1,0,0,1,0,0,1,0,0,1,0,-1,0,0,-1,0,0,-1,0,0,-1,0,-1,0,0,-1,0,0,-1,0,0,-1,0,0,1,0,0,1,0,0,1,0,0,1,0,0,0,1,0,0,1,0,0,1,0,0,1,0,0,1,0,0,1,0,0,1,0,0,1,0,0,6.37772e-05,-1,0,6.37772e-05,-1,0,6.37772e-05,-1,0,6.37772e-05,-1,-1,6.41315e-05,0,-1,6.41315e-05,0,-1,6.41315e-05,0,-1,6.41315e-05,0,0,6.37772e-05,1,0,6.37772e-05,1,0,6.37772e-05,1,0,6.37772e-05,1,1,6.41315e-05,0,1,6.41315e-05,0,1,6.41315e-05,0,1,6.41315e-05,0,0,1,0,0,1,0,0,1,0,0,1,0,-0.384044,0.923315,0,0.381322,0.924442,0,0.381322,0.924442,0,-0.384044,0.923315,0,0.922179,0.386763,0,0.922179,0.386763,0,0.925562,-0.378597,0,0.925562,-0.378597,0,-0.925562,0.378595,0,-0.925562,0.378595,0,-0.922179,-0.386764,0,-0.922179,-0.386764,0,-0.381322,-0.924442,0,-0.381322,-0.924442,0,0.384044,-0.923315,0,0.384044,-0.923315,0,0,0,1,0,0,1,0,0,1,0,0,1,0,0,1,0,0,1,0,0,1,0,0,1,0,0,-1,0,0,-1,0,0,-1,0,0,-1,0,0,-1,0,0,-1,0,0,-1,0,0,-1]},"texCoord0":{"type":"float32","components":2,"data":[0.540664,0.488294,0.540651,0.489662,0.540651,0.489662,0.540664,0.488294,0.540651,0.489662,0.540664,0.488294,0.540664,0.488294,0.540651,0.489662,0.540664,0.488294,0.540664,0.488294,0.540664,0.488294,0.540664,0.488294,0.540664,0.488294,0.540651,0.489662,0.540651,0.489662,0.540664,0.488294,0.540664,0.488294,0.540651,0.489662,0.540651,0.489662,0.540664,0.488294,0.540539,0.511496,0.540337,0.508518,0.540337,0.508518,0.540539,0.511496,0.540337,0.508518,0.540539,0.511496,0.540337,0.508518,0.540539,0.511496,0.540337,0.508518,0.540106,0.511093,0.540106,0.511093,0.540337,0.508518,0.540337,0.508518,0.540236,0.50703,0.540106,0.511093,0.540337,0.508518,0.540337,0.508518,0.540106,0.511093,0.540236,0.50703,0.540337,0.508518,0.540337,0.508518,0.540106,0.511093,0.540106,0.511093,0.540337,0.508518,0.540106,0.511093,0.540106,0.511093,0.540106,0.511093,0.539844,0.519219,0.0266657,0.976947,0.0266657,0.976947,0.0266657,0.976947,0.0266657,0.976947,0.0266657,0.976947,0.0266657,0.976947,0.0266657,0.976947,0.0266657,0.976947,0.0266657,0.976947,0.0266657,0.976947,0.0266657,0.976947,0.0266657,0.976947,0.0266657,0.976947,0.0266657,0.976947,0.0266657,0.976947,0.0266657,0.976947,0.490551,0.89312,0.454601,0.566605,0.490871,0.602727,0.454199,0.929587,0.0483449,0.56853,0.0479165,0.931526,0.0119919,0.604998,0.0116474,0.895403,0.5415,0.479828,0.5415,0.479828,0.5415,0.479828,0.5415,0.479828,0.5415,0.479828,0.5415,0.479828,0.5415,0.479828,0.5415,0.479828]}}],"meshes":[{"aabb":{"min":[-65.4225,-4.09782e-06,-29.2648],"max":[65.4225,282.396,29.2648]},"vertices":0,"indices":[0,1,2,0,3,1,4,5,6,4,7,5,8,9,10,8,11,9,12,13,14,12,15,13,16,17,18,16,19,17,20,21,22,20,23,21,23,24,21,23,25,24,25,26,24,25,27,26,27,22,26,27,20,22,28,29,30,28,31,29,32,33,34,32,35,33,36,37,38,36,39,37,40,41,42,40,43,41,44,45,46,44,47,45,48,49,50,48,51,49,52,50,49,52,49,53,54,52,53,54,55,52,48,56,51,48,57,56,56,57,58,56,58,59,58,60,59,58,61,60,62,60,61,62,55,54,62,63,60,62,54,63,64,65,66,65,64,67,65,67,68,68,67,69,68,69,70,70,69,71,72,73,74,73,72,75,75,72,76,75,76,77,77,76,78,77,78,79],"type":"triangles","base":0,"count":168}],"meshInstances":[{"node":2,"mesh":0}]}}