{"model":{"version":3,"nodes":[{"name":"RootNode","position":[0,0,0],"rotation":[0,0,0],"scale":[0.3048,0.3048,0.3048],"scaleCompensation":false},{"name":"BUS_tex_01","position":[-5.919e-16,-1.49341e-14,3.73353e-15],"rotation":[0,-0,0],"scale":[0.0328084,0.0328084,0.0328084],"scaleCompensation":false},{"name":"tire7","position":[29.949,-17.2748,-110.977],"rotation":[0,-0,0],"scale":[1,1,1],"scaleCompensation":false}],"parents":[-1,0,1],"skins":[],"morphs":[],"vertices":[{"position":{"type":"float32","components":3,"data":[-23.5177,29.3959,98.8558,-36.3803,29.3959,98.8558,-23.5177,33.1117,104.417,-36.3803,33.1117,104.417,-36.3803,23.8347,95.1399,-23.5177,23.8347,95.1399,-36.3803,17.2749,93.8351,-23.5177,17.2749,93.8351,-36.3803,10.715,95.1399,-23.5177,10.715,95.1399,-36.3803,5.15385,98.8558,-23.5177,5.15385,98.8558,-36.3803,1.43799,104.417,-23.5177,1.43799,104.417,-36.3803,0.133149,110.977,-23.5177,0.133149,110.977,-36.3803,1.43798,117.537,-23.5177,1.43798,117.537,-36.3803,5.15384,123.098,-23.5177,5.15384,123.098,-36.3803,10.715,126.814,-23.5177,10.715,126.814,-36.3803,17.2749,128.119,-23.5177,17.2749,128.119,-36.3803,23.8347,126.814,-23.5177,23.8347,126.814,-36.3803,29.3959,123.098,-23.5177,29.3959,123.098,-23.5177,33.1117,117.537,-36.3803,33.1117,117.537,-23.5177,34.4166,110.977,-36.3803,34.4166,110.977,-23.5177,33.1117,104.417,-36.3803,33.1117,104.417,-23.5177,29.3959,98.8558,-23.5177,33.1117,104.417,-23.5177,17.2749,110.977,-23.5177,23.8347,95.1399,-23.5177,17.2749,93.8351,-23.5177,10.715,95.1399,-23.5177,5.15385,98.8558,-23.5177,1.43799,104.417,-23.5177,0.133149,110.977,-23.5177,1.43798,117.537,-23.5177,5.15384,123.098,-23.5177,10.715,126.814,-23.5177,17.2749,128.119,-23.5177,23.8347,126.814,-23.5177,29.3959,123.098,-23.5177,33.1117,117.537,-23.5177,34.4166,110.977,-36.3803,33.1117,104.417,-36.3803,29.3959,98.8558,-36.3803,17.2749,110.977,-36.3803,23.8347,95.1399,-36.3803,17.2749,93.8351,-36.3803,10.715,95.1399,-36.3803,5.15385,98.8558,-36.3803,1.43799,104.417,-36.3803,0.133149,110.977,-36.3803,1.43798,117.537,-36.3803,5.15384,123.098,-36.3803,10.715,126.814,-36.3803,17.2749,128.119,-36.3803,23.8347,126.814,-36.3803,29.3959,123.098,-36.3803,33.1117,117.537,-36.3803,34.4166,110.977]},"normal":{"type":"float32","components":3,"data":[0,0.707107,-0.707106,0,0.707107,-0.707106,0,0.92388,-0.382683,0,0.92388,-0.382683,0,0.382684,-0.923879,0,0.382684,-0.923879,0,9.1814e-07,-1,0,9.1814e-07,-1,0,-0.382683,-0.92388,0,-0.382683,-0.92388,0,-0.707106,-0.707107,0,-0.707106,-0.707107,0,-0.923879,-0.382684,0,-0.923879,-0.382684,0,-1,-3.03637e-07,0,-1,-3.03637e-07,0,-0.92388,0.382683,0,-0.92388,0.382683,0,-0.707107,0.707107,0,-0.707107,0.707107,0,-0.382683,0.92388,0,-0.382683,0.92388,0,0,1,0,0,1,0,0.382683,0.92388,0,0.382683,0.92388,0,0.707107,0.707107,0,0.707107,0.707107,0,0.92388,0.382683,0,0.92388,0.382683,0,1,1.80736e-07,0,1,1.80736e-07,0,0.92388,-0.382683,0,0.92388,-0.382683,1,0,0,1,0,0,1,4.91961e-08,0,1,0,0,1,0,0,1,-1.09071e-06,0,1,-1.09071e-06,0,1,3.93574e-07,0,1,-1.51783e-07,0,1,5.45352e-07,0,1,1.09071e-06,0,1,0,0,1,0,0,1,1.09071e-06,0,1,5.45354e-07,0,1,-5.45355e-07,0,1,0,0,-1,-5.45357e-07,0,-1,-5.45355e-07,0,-1,-3.72731e-08,0,-1,0,0,-1,0,0,-1,0,0,-1,0,0,-1,0,0,-1,2.47171e-07,0,-1,2.47171e-07,0,-1,0,0,-1,0,0,-1,0,0,-1,0,0,-1,0,0,-1,0,0,-1,0,0]},"texCoord0":{"type":"float32","components":2,"data":[0.827914,0.337977,0.795717,0.33798,0.827913,0.322377,0.795713,0.322382,0.795718,0.35358,0.827916,0.353576,0.79572,0.369177,0.827919,0.369174,0.79572,0.384774,0.827919,0.384772,0.795721,0.400371,0.827919,0.400369,0.795721,0.415966,0.827919,0.415965,0.795721,0.431561,0.82792,0.431561,0.795721,0.447157,0.82792,0.447157,0.795721,0.462752,0.82792,0.462753,0.795721,0.478349,0.827919,0.47835,0.79572,0.493946,0.827919,0.493947,0.79572,0.509542,0.827919,0.509545,0.795718,0.525141,0.827917,0.525144,0.827916,0.540742,0.795717,0.540739,0.827914,0.55634,0.795715,0.556337,0.827913,0.57194,0.795713,0.571936,0.725651,0.0764828,0.734317,0.0894522,0.697384,0.104749,0.712682,0.0678151,0.697384,0.0647723,0.682084,0.0678151,0.669116,0.0764813,0.66045,0.0894507,0.657407,0.104749,0.66045,0.120047,0.669116,0.133017,0.682084,0.141683,0.697384,0.144727,0.712682,0.141683,0.725651,0.133018,0.734317,0.120049,0.73736,0.104751,0.660783,0.180424,0.66945,0.167454,0.697717,0.195722,0.682419,0.158788,0.697717,0.155745,0.713015,0.158788,0.725985,0.167454,0.734651,0.180424,0.737694,0.195722,0.734651,0.211022,0.725985,0.22399,0.713015,0.232656,0.697717,0.2357,0.682419,0.232656,0.66945,0.22399,0.660783,0.211022,0.657741,0.195722]}}],"meshes":[{"aabb":{"min":[-36.3803,0.133149,93.8351],"max":[-23.5177,34.4166,128.119]},"vertices":0,"indices":[0,1,2,3,2,1,4,0,5,0,4,1,6,5,7,5,6,4,8,7,9,7,8,6,10,9,11,9,10,8,12,11,13,11,12,10,14,13,15,13,14,12,16,15,17,15,16,14,18,17,19,17,18,16,20,19,21,19,20,18,22,21,23,21,22,20,24,23,25,23,24,22,26,25,27,25,26,24,28,29,27,26,27,29,30,31,28,29,28,31,32,33,30,31,30,33,34,35,36,37,34,36,38,37,36,39,38,36,40,39,36,41,40,36,42,41,36,43,42,36,44,43,36,45,44,36,46,45,36,47,46,36,48,47,36,49,48,36,50,49,36,35,50,36,51,52,53,52,54,53,54,55,53,55,56,53,56,57,53,57,58,53,58,59,53,59,60,53,60,61,53,61,62,53,62,63,53,63,64,53,64,65,53,65,66,53,66,67,53,67,51,53],"type":"triangles","base":0,"count":192}],"meshInstances":[{"node":2,"mesh":0}]}}