{"model":{"version":3,"nodes":[{"name":"RootNode","position":[0,0,0],"rotation":[0,0,0],"scale":[0.01,0.01,0.01],"scaleCompensation":false},{"name":"RoadWork","position":[0,0,0],"rotation":[0,0,0],"scale":[1,1,1],"scaleCompensation":false},{"name":"Prop_Roadwork_Sign","position":[0,0,0],"rotation":[0,0,0],"scale":[1,1,1],"scaleCompensation":false}],"parents":[-1,0,1],"skins":[],"morphs":[],"vertices":[{"position":{"type":"float32","components":3,"data":[0.284933,-4.09782e-08,-0.292648,-0.300362,-4.09782e-08,-0.292648,-0.300362,0.132379,-0.292648,0.284933,0.132379,-0.292648,0.284933,0.132379,0.292648,-0.300362,0.132379,0.292648,-0.300362,-4.09782e-08,0.292648,0.284933,-4.09782e-08,0.292648,-0.300362,-4.09782e-08,-0.292648,0.284933,-4.09782e-08,0.292648,-0.300362,-4.09782e-08,0.292648,0.284933,-4.09782e-08,-0.292648,-0.300362,0.132379,0.292648,-0.300362,-4.09782e-08,-0.292648,-0.300362,-4.09782e-08,0.292648,-0.300362,0.132379,-0.292648,0.284933,0.132379,-0.292648,0.284933,0.132379,0.292648,0.284933,-4.09782e-08,0.292648,0.284933,-4.09782e-08,-0.292648,0.284933,0.132379,-0.292648,-0.300362,0.132379,-0.292648,-0.104475,0.132379,-0.0967598,0.0890465,0.132379,-0.0967598,-0.300362,0.132379,0.292648,-0.104475,0.132379,0.0967598,0.284933,0.132379,0.292648,0.0890465,0.132379,0.0967598,-0.104301,2.82396,-0.0965881,0.0890465,0.132379,-0.0967598,-0.104475,0.132379,-0.0967598,0.0888729,2.82396,-0.0965881,-0.104301,2.82396,0.0965881,-0.104475,0.132379,-0.0967598,-0.104475,0.132379,0.0967598,-0.104301,2.82396,-0.0965881,-0.104301,2.82396,0.0965881,-0.104475,0.132379,0.0967598,0.0888729,2.82396,0.0965881,0.0890465,0.132379,0.0967598,0.0890465,0.132379,-0.0967598,0.0888729,2.82396,0.0965881,0.0890465,0.132379,0.0967598,0.0888729,2.82396,-0.0965881,0.0888729,2.82396,0.0965881,-0.104301,2.82396,-0.0965881,-0.104301,2.82396,0.0965881,0.0888729,2.82396,-0.0965881,0.740435,2.43267,0.0934016,0,3.21121,0.0934016,0.740435,2.43267,0.195882,0,3.21121,0.195882,0,3.21121,0.0934016,-0.740435,2.43267,0.0934016,0,3.21121,0.195882,-0.740435,2.43267,0.195882,-0.740435,2.43267,0.0934016,0,1.65413,0.0934016,-0.740435,2.43267,0.195882,0,1.65413,0.195882,0,1.65413,0.0934016,0.740435,2.43267,0.0934016,0,1.65413,0.195882,0.740435,2.43267,0.195882,0.740435,2.43267,0.0934016,-0.740435,2.43267,0.0934016,0,3.21121,0.0934016,0,1.65413,0.0934016,0.740435,2.43267,0.195882,-0.740435,2.43267,0.195882,0,1.65413,0.195882,0,3.21121,0.195882]},"normal":{"type":"float32","components":3,"data":[0,0,-1,0,0,-1,0,0,-1,0,0,-1,0,0,1,0,0,1,0,0,1,0,0,1,0,-1,0,0,-1,0,0,-1,0,0,-1,0,-1,0,0,-1,0,0,-1,0,0,-1,0,0,1,0,0,1,0,0,1,0,0,1,0,0,-3.80347e-08,1,3.66276e-08,3.80348e-08,1,3.66276e-08,3.80351e-08,1,3.66277e-08,-3.80351e-08,1,3.66277e-08,3.80348e-08,1,-7.32561e-08,3.80351e-08,1,-7.32551e-08,-3.80347e-08,1,-7.32561e-08,-3.80351e-08,1,-7.32551e-08,0,6.37772e-05,-1,0,6.37772e-05,-1,0,6.37772e-05,-1,0,6.37772e-05,-1,-1,6.44881e-05,0,-1,6.44881e-05,0,-1,6.44881e-05,0,-1,6.44881e-05,0,0,6.37772e-05,1,0,6.37772e-05,1,0,6.37772e-05,1,0,6.37772e-05,1,1,6.44842e-05,0,1,6.44842e-05,0,1,6.44842e-05,0,1,6.44842e-05,0,0,1,0,0,1,0,0,1,0,0,1,0,0.724617,0.689152,0,0.724617,0.689152,0,0.724617,0.689152,0,0.724617,0.689152,0,-0.724617,0.689152,0,-0.724617,0.689152,0,-0.724617,0.689152,0,-0.724617,0.689152,0,-0.724617,-0.689152,0,-0.724617,-0.689152,0,-0.724617,-0.689152,0,-0.724617,-0.689152,0,0.724617,-0.689152,0,0.724617,-0.689152,0,0.724617,-0.689152,0,0.724617,-0.689152,0,0,0,-1,0,0,-1,0,0,-1,0,0,-1,0,0,1,0,0,1,0,0,1,0,0,1]},"texCoord0":{"type":"float32","components":2,"data":[0.540664,0.488294,0.540664,0.488294,0.540651,0.489662,0.540651,0.489662,0.540651,0.489662,0.540651,0.489662,0.540664,0.488294,0.540664,0.488294,0.540664,0.488294,0.540664,0.488294,0.540664,0.488294,0.540664,0.488294,0.540651,0.489662,0.540664,0.488294,0.540664,0.488294,0.540651,0.489662,0.540651,0.489662,0.540651,0.489662,0.540664,0.488294,0.540664,0.488294,0.539483,0.511496,0.539483,0.511496,0.539985,0.508518,0.539985,0.508518,0.539483,0.511496,0.539985,0.508518,0.539483,0.511496,0.539985,0.508518,0.540106,0.511093,0.539985,0.508518,0.539985,0.508518,0.540106,0.511093,0.540236,0.50703,0.539985,0.508518,0.539985,0.508518,0.540106,0.511093,0.540236,0.50703,0.539985,0.508518,0.540106,0.511093,0.539985,0.508518,0.539985,0.508518,0.540106,0.511093,0.539985,0.508518,0.540106,0.511093,0.540106,0.511093,0.540106,0.511093,0.539844,0.519219,0.540106,0.511093,0.540391,0.479078,0.540391,0.479078,0.540391,0.479078,0.540391,0.479078,0.540391,0.479078,0.540391,0.479078,0.540391,0.479078,0.540391,0.479078,0.540391,0.479078,0.540391,0.479078,0.540391,0.479078,0.540391,0.479078,0.540391,0.479078,0.540391,0.479078,0.540391,0.479078,0.540391,0.479078,0.541277,0.478265,0.541277,0.478265,0.541277,0.478265,0.541277,0.478265,0.997384,0.747927,0.501046,0.747927,0.749215,0.500078,0.749215,0.996811]}}],"meshes":[{"aabb":{"min":[-0.740435,-4.09782e-08,-0.292648],"max":[0.740435,3.21121,0.292648]},"vertices":0,"indices":[0,1,2,0,2,3,4,5,6,4,6,7,8,9,10,9,8,11,12,13,14,13,12,15,16,17,18,18,19,16,20,21,22,20,22,23,21,24,25,21,25,22,24,26,27,24,27,25,27,26,23,26,20,23,28,29,30,29,28,31,32,33,34,33,32,35,36,37,38,38,37,39,40,41,42,41,40,43,44,45,46,45,44,47,48,49,50,51,50,49,52,53,54,55,54,53,56,57,58,59,58,57,60,61,62,63,62,61,64,65,66,65,64,67,68,69,70,69,68,71],"type":"triangles","base":0,"count":120}],"meshInstances":[{"node":2,"mesh":0}]}}