{"model":{"version":3,"nodes":[{"name":"RootNode","position":[0,0,0],"rotation":[0,0,0],"scale":[0.01,0.01,0.01],"scaleCompensation":false},{"name":"Bus_01_W04","position":[0,1.11022e-15,2.22045e-16],"rotation":[-90,-0,0],"scale":[1,1,1],"scaleCompensation":false}],"parents":[-1,0],"skins":[],"morphs":[],"vertices":[{"position":{"type":"float32","components":3,"data":[-6.74278,5.5256,-17.006,6.74278,1.52588e-05,-17.8812,-6.74278,1.52588e-05,-17.8812,6.74278,5.5256,-17.006,-6.74278,10.5103,-14.4662,6.74278,10.5103,-14.4662,-6.74278,14.4662,-10.5103,6.74278,14.4662,-10.5103,-6.74278,17.006,-5.5256,6.74278,17.006,-5.5256,-6.74278,17.8812,-2.86102e-06,6.74278,17.8812,-2.86102e-06,-6.74278,17.006,5.52559,6.74278,17.006,5.52559,-6.74278,14.4662,10.5103,6.74278,14.4662,10.5103,-6.74278,10.5103,14.4662,6.74278,10.5103,14.4662,-6.74278,5.5256,17.006,6.74278,5.5256,17.006,-6.74278,2.28882e-05,17.8812,6.74278,2.28882e-05,17.8812,-6.74278,-5.52561,17.006,6.74278,-5.52561,17.006,-6.74278,-10.5103,14.4662,6.74278,-10.5103,14.4662,-6.74278,-14.4662,10.5103,6.74278,-14.4662,10.5103,-6.74278,-17.006,5.52558,6.74278,-17.006,5.52558,-6.74278,-17.8812,-2.00272e-05,6.74278,-17.8812,-2.00272e-05,-6.74278,-17.006,-5.52561,6.74278,-17.006,-5.52561,-6.74278,-14.4662,-10.5103,6.74278,-14.4662,-10.5103,-6.74278,-10.5103,-14.4662,6.74278,-10.5103,-14.4662,-6.74278,-5.52557,-17.006,6.74278,-5.52557,-17.006,6.74278,-5.52557,-17.006,-6.74278,-5.52557,-17.006,-6.74278,5.33427,-10.4691,-6.74278,1.52588e-05,-17.8812,-6.74278,-1.83806,-11.6051,-6.74278,5.5256,-17.006,-6.74278,10.5103,-14.4662,-6.74278,14.4662,-10.5103,-6.74278,10.4691,-5.33428,-6.74278,17.006,-5.5256,-6.74278,11.6051,1.83807,-6.74278,17.8812,-2.86102e-06,-6.74278,17.006,5.52559,-6.74278,14.4662,10.5103,-6.74278,8.30833,8.30833,-6.74278,10.5103,14.4662,-6.74278,5.5256,17.006,-6.74278,1.83806,11.6051,-6.74278,2.28882e-05,17.8812,-6.74278,-5.52561,17.006,-6.74278,-5.33428,10.4691,-6.74278,-10.5103,14.4662,-6.74278,-10.4691,5.33427,-6.74278,-14.4662,10.5103,-6.74278,-17.006,5.52558,-6.74278,-11.605,-1.83808,-6.74278,-17.8812,-2.00272e-05,-6.74278,-17.006,-5.52561,-6.74278,-8.30832,-8.30834,-6.74278,-14.4662,-10.5103,-6.74278,-10.5103,-14.4662,-6.74278,-5.52557,-17.006,-2.32076,-0.982132,-6.20094,-2.32076,2.85025,-5.59394,-2.32076,5.59393,-2.85026,-2.32076,6.20094,0.982123,-2.32076,4.43941,4.43937,-2.32076,0.982155,6.20092,-2.32076,-2.85025,5.59393,-2.32076,-5.59394,2.85024,-2.32076,-6.20091,-0.982142,-2.32076,-4.43937,-4.43939,-2.32076,1.52588e-05,-6.67572e-06,6.74278,5.5256,-17.006,6.74278,1.52588e-05,-6.67572e-06,6.74278,1.52588e-05,-17.8812,6.74278,10.5103,-14.4662,6.74278,14.4662,-10.5103,6.74278,17.006,-5.5256,6.74278,17.8812,-2.86102e-06,6.74278,17.006,5.52559,6.74278,14.4662,10.5103,6.74278,10.5103,14.4662,6.74278,5.5256,17.006,6.74278,2.28882e-05,17.8812,6.74278,-5.52561,17.006,6.74278,-10.5103,14.4662,6.74278,-14.4662,10.5103,6.74278,-17.006,5.52558,6.74278,-17.8812,-2.00272e-05,6.74278,-17.006,-5.52561,6.74278,-14.4662,-10.5103,6.74278,-10.5103,-14.4662,6.74278,-5.52557,-17.006]},"normal":{"type":"float32","components":3,"data":[0,0.309016,-0.951057,0,7.77974e-07,-1,0,7.77974e-07,-1,0,0.309016,-0.951057,0,0.587786,-0.809016,0,0.587786,-0.809016,0,0.809018,-0.587784,0,0.809018,-0.587784,0,0.951056,-0.309018,0,0.951056,-0.309018,0,1,-6.77126e-07,0,1,-6.77126e-07,0,0.951056,0.309018,0,0.951056,0.309018,0,0.809017,0.587785,0,0.809017,0.587785,0,0.587786,0.809016,0,0.587786,0.809016,0,0.309016,0.951057,0,0.309016,0.951057,0,5.13847e-07,1,0,5.13847e-07,1,0,-0.309018,0.951056,0,-0.309018,0.951056,0,-0.587785,0.809017,0,-0.587785,0.809017,0,-0.809019,0.587783,0,-0.809019,0.587783,0,-0.951056,0.309017,0,-0.951056,0.309017,0,-1,-7.20348e-08,0,-1,-7.20348e-08,0,-0.951056,-0.309019,0,-0.951056,-0.309019,0,-0.809017,-0.587785,0,-0.809017,-0.587785,0,-0.587784,-0.809018,0,-0.587784,-0.809018,0,-0.309016,-0.951057,0,-0.309016,-0.951057,0,-0.309016,-0.951057,0,-0.309016,-0.951057,-0.962379,-0.123354,0.242095,-1,0,0,-0.962379,0.0425046,0.268365,-1,0,0,-1,0,0,-1,0,0,-0.962379,-0.242095,0.123354,-1,0,0,-0.962379,-0.268365,-0.0425046,-1,0,0,-1,0,0,-1,0,0,-0.962379,-0.192128,-0.192128,-1,0,0,-1,0,0,-0.962379,-0.0425045,-0.268365,-1,0,0,-1,0,0,-0.962379,0.123354,-0.242095,-1,0,0,-0.962379,0.242096,-0.123353,-1,0,0,-1,0,0,-0.962379,0.268367,0.0425054,-1,0,0,-1,0,0,-0.962379,0.192128,0.192127,-1,0,0,-1,0,0,-1,0,0,-0.920899,0.0609783,0.385003,-0.920899,-0.176966,0.347315,-0.920899,-0.347315,0.176966,-0.920899,-0.385002,-0.0609777,-0.920898,-0.275633,-0.275632,-0.920899,-0.0609786,-0.385003,-0.920899,0.176966,-0.347315,-0.920898,0.347317,-0.176965,-0.920899,0.385003,0.0609787,-0.920899,0.275632,0.275631,-1,0,0,1,0,0,1,0,0,1,0,0,1,0,0,1,0,0,1,0,0,1,0,0,1,0,0,1,0,0,1,0,0,1,0,0,1,0,0,1,0,0,1,0,0,1,0,0,1,0,0,1,0,0,1,0,0,1,0,0,1,0,0,1,0,0]},"texCoord0":{"type":"float32","components":2,"data":[0.98325,0.27353,0.935622,0.252541,0.983691,0.253595,0.935181,0.272488,0.982813,0.293459,0.934743,0.292443,0.982387,0.313377,0.934316,0.312409,0.981982,0.333283,0.93391,0.332388,0.98161,0.353173,0.933537,0.352385,0.981287,0.373044,0.933211,0.372403,0.981029,0.392894,0.932951,0.392444,0.980857,0.412719,0.932777,0.412512,0.980791,0.432516,0.932712,0.432609,0.980862,0.452283,0.932784,0.452737,0.981097,0.472018,0.933025,0.472892,0.981518,0.491724,0.933457,0.493069,0.982146,0.511401,0.934103,0.513264,0.983005,0.531193,0.934972,0.533326,0.983872,0.551118,0.935839,0.553252,0.984744,0.571043,0.936711,0.573176,0.985619,0.590971,0.937586,0.593098,0.986493,0.610901,0.938459,0.61302,0.98737,0.630828,0.939336,0.632946,0.936062,0.232598,0.984131,0.233655,0.542602,0.584638,0.522189,0.55809,0.515159,0.580292,0.542776,0.56135,0.561339,0.570809,0.576078,0.585548,0.562249,0.604287,0.585536,0.604113,0.566597,0.631736,0.588797,0.624703,0.585539,0.645285,0.576077,0.663859,0.553984,0.656498,0.561346,0.678593,0.542775,0.688057,0.529229,0.669115,0.522199,0.691317,0.501611,0.688057,0.501786,0.664769,0.483049,0.678598,0.482138,0.645121,0.46831,0.663859,0.458851,0.645295,0.47779,0.617672,0.45559,0.624705,0.458849,0.604123,0.490403,0.59291,0.46831,0.585548,0.483041,0.570814,0.501612,0.56135,0.518918,0.60402,0.531698,0.606044,0.540847,0.615196,0.542871,0.62798,0.536997,0.639511,0.525469,0.645386,0.512689,0.643362,0.503541,0.634211,0.501516,0.621427,0.50739,0.609896,0.522193,0.624703,0.396366,0.559185,0.376738,0.619846,0.376668,0.556088,0.414145,0.568217,0.428264,0.582303,0.437341,0.600065,0.440485,0.619767,0.437387,0.639478,0.428351,0.657264,0.414263,0.671385,0.396503,0.68046,0.376809,0.683602,0.35711,0.680505,0.339331,0.671471,0.325211,0.657385,0.316135,0.639622,0.312992,0.61992,0.316091,0.600209,0.325128,0.582423,0.339216,0.568304,0.356976,0.55923]}}],"meshes":[{"aabb":{"min":[-6.74278,-17.8812,-17.8812],"max":[6.74278,17.8812,17.8812]},"vertices":0,"indices":[0,1,2,1,0,3,4,3,0,3,4,5,6,7,5,6,5,4,8,9,7,8,7,6,10,11,9,10,9,8,12,13,11,12,11,10,14,15,13,14,13,12,16,17,15,16,15,14,18,17,16,17,18,19,20,19,18,19,20,21,21,20,22,21,22,23,23,22,24,23,24,25,25,24,26,25,26,27,27,26,28,27,28,29,29,28,30,29,30,31,32,31,30,31,32,33,34,33,32,33,34,35,36,35,34,35,36,37,37,36,38,37,38,39,40,41,2,40,2,1,42,43,44,43,42,45,45,42,46,42,47,46,47,42,48,47,48,49,50,51,49,49,48,50,51,50,52,50,53,52,53,50,54,53,54,55,54,56,55,56,54,57,56,57,58,59,57,60,57,59,58,59,60,61,61,62,63,62,61,60,63,62,64,65,64,62,64,65,66,66,65,67,67,65,68,67,68,69,69,68,70,44,71,70,44,70,68,71,44,43,72,42,44,42,72,73,74,42,73,48,42,74,75,50,48,48,74,75,50,76,54,76,50,75,77,54,76,57,54,77,60,57,78,57,77,78,62,78,79,78,62,60,79,65,62,65,79,80,68,65,81,65,80,81,72,44,68,72,68,81,72,82,73,73,82,74,74,82,75,75,82,76,76,82,77,77,82,78,78,82,79,79,82,80,80,82,81,81,82,72,83,84,85,86,84,83,87,84,86,88,84,87,89,84,88,90,84,89,91,84,90,92,84,91,93,84,92,94,84,93,95,84,94,96,84,95,97,84,96,98,84,97,99,84,98,100,84,99,101,84,100,102,84,101,103,84,102,85,84,103],"type":"triangles","base":0,"count":360}],"meshInstances":[{"node":1,"mesh":0}]}}