{"model":{"version":3,"nodes":[{"name":"RootNode","position":[0,0,0],"rotation":[0,0,0],"scale":[0.3048,0.3048,0.3048],"scaleCompensation":false},{"name":"comp_env_01","position":[0,0,0],"rotation":[0,0,0],"scale":[0.0328084,0.0328084,0.0328084],"scaleCompensation":false},{"name":"props","position":[0,0,0],"rotation":[0,-0,0],"scale":[1,1,1],"scaleCompensation":false},{"name":"barrier_iron1","position":[0,0,0],"rotation":[0,-0,0],"scale":[1,1,1],"scaleCompensation":false}],"parents":[-1,0,1,2],"skins":[],"morphs":[],"vertices":[{"position":{"type":"float32","components":3,"data":[1123.69,45.1675,801.434,1123.69,-3.09298,784.776,1119.78,-3.09298,784.776,1119.78,45.1675,801.434,1123.69,45.1675,804.756,1119.78,45.1675,801.434,1119.78,45.1675,804.756,1123.69,45.1675,801.434,1123.69,-3.09298,788.098,1123.69,45.1675,804.756,1119.78,45.1675,804.756,1119.78,-3.09298,788.098,1123.69,-3.09298,788.098,1119.78,-3.09298,788.098,1123.69,-3.09298,784.776,1119.78,-3.09298,784.776,1123.69,-3.09298,788.098,1123.69,45.1675,801.434,1123.69,45.1675,804.756,1123.69,-3.09298,784.776,1119.78,45.1675,801.434,1119.78,-3.09298,784.776,1119.78,-3.09298,788.098,1119.78,45.1675,804.756,1030.37,45.1675,801.434,1030.37,-3.09298,784.776,1026.46,-3.09298,784.776,1026.46,45.1675,801.434,1030.37,45.1675,804.756,1026.46,45.1675,801.434,1026.46,45.1675,804.756,1030.37,45.1675,801.434,1030.37,-3.09298,788.098,1030.37,45.1675,804.756,1026.46,45.1675,804.756,1026.46,-3.09298,788.098,1030.37,-3.09298,788.098,1026.46,-3.09298,788.098,1030.37,-3.09298,784.776,1026.46,-3.09298,784.776,1030.37,-3.09298,788.098,1030.37,45.1675,801.434,1030.37,45.1675,804.756,1030.37,-3.09298,784.776,1026.46,45.1675,801.434,1026.46,-3.09298,784.776,1026.46,-3.09298,788.098,1026.46,45.1675,804.756,1122.95,17.0048,814.243,1026.21,17.0048,814.243,1026.21,14.1585,814.243,1122.95,14.1585,814.243,1122.95,17.0048,812.745,1026.21,17.0048,814.243,1122.95,17.0048,814.243,1026.21,17.0048,812.745,1122.95,14.1585,812.745,1026.21,14.1585,812.745,1026.21,17.0048,812.745,1122.95,17.0048,812.745,1122.95,14.1585,814.243,1026.21,14.1585,814.243,1026.21,14.1585,812.745,1122.95,14.1585,812.745,1122.95,14.1585,812.745,1122.95,17.0048,812.745,1122.95,14.1585,814.243,1122.95,17.0048,814.243,1026.21,17.0048,814.243,1026.21,14.1585,812.745,1026.21,14.1585,814.243,1026.21,17.0048,812.745,1026.46,45.1675,804.76,1026.46,-3.09298,821.456,1030.37,45.1675,804.76,1030.37,-3.09298,821.456,1030.37,45.1675,804.76,1030.37,45.1675,801.431,1026.46,45.1675,804.76,1026.46,45.1675,801.431,1026.46,-3.09298,818.127,1026.46,45.1675,801.431,1030.37,-3.09298,818.127,1030.37,45.1675,801.431,1030.37,-3.09298,821.456,1026.46,-3.09298,821.456,1026.46,-3.09298,818.127,1030.37,-3.09298,818.127,1030.37,-3.09298,818.127,1030.37,45.1675,804.76,1030.37,-3.09298,821.456,1030.37,45.1675,801.431,1026.46,45.1675,804.76,1026.46,-3.09298,818.127,1026.46,-3.09298,821.456,1026.46,45.1675,801.431,1122.95,17.0048,793.98,1026.21,17.0048,793.98,1026.21,14.1585,793.98,1122.95,14.1585,793.98,1026.21,17.0048,793.98,1122.95,17.0048,793.98,1122.95,17.0048,792.483,1026.21,17.0048,792.483,1122.95,14.1585,792.483,1026.21,14.1585,792.483,1026.21,17.0048,792.483,1122.95,17.0048,792.483,1122.95,14.1585,793.98,1026.21,14.1585,793.98,1026.21,14.1585,792.483,1122.95,14.1585,792.483,1122.95,14.1585,792.483,1122.95,17.0048,792.483,1122.95,14.1585,793.98,1122.95,17.0048,793.98,1026.21,17.0048,793.98,1026.21,14.1585,792.483,1026.21,14.1585,793.98,1026.21,17.0048,792.483,1130.23,70.4275,806.613,1017.64,70.4275,806.613,1017.64,43.2178,806.613,1130.23,43.2178,806.613,1017.64,70.4275,806.613,1130.23,70.4275,806.613,1130.23,70.4275,799.095,1017.64,70.4275,799.095,1130.23,43.2178,799.095,1017.64,43.2178,799.095,1017.64,70.4275,799.095,1130.23,70.4275,799.095,1130.23,43.2178,806.613,1017.64,43.2178,806.613,1017.64,43.2178,799.095,1130.23,43.2178,799.095,1130.23,43.2178,799.095,1130.23,70.4275,799.095,1130.23,43.2178,806.613,1130.23,70.4275,806.613,1017.64,70.4275,806.613,1017.64,43.2178,799.095,1017.64,43.2178,806.613,1017.64,70.4275,799.095,1119.78,45.1675,804.76,1119.78,-3.09298,821.456,1123.69,45.1675,804.76,1123.69,-3.09298,821.456,1123.69,45.1675,804.76,1123.69,45.1675,801.431,1119.78,45.1675,804.76,1119.78,45.1675,801.431,1119.78,-3.09298,818.127,1119.78,45.1675,801.431,1123.69,-3.09298,818.127,1123.69,45.1675,801.431,1123.69,-3.09298,821.456,1119.78,-3.09298,821.456,1119.78,-3.09298,818.127,1123.69,-3.09298,818.127,1123.69,-3.09298,818.127,1123.69,45.1675,804.76,1123.69,-3.09298,821.456,1123.69,45.1675,801.431,1119.78,45.1675,804.76,1119.78,-3.09298,818.127,1119.78,-3.09298,821.456,1119.78,45.1675,801.431]},"normal":{"type":"float32","components":3,"data":[0,0.326275,-0.945275,0,0.326275,-0.945275,0,0.326275,-0.945275,0,0.326275,-0.945275,0,1,0,0,1,0,0,1,0,0,1,0,0,-0.326275,0.945275,0,-0.326275,0.945275,0,-0.326275,0.945275,0,-0.326275,0.945275,0,-1,0,0,-1,0,0,-1,0,0,-1,0,1,-3.04625e-06,0,1,-3.04625e-06,0,1,-3.04625e-06,0,1,-3.04625e-06,0,-1,-1.52313e-06,0,-1,-1.52313e-06,0,-1,-1.52313e-06,0,-1,-1.52313e-06,0,0,0.326284,-0.945272,0,0.326284,-0.945272,0,0.326284,-0.945272,0,0.326284,-0.945272,0,1,0,0,1,0,0,1,0,0,1,0,0,-0.326275,0.945275,0,-0.326275,0.945275,0,-0.326275,0.945275,0,-0.326275,0.945275,0,-1,0,0,-1,0,0,-1,0,0,-1,0,1,-9.13876e-06,0,1,-9.13876e-06,0,1,-9.13876e-06,0,1,-9.13876e-06,0,-1,-4.56938e-06,0,-1,-4.56938e-06,0,-1,-4.56938e-06,0,-1,-4.56938e-06,0,0,0,1,0,0,1,0,0,1,0,0,1,0,1,0,0,1,0,0,1,0,0,1,0,0,0,-1,0,0,-1,0,0,-1,0,0,-1,0,-1,0,0,-1,0,0,-1,0,0,-1,0,1,0,0,1,0,0,1,0,0,1,0,0,-1,0,0,-1,0,0,-1,0,0,-1,0,0,0,0.326957,0.945039,0,0.326957,0.945039,0,0.326957,0.945039,0,0.326957,0.945039,0,1,0,0,1,0,0,1,0,0,1,0,0,-0.326957,-0.945039,0,-0.326957,-0.945039,0,-0.326957,-0.945039,0,-0.326957,-0.945039,0,-1,0,0,-1,0,0,-1,0,0,-1,0,1,0,0,1,0,0,1,0,0,1,0,0,-1,0,0,-1,0,0,-1,0,0,-1,0,0,0,0,1,0,0,1,0,0,1,0,0,1,0,1,0,0,1,0,0,1,0,0,1,0,0,0,-1,0,0,-1,0,0,-1,0,0,-1,0,-1,0,0,-1,0,0,-1,0,0,-1,0,1,0,0,1,0,0,1,0,0,1,0,0,-1,0,0,-1,0,0,-1,0,0,-1,0,0,0,0,1,0,0,1,0,0,1,0,0,1,0,1,0,0,1,0,0,1,0,0,1,0,0,0,-1,0,0,-1,0,0,-1,0,0,-1,0,-1,0,0,-1,0,0,-1,0,0,-1,0,1,0,0,1,0,0,1,0,0,1,0,0,-1,0,0,-1,0,0,-1,0,0,-1,0,0,0,0.326948,0.945042,0,0.326948,0.945042,0,0.326948,0.945042,0,0.326948,0.945042,0,1,0,0,1,0,0,1,0,0,1,0,0,-0.326948,-0.945042,0,-0.326948,-0.945042,0,-0.326948,-0.945042,0,-0.326948,-0.945042,0,-1,0,0,-1,0,0,-1,0,0,-1,0,1,0,0,1,0,0,1,0,0,1,0,0,-1,0,0,-1,0,0,-1,0,0,-1,0,0]},"texCoord0":{"type":"float32","components":2,