{"model":{"version":3,"nodes":[{"name":"RootNode","position":[0,0,0],"rotation":[0,0,0],"scale":[0.01,0.01,0.01],"scaleCompensation":false},{"name":"Bus_02_W06","position":[-48.8602,17.7401,-146.221],"rotation":[-90,-0,0],"scale":[1,1,1],"scaleCompensation":false}],"parents":[-1,0],"skins":[],"morphs":[],"vertices":[{"position":{"type":"float32","components":3,"data":[6.72873,2.28882e-05,-17.8439,-6.72873,2.28882e-05,-17.8439,-6.72873,5.51412,-16.9706,6.72873,5.51412,-16.9706,-6.72873,10.4885,-14.436,6.72873,10.4885,-14.436,-6.72873,14.436,-10.4884,6.72873,14.436,-10.4884,-6.72873,16.9706,-5.51408,6.72873,16.9706,-5.51408,-6.72873,17.8439,-3.8147e-06,6.72873,17.8439,-3.8147e-06,-6.72873,16.9706,5.51407,6.72873,16.9706,5.51407,-6.72873,14.436,10.4884,6.72873,14.436,10.4884,-6.72873,10.4885,14.436,6.72873,10.4885,14.436,-6.72873,5.51412,16.9706,6.72873,5.51412,16.9706,-6.72873,2.28882e-05,17.8439,6.72873,2.28882e-05,17.8439,-6.72873,-5.51405,16.9706,6.72873,-5.51405,16.9706,-6.72873,-10.4884,14.436,6.72873,-10.4884,14.436,-6.72873,-14.436,10.4884,6.72873,-14.436,10.4884,-6.72873,-16.9706,5.51406,6.72873,-16.9706,5.51406,-6.72873,-17.8439,-3.05176e-05,6.72873,-17.8439,-3.05176e-05,-6.72873,-16.9706,-5.5141,6.72873,-16.9706,-5.5141,-6.72873,-14.436,-10.4884,6.72873,-14.436,-10.4884,-6.72873,-10.4883,-14.4361,6.72873,-10.4883,-14.4361,-6.72873,-5.51404,-16.9706,6.72873,-5.51404,-16.9706,6.72873,-5.51404,-16.9706,-6.72873,-5.51404,-16.9706,-6.72873,-1.8342,-11.5809,-6.72873,5.51412,-16.9706,-6.72873,2.28882e-05,-17.8439,-6.72873,5.32319,-10.4473,-6.72873,10.4885,-14.436,-6.72873,14.436,-10.4884,-6.72873,10.4473,-5.32317,-6.72873,16.9706,-5.51408,-6.72873,17.8439,-3.8147e-06,-6.72873,11.5809,1.83424,-6.72873,16.9706,5.51407,-6.72873,8.29102,8.291,-6.72873,14.436,10.4884,-6.72873,10.4885,14.436,-6.72873,5.51412,16.9706,-6.72873,1.83428,11.5809,-6.72873,2.28882e-05,17.8439,-6.72873,-5.51405,16.9706,-6.72873,-5.32314,10.4473,-6.72873,-10.4884,14.436,-6.72873,-10.4473,5.32314,-6.72873,-14.436,10.4884,-6.72873,-16.9706,5.51406,-6.72873,-11.5809,-1.83425,-6.72873,-17.8439,-3.05176e-05,-6.72873,-16.9706,-5.5141,-6.72873,-8.29099,-8.29103,-6.72873,-14.436,-10.4884,-6.72873,-10.4883,-14.4361,-6.72873,-5.51404,-16.9706,-2.31593,2.84434,-5.58229,-2.31593,-0.980087,-6.18802,-2.31593,5.58228,-2.84432,-2.31593,6.188,0.980076,-2.31593,4.43012,4.43012,-2.31593,0.98008,6.188,-2.31593,-2.84431,5.58227,-2.31593,-5.58229,2.8443,-2.31593,-6.18798,-0.980095,-2.31593,-4.43011,-4.43013,-2.31593,2.28882e-05,-1.14441e-05,6.72873,5.51412,-16.9706,6.72873,2.28882e-05,-1.14441e-05,6.72873,2.28882e-05,-17.8439,6.72873,10.4885,-14.436,6.72873,14.436,-10.4884,6.72873,16.9706,-5.51408,6.72873,17.8439,-3.8147e-06,6.72873,16.9706,5.51407,6.72873,14.436,10.4884,6.72873,10.4885,14.436,6.72873,5.51412,16.9706,6.72873,2.28882e-05,17.8439,6.72873,-5.51405,16.9706,6.72873,-10.4884,14.436,6.72873,-14.436,10.4884,6.72873,-16.9706,5.51406,6.72873,-17.8439,-3.05176e-05,6.72873,-16.9706,-5.5141,6.72873,-14.436,-10.4884,6.72873,-10.4883,-14.4361,6.72873,-5.51404,-16.9706]},"normal":{"type":"float32","components":3,"data":[0,1.39267e-07,-1,0,1.39267e-07,-1,0,0.309016,-0.951057,0,0.309016,-0.951057,0,0.587788,-0.809015,0,0.587788,-0.809015,0,0.809019,-0.587783,0,0.809019,-0.587783,0,0.951056,-0.309018,0,0.951056,-0.309018,0,1,6.24301e-08,0,1,6.24301e-08,0,0.951056,0.309018,0,0.951056,0.309018,0,0.809019,0.587782,0,0.809019,0.587782,0,0.587788,0.809015,0,0.587788,0.809015,0,0.309017,0.951056,0,0.309017,0.951056,0,-9.98881e-07,1,0,-9.98881e-07,1,0,-0.309019,0.951056,0,-0.309019,0.951056,0,-0.587784,0.809018,0,-0.587784,0.809018,0,-0.809016,0.587787,0,-0.809016,0.587787,0,-0.951056,0.309017,0,-0.951056,0.309017,0,-1,-2.97743e-07,0,-1,-2.97743e-07,0,-0.951056,-0.309019,0,-0.951056,-0.309019,0,-0.809014,-0.587789,0,-0.809014,-0.587789,0,-0.587783,-0.809019,0,-0.587783,-0.809019,0,-0.309017,-0.951056,0,-0.309017,-0.951056,0,-0.309017,-0.951056,0,-0.309017,-0.951056,-0.962379,0.0425044,0.268364,-1,0,0,-1,0,0,-0.962379,-0.123353,0.242095,-1,0,0,-1,0,0,-0.96238,-0.242093,0.123352,-1,0,0,-1,0,0,-0.96238,-0.268363,-0.0425053,-1,0,0,-0.962379,-0.192127,-0.192127,-1,0,0,-1,0,0,-1,0,0,-0.962379,-0.0425051,-0.268364,-1,0,0,-1,0,0,-0.962379,0.123354,-0.242095,-1,0,0,-0.962379,0.242095,-0.123353,-1,0,0,-1,0,0,-0.962379,0.268365,0.0425052,-1,0,0,-1,0,0,-0.962379,0.192128,0.192127,-1,0,0,-1,0,0,-1,0,0,-0.9209,-0.176965,0.347315,-0.920899,0.0609787,0.385002,-0.9209,-0.347313,0.176964,-0.9209,-0.385,-0.0609792,-0.920899,-0.27563,-0.27563,-0.920899,-0.0609778,-0.385002,-0.920899,0.176966,-0.347315,-0.920898,0.347317,-0.176966,-0.920899,0.385002,0.0609787,-0.920899,0.275632,0.27563,-1,0,0,1,0,0,1,0,0,1,0,0,1,0,0,1,0,0,1,0,0,1,0,0,1,0,0,1,0,0,1,0,0,1,0,0,1,0,0,1,0,0,1,0,0,1,0,0,1,0,0,1,0,0,1,0,0,1,0,0,1,0,0,1,0,0]},"texCoord0":{"type":"float32","components":2,"data":[0.288436,0.253357,0.319485,0.253357,0.319487,0.240484,0.288438,0.240484,0.31949,0.227616,0.288441,0.227609,0.3195,0.214751,0.288451,0.214732,0.319513,0.201883,0.288464,0.20186,0.319526,0.189014,0.288477,0.188992,0.319536,0.176144,0.288487,0.176126,0.319543,0.163273,0.288494,0.163262,0.319545,0.150401,0.288496,0.150398,0.319543,0.137531,0.288494,0.137531,0.319539,0.124662,0.28849,0.124662,0.319535,0.111792,0.288486,0.111792,0.31953,0.0989214,0.288481,0.0989214,0.319523,0.0860461,0.288474,0.0860547,0.31951,0.0731686,0.288461,0.0731893,0.319494,0.0602952,0.288445,0.0603185,0.319481,0.0474252,0.288432,0.0474432,0.319472,0.0345575,0.288423,0.0345643,0.31947,0.0216869,0.288421,0.0216869,0.31947,0.00881256,0.288421,0.00881256,0.288436,0.266232,0.319485,0.266232,0.782163,0.372987,0.80301,0.358692,0.78747,0.35623,0.802879,0.376269,0.817023,0.365831,0.828148,0.376957,0.817711,0.3911,0.835288,0.390969,0.837749,0.40651,0.820992,0.411817,0.835289,0.422043,0.81147,0.430505,0.828146,0.436062,0.817026,0.447181,0.803008,0.454324,0.792782,0.440027,0.787475,0.456784,0.771934,0.454323,0.772065,0.436746,0.757923,0.447184,0.757235,0.421915,0.746797,0.436058,0.739658,0.422046,0.753954,0.401197,0.737197,0.406505,0.739657,0.390972,0.763475,0.382509,0.746799,0.376953,0.757919,0.365833,0.771937,0.35869,0.794646,0.392427,0.784999,0.390899,0.801552,0.399333,0.80308,0.40898,0.798646,0.417681,0.789944,0.422115,0.780298,0.420587,0.773392,0.413681,0.771865,0.404035,0.776298,0.395333,0.787472,0.406507,0.798876,0.477061,0.78406,0.522842,0.784004,0.474723,0.812298,0.48388,0.822955,0.494512,0.829806,0.507918,0.832178,0.522785,0.82984,0.537659,0.823021,0.551081,0.812388,0.561739,0.798983,0.568589,0.784116,0.570962,0.769244,0.568624,0.755822,0.561805,0.745165,0.551172,0.738314,0.537767,0.735942,0.522899,0.738279,0.508026,0.745098,0.494604,0.755731,0.483946,0.769137,0.477096]}}],"meshes":[{"aabb":{"min":[-6.72873,-17.8439,-17.8439],"max":[6.72873,17.8439,17.8439]},"vertices":0,"indices":[0,1,2,0,2,3,3,2,4,3,4,5,6,7,5,6,5,4,8,9,7,8,7,6,10,11,9,10,9,8,12,13,11,12,11,10,14,15,13,14,13,12,16,17,15,16,15,14,17,16,18,17,18,19,19,18,20,19,20,21,21,20,22,21,22,23,23,22,24,23,24,25,26,25,24,25,26,27,27,26,28,27,28,29,29,28,30,29,30,31,31,30,32,31,32,33,33,32,34,33,34,35,35,34,36,35,36,37,37,36,38,37,38,39,40,41,1,40,1,0,42,43,44,43,42,45,43,45,46,45,47,46,47,45,48,47,48,49,50,48,51,48,50,49,50,51,52,53,52,51,52,53,54,54,53,55,53,56,55,56,53,57,56,57,58,59,57,60,57,59,58,59,60,61,61,62,63,62,61,60,63,62,64,65,64,62,64,65,66,66,65,67,67,65,68,67,68,69,69,68,70,42,71,70,42,70,68,71,42,44,72,42,73,42,72,45,74,45,72,48,45,74,51,74,75,74,51,48,53,75,76,75,53,51,76,57,53,57,76,77,60,77,78,77,60,57,62,78,79,78,62,60,79,65,62,65,79,80,68,65,81,65,80,81,73,42,68,73,68,81,73,82,72,72,82,74,74,82,75,75,82,76,76,82,77,77,82,78,78,82,79,79,82,80,80,82,81,81,82,73,83,84,85,86,84,83,87,84,86,88,84,87,89,84,88,90,84,89,91,84,90,92,84,91,93,84,92,94,84,93,95,84,94,96,84,95,97,84,96,98,84,97,99,84,98,100,84,99,101,84,100,102,84,101,103,84,102,85,84,103],"type":"triangles","base":0,"count":360}],"meshInstances":[{"node":1,