{"model":{"version":3,"nodes":[{"name":"RootNode","position":[0,0,0],"rotation":[0,0,0],"scale":[0.01,0.01,0.01],"scaleCompensation":false},{"name":"Prop_Roadwork_Sign","position":[0,0,0],"rotation":[-0,-89.622,0],"scale":[1,1,1],"scaleCompensation":false},{"name":"Prop_Roadwork_Sign_1","position":[0,0,0],"rotation":[0,0,0],"scale":[1,1,1],"scaleCompensation":false}],"parents":[-1,0,1],"skins":[],"morphs":[],"vertices":[{"position":{"type":"float32","components":3,"data":[28.4933,-4.09782e-06,-29.2648,-30.0362,13.2379,-29.2648,28.4933,13.2379,-29.2648,-30.0362,-4.09782e-06,-29.2648,28.4933,13.2379,29.2648,-30.0362,-4.09782e-06,29.2648,28.4933,-4.09782e-06,29.2648,-30.0362,13.2379,29.2648,28.4933,-4.09782e-06,29.2648,-30.0362,-4.09782e-06,-29.2648,28.4933,-4.09782e-06,-29.2648,-30.0362,-4.09782e-06,29.2648,-30.0362,-4.09782e-06,-29.2648,-30.0362,13.2379,29.2648,-30.0362,13.2379,-29.2648,-30.0362,-4.09782e-06,29.2648,28.4933,-4.09782e-06,29.2648,28.4933,13.2379,-29.2648,28.4933,13.2379,29.2648,28.4933,-4.09782e-06,-29.2648,28.4933,13.2379,-29.2648,-10.4475,13.2379,-9.67598,8.90465,13.2379,-9.67598,-30.0362,13.2379,-29.2648,-10.4475,13.2379,9.67598,-30.0362,13.2379,29.2648,8.90465,13.2379,9.67598,28.4933,13.2379,29.2648,8.90465,13.2379,-9.67598,-10.4301,282.396,-9.65881,8.88729,282.396,-9.65881,-10.4475,13.2379,-9.67598,-10.4475,13.2379,-9.67598,-10.4301,282.396,9.65881,-10.4301,282.396,-9.65881,-10.4475,13.2379,9.67598,-10.4475,13.2379,9.67598,8.88729,282.396,9.65881,-10.4301,282.396,9.65881,8.90465,13.2379,9.67598,8.90465,13.2379,9.67598,8.88729,282.396,-9.65881,8.88729,282.396,9.65881,8.90465,13.2379,-9.67598,-10.4301,282.396,-9.65881,8.88729,282.396,9.65881,8.88729,282.396,-9.65881,-10.4301,282.396,9.65881,74.0435,243.267,19.5882,0,321.121,9.34016,0,321.121,19.5882,74.0435,243.267,9.34016,0,321.121,19.5882,-74.0435,243.267,9.34016,-74.0435,243.267,19.5882,0,321.121,9.34016,-74.0435,243.267,19.5882,0,165.413,9.34016,0,165.413,19.5882,-74.0435,243.267,9.34016,0,165.413,19.5882,74.0435,243.267,9.34016,74.0435,243.267,19.5882,0,165.413,9.34016,-74.0435,243.267,9.34016,74.0435,243.267,9.34016,0,165.413,9.34016,0,321.121,9.34016,0,165.413,19.5882,0,321.121,19.5882,-74.0435,243.267,19.5882,74.0435,243.267,19.5882]},"normal":{"type":"float32","components":3,"data":[0,0,-1,0,0,-1,0,0,-1,0,0,-1,0,0,1,0,0,1,0,0,1,0,0,1,0,-1,0,0,-1,0,0,-1,0,0,-1,0,-1,0,0,-1,0,0,-1,0,0,-1,0,0,1,0,0,1,0,0,1,0,0,1,0,0,0,1,0,0,1,0,0,1,0,0,1,0,0,1,0,0,1,0,0,1,0,0,1,0,0,6.37772e-05,-1,0,6.37772e-05,-1,0,6.37772e-05,-1,0,6.37772e-05,-1,-1,6.44858e-05,0,-1,6.44858e-05,0,-1,6.44858e-05,0,-1,6.44858e-05,0,0,6.37772e-05,1,0,6.37772e-05,1,0,6.37772e-05,1,0,6.37772e-05,1,1,6.44858e-05,0,1,6.44858e-05,0,1,6.44858e-05,0,1,6.44858e-05,0,0,1,0,0,1,0,0,1,0,0,1,0,0.724617,0.689152,0,0.724617,0.689152,0,0.724617,0.689152,0,0.724617,0.689152,0,-0.724617,0.689152,0,-0.724617,0.689152,0,-0.724617,0.689152,0,-0.724617,0.689152,0,-0.724617,-0.689152,0,-0.724617,-0.689152,0,-0.724617,-0.689152,0,-0.724617,-0.689152,0,0.724617,-0.689152,0,0.724617,-0.689152,0,0.724617,-0.689152,0,0.724617,-0.689152,0,0,0,-1,0,0,-1,0,0,-1,0,0,-1,0,0,1,0,0,1,0,0,1,0,0,1]},"texCoord0":{"type":"float32","components":2,"data":[0.540664,0.488294,0.540651,0.489662,0.540651,0.489662,0.540664,0.488294,0.540651,0.489662,0.540664,0.488294,0.540664,0.488294,0.540651,0.489662,0.540664,0.488294,0.540664,0.488294,0.540664,0.488294,0.540664,0.488294,0.540664,0.488294,0.540651,0.489662,0.540651,0.489662,0.540664,0.488294,0.540664,0.488294,0.540651,0.489662,0.540651,0.489662,0.540664,0.488294,0.539483,0.511496,0.539985,0.508518,0.539985,0.508518,0.539483,0.511496,0.539985,0.508518,0.539483,0.511496,0.539985,0.508518,0.539483,0.511496,0.539985,0.508518,0.540106,0.511093,0.540106,0.511093,0.539985,0.508518,0.539985,0.508518,0.540236,0.50703,0.540106,0.511093,0.539985,0.508518,0.539985,0.508518,0.540106,0.511093,0.540236,0.50703,0.539985,0.508518,0.539985,0.508518,0.540106,0.511093,0.540106,0.511093,0.539985,0.508518,0.540106,0.511093,0.540106,0.511093,0.540106,0.511093,0.539844,0.519219,0.540391,0.479078,0.540391,0.479078,0.540391,0.479078,0.540391,0.479078,0.540391,0.479078,0.540391,0.479078,0.540391,0.479078,0.540391,0.479078,0.540391,0.479078,0.540391,0.479078,0.540391,0.479078,0.540391,0.479078,0.540391,0.479078,0.540391,0.479078,0.540391,0.479078,0.540391,0.479078,0.541277,0.478265,0.541277,0.478265,0.541277,0.478265,0.541277,0.478265,0.749215,0.500078,0.749215,0.996811,0.501046,0.747927,0.997384,0.747927]}}],"meshes":[{"aabb":{"min":[-74.0435,-4.09782e-06,-29.2648],"max":[74.0435,321.121,29.2648]},"vertices":0,"indices":[0,1,2,0,3,1,4,5,6,4,7,5,8,9,10,8,11,9,12,13,14,12,15,13,16,17,18,16,19,17,20,21,22,20,23,21,23,24,21,23,25,24,25,26,24,25,27,26,27,22,26,27,20,22,28,29,30,28,31,29,32,33,34,32,35,33,36,37,38,36,39,37,40,41,42,40,43,41,44,45,46,44,47,45,48,49,50,48,51,49,52,53,54,52,55,53,56,57,58,56,59,57,60,61,62,60,63,61,64,65,66,64,67,65,68,69,70,68,71,69],"type":"triangles","base":0,"count":120}],"meshInstances":[{"node":2,"mesh":0}]}}