{"model":{"version":3,"nodes":[{"name":"RootNode","position":[0,0,0],"rotation":[0,0,0],"scale":[0.01,0.01,0.01],"scaleCompensation":false},{"name":"RoadObject_03_ii","position":[-0.00012207,-1.90735e-06,0],"rotation":[-90,-0,0],"scale":[1,1,1],"scaleCompensation":false}],"parents":[-1,0],"skins":[],"morphs":[],"vertices":[{"position":{"type":"float32","components":3,"data":[-7.66235,-3.10547,-36.219,7.61963,3.99512,-36.219,7.61963,-3.10547,-36.219,-7.66235,3.99512,-36.219,24.7776,3.99512,-11.6281,24.7776,3.99512,11.3116,24.7776,-3.10547,11.3116,24.7776,-3.10547,-11.6281,-7.66235,3.99512,35.6333,7.61963,-3.10547,35.6333,7.61963,3.99512,35.6333,-7.66235,-3.10547,35.6333,-24.8203,3.99512,-11.6281,-24.8203,-3.10547,11.3116,-24.8203,3.99512,11.3116,-24.8203,-3.10547,-11.6281,7.61963,-3.10547,35.6333,-7.66235,-3.10547,35.6333,-0.0214844,-3.10547,11.3116,-7.66235,-3.10547,-36.219,7.61963,-3.10547,-36.219,-0.0214844,-3.10547,-11.6281,24.7776,3.99512,11.3116,22.9019,3.99512,34.2513,22.9019,-3.10547,34.2513,24.7776,-3.10547,11.3116,22.9019,3.99512,-34.5678,24.7776,3.99512,-11.6281,24.7776,-3.10547,-11.6281,22.9019,-3.10547,-34.5678,-22.9443,-3.10547,-34.5678,-24.8203,-3.10547,-11.6281,-24.8203,3.99512,-11.6281,-22.9443,3.99512,-34.5678,-22.9443,3.99512,34.2513,-24.8203,-3.10547,11.3116,-22.9443,-3.10547,34.2513,-24.8203,3.99512,11.3116,-24.8203,-3.10547,11.3116,-24.8203,-3.10547,-11.6281,24.7776,-3.10547,-11.6281,24.7776,-3.10547,11.3116,22.9019,-3.10547,-34.5678,7.61963,-3.10547,-36.219,7.61963,3.99512,-36.219,22.9019,3.99512,-34.5678,-7.66235,-3.10547,-36.219,-22.9443,-3.10547,-34.5678,-22.9443,3.99512,-34.5678,-7.66235,3.99512,-36.219,-7.66235,3.99512,35.6333,-22.9443,3.99512,34.2513,-22.9443,-3.10547,34.2513,-7.66235,-3.10547,35.6333,7.61963,-3.10547,35.6333,22.9019,-3.10547,34.2513,7.61963,3.99512,35.6333,22.9019,3.99512,34.2513,-7.66235,-3.10547,35.6333,-22.9443,-3.10547,34.2513,22.9019,-3.10547,34.2513,24.7776,-3.10547,11.3116,22.9019,-3.10547,-34.5678,-7.66235,-3.10547,-36.219,-22.9443,-3.10547,-34.5678,-12.8542,-0.811523,46.437,-10.3096,2.1582,42.5201,-12.8542,2.1582,46.437,-10.3096,-0.811523,42.5201,-12.8542,2.1582,46.437,-17.3213,2.1582,47.802,-17.3213,-0.811523,47.802,-12.8542,-0.811523,46.437,-21.6208,2.1582,45.9761,-21.6208,-0.811523,45.9761,-17.3213,2.1582,47.802,-17.3213,-0.811523,47.802,-21.6208,-0.811523,45.9761,-21.6208,2.1582,45.9761,-23.7407,-0.811523,41.8138,-23.7407,2.1582,41.8138,-23.7407,2.1582,41.8138,-22.689,-0.811523,37.2626,-23.7407,-0.811523,41.8138,-22.689,2.1582,37.2626,-22.689,-0.811523,37.2626,-18.9583,2.1582,34.4523,-18.9583,-0.811523,34.4523,-22.689,2.1582,37.2626,-14.2935,-0.811523,34.6975,-18.9583,-0.811523,34.4523,-14.2935,2.1582,34.6975,-18.9583,2.1582,34.4523,-10.8779,-0.811523,37.8838,-14.2935,-0.811523,34.6975,-10.8779,2.1582,37.8838,-14.2935,2.1582,34.6975,-10.3096,-0.811523,42.5201,-10.8779,2.1582,37.8838,-10.3096,2.1582,42.5201,-10.8779,-0.811523,37.8838,-10.3096,-0.811523,42.5201,-12.8542,-0.811523,46.437,-16.9629,-0.811523,40.9827,-17.3213,-0.811523,47.802,-21.6208,-0.811523,45.9761,-23.7407,-0.811523,41.8138,-22.689,-0.811523,37.2626,-16.9629,-0.811523,40.9827,-18.9583,-0.811523,34.4523,-14.2935,-0.811523,34.6975,-10.8779,-0.811523,37.8838,-10.8779,-0.811523,37.8838,-10.3096,-0.811523,42.5201,4.58569,-0.811523,47.5766,7.13037,2.1582,43.6596,4.58569,2.1582,47.5766,7.13037,-0.811523,43.6596,4.58569,2.1582,47.5766,0.118652,2.1582,48.9415,4.58569,-0.811523,47.5766,0.118652,-0.811523,48.9415,-4.18066,2.1582,47.1156,0.118652,-0.811523,48.9415,0.118652,2.1582,48.9415,-4.18066,-0.811523,47.1156,-4.18066,-0.811523,47.1156,-4.18066,2.1582,47.1156,-6.30078,2.1582,42.9533,-6.30078,-0.811523,42.9533,-6.30078,-0.811523,42.9533,-6.30078,2.1582,42.9533,-5.24902,2.1582,38.4022,-5.24902,-0.811523,38.4022,-5.24902,-0.811523,38.4022,-1.51807,2.1582,35.5918,-1.51807,-0.811523,35.5918,-5.24902,2.1582,38.4022,-1.51807,-0.811523,35.5918,3.14648,2.1582,35.837,3.14648,-0.811523,35.837,-1.51807,2.1582,35.5918,3.14648,-0.811523,35.837,6.56201,2.1582,39.0233,6.56201,-0.811523,39.0233,3.14648,2.1582,35.837,6.56201,-0.811523,39.0233,7.13037,2.1582,43.6596,7.13037,-0.811523,43.6596,6.56201,2.1582,39.0233,7.13037,-0.811523,43.6596,4.58569,-0.811523,47.5766,0.477051,-0.811523,42.1223,0.118652,-0.811523,48.9415,-4.18066,-0.811523,47.1156,0.477051,-0.811523,42.1223,-6.30078,-0.811523,42.9533,-6.30078,-0.811523,42.9533,-5.24902,-0.811523,38.4022,-1.51807,-0.811523,35.5918,3.14648,-0.811523,35.837,3.14648,-0.811523,35.837,6.56201,-0.811523,39.0233,6.56201,-0.811523,39.0233,7.13037,-0.811523,43.6596,21.0627,-0.811523,46.4327,23.6074,-0.811523,42.5157,21.0627,2.1582,46.4327,23.6074,2.1582,42.5157,16.5955,2.1582,47.7976,16.5955,-0.811523,47.7976,21.0627,2.1582,46.4327,21.0627,-0.811523,46.4327,12.2961,2.1582,45.9718,12.2961,-0.811523,45.9718,16.5955,2.1582,47.7976,16.5955,-0.811523,47.7976,12.2961,2.1582,45.9718,10.1763,-0.811523,41.8095,12.2961,-0.811523,45.9718,10.1763,2.1582,41.8095,10.1763,2.1582,41.8095,11.2278,-0.811523,37.2583,10.1763,-0.811523,41.8095,11.2278,2.1582,37.2583,11.2278,2.1582,37.2583,14.9587,-0.811523,34.4479,11.2278,-0.811523,37.2583,14.9587,2.1582,34.4479,19.6233,-0.811523,34.6932,14.9587,-0.811523,34.4479,14.9587,2.1582,34.4479,19.6233,2.1582,34.6932,19.6233,-0.811523,34.6932,23.0391,2.1582,37.8794,23.0391,-0.811523,37.8794,19.6233,2.1582,34.6932,23.0391,-0.811523,37.8794,23.6074,2.1582,42.5157,23.6074,-0.811523,42.5157,23.0391,2.1582,37.8794,23.6074,-0.811523,42.5157,21.0627,-0.811523,46.4327,16.9541,-0.811523,40.9784,21.0627,-0.811523,46.4327,16.5955,-0.811523,47.7976,12.2961,-0.811523,45.9718,12.2961,-0.811523,45.9718,10.1763,-0.811523,41.8095,11.2278,-0.811523,37.2583,14.9587,-0.811523,34.4479,19.6233,-0.811523,34.6932,23.0391,-0.811523,37.8794,23.6074,-0.811523,42.5157,-15.2664,-0.401367,-33.1122,-13.0723,-0.989258,-48.9414,-16.7007,2.95117,-33.1122,-15.5051,4.70117,-48.9414,-20.5059,2.83789,-33.1122,-23.5186,-1.30469,-48.9414,-21.4236,-0.587891,-33.1122,-21.9614,4.50684,-48.9414,-21.4236,-0.587891,-33.1122,-18.0247,-4.70215,-48.9414,-18.1855,-2.58984,-33.1122,-23.5186,-1.30469,-48.9414,-18.0247,-4.70215,-48.9414,-15.2664,-0.401367,-33.1122,-18.1855,-2.58984,-33.1122,-13.0723,-0.989258,-48.9414,24.8201,-0.989258,-48.9414,21.1914,2.95215,-33.1122,22.6257,-0.401367,-33.1122,22.387,4.70215,-48.9414,17.3862,2.83789,-33.1122,14.3735,-1.30469,-48.9414,16.4685,-0.587891,-33.1122,15.9307,4.50684,-48.9414,16.4685,-0.587891,-33.1122,19.8674,-4.70215,-48.9414,19.7065,-2.58887,-33.1122,14.3735,-1.30469,-48.9414,19.8674,-4.70215,-48.9414,22.6257,-0.401367,-33.1122,19.7065,-2.58887,-33.1122,24.8201,-0.989258,-48.9414]},"normal":{"type":"float32","components":3,