{"model":{"version":3,"nodes":[{"name":"RootNode","position":[0,0,0],"rotation":[0,0,0],"scale":[0.01,0.01,0.01],"scaleCompensation":false},{"name":"Fence2","position":[0,0,-360.117],"rotation":[-90,0,0],"scale":[100,100,100],"scaleCompensation":false}],"parents":[-1,0],"skins":[],"morphs":[],"vertices":[{"position":{"type":"float32","components":3,"data":[-0.0808477,1.23326,1,-0.0808477,-1.23326,1,0.0808477,1.23326,1,0.0808476,-1.23326,1,0.0808477,1.23326,1,0.101941,-1.23326,-0.65718,0.101941,1.23326,-0.65718,0.0808476,-1.23326,1,0.0808476,-1.23326,1,-0.101941,-1.23326,-0.65718,0.101941,-1.23326,-0.65718,-0.0808477,-1.23326,1,-0.0808477,1.23326,1,-0.101941,-1.23326,-0.65718,-0.0808477,-1.23326,1,-0.101941,1.23326,-0.65718,0.101941,1.23326,-0.65718,0.261011,1.23326,-0.955017,-0.261011,1.23326,-0.955017,-0.101941,1.23326,-0.65718,-0.101941,1.23326,-0.65718,-0.0808477,1.23326,1,0.0808477,1.23326,1,0.101941,1.23326,-0.65718,-0.101941,1.23326,-0.65718,-0.261011,1.23326,-0.955017,-0.261011,1.23326,-0.741671,0.261011,-1.23326,-0.955017,-0.101941,-1.23326,-0.65718,-0.261011,-1.23326,-0.955017,0.101941,-1.23326,-0.65718,0.261011,-1.23326,-0.741671,0.261011,1.23326,-0.741671,0.101941,1.23326,-0.65718,0.101941,-1.23326,-0.65718,-0.261011,1.23326,-0.741671,-0.261011,-1.23326,-0.955017,-0.261011,-1.23326,-0.741671,-0.261011,1.23326,-0.955017,0.261011,1.23326,-0.741671,0.261011,-1.23326,-0.955017,0.261011,1.23326,-0.955017,0.261011,-1.23326,-0.741671,0.261011,1.23326,-0.955017,0.101941,1.23326,-0.65718,0.261011,1.23326,-0.741671,-0.261011,1.23326,-0.741671,-0.101941,-1.23326,-0.65718,-0.101941,1.23326,-0.65718,-0.261011,-1.23326,-0.741671,0.101941,-1.23326,-0.65718,0.261011,-1.23326,-0.955017,0.261011,-1.23326,-0.741671,-0.261011,-1.23326,-0.955017,-0.101941,-1.23326,-0.65718,-0.261011,-1.23326,-0.741671]},"normal":{"type":"float32","components":3,"data":[5.97805e-07,0,1,5.97805e-07,0,1,5.97805e-07,0,1,5.97805e-07,0,1,0.999919,-2.18717e-08,0.0127274,0.999919,-2.18717e-08,0.0127274,0.999919,-2.18717e-08,0.0127274,0.999919,-2.18717e-08,0.0127274,-5.21736e-06,-1,-9.22364e-08,-5.21736e-06,-1,-9.22364e-08,-5.21736e-06,-1,-9.22364e-08,-5.21736e-06,-1,-9.22364e-08,-0.999919,2.18717e-08,0.0127274,-0.999919,2.18717e-08,0.0127274,-0.999919,2.18717e-08,0.0127274,-0.999919,2.18717e-08,0.0127274,1.31378e-06,1,9.64921e-07,1.31378e-06,1,9.64921e-07,1.31378e-06,1,9.64921e-07,1.31378e-06,1,9.64921e-07,2.93477e-06,1,1.47578e-07,2.93477e-06,1,1.47578e-07,2.93477e-06,1,1.47578e-07,2.93477e-06,1,1.47578e-07,-5.93581e-07,1,1.22904e-06,-5.93581e-07,1,1.22904e-06,-5.93581e-07,1,1.22904e-06,-1.31378e-06,-1,-4.13537e-07,-1.31378e-06,-1,-4.13537e-07,-1.31378e-06,-1,-4.13537e-07,-1.31378e-06,-1,-4.13537e-07,0.469091,-1.04817e-08,0.88315,0.469091,-1.04817e-08,0.88315,0.469091,-1.04817e-08,0.88315,0.469091,-1.04817e-08,0.88315,-1,9.91109e-08,-2.09536e-07,-1,9.91109e-08,-2.09536e-07,-1,9.91109e-08,-2.09536e-07,-1,9.91109e-08,-2.09536e-07,1,-2.12381e-08,6.98452e-08,1,-2.12381e-08,6.98452e-08,1,-2.12381e-08,6.98452e-08,1,-2.12381e-08,6.98452e-08,5.93581e-07,1,0,5.93581e-07,1,0,5.93581e-07,1,0,-0.469091,2.72525e-08,0.88315,-0.469091,2.72525e-08,0.88315,-0.469091,2.72525e-08,0.88315,-0.469091,2.72525e-08,0.88315,-8.90371e-07,-1,-8.19358e-07,-8.90371e-07,-1,-8.19358e-07,-8.90371e-07,-1,-8.19358e-07,-2.9679e-07,-1,8.78171e-07,-2.9679e-07,-1,8.78171e-07,-2.9679e-07,-1,8.78171e-07]},"texCoord0":{"type":"float32","components":2,"data":[0.248436,0.834078,0.998112,0.834079,0.248436,0.883225,0.998113,0.883224,0.999825,0.831331,0.000165902,0.159635,0.999825,0.159635,0.000165805,0.831332,0.625731,0.889983,0.0984543,0.948142,0.0984543,0.883271,0.625731,0.941431,0.000170036,0.831332,0.999829,0.159635,0.999829,0.831332,0.000170036,0.159635,0.0984543,0.948143,0.00368969,0.998756,0.0036896,0.83266,0.0984543,0.883273,0.0984543,0.883273,0.625731,0.889984,0.625731,0.941432,0.0984543,0.948143,0.0984543,0.883273,0.0036896,0.83266,0.0715713,0.83266,0.0036896,0.832659,0.0984543,0.948142,0.0036896,0.998754,0.0984543,0.883271,0.000165902,0.086635,0.999825,0.0866347,0.999825,0.159635,0.000165902,0.159635,0.000170036,0.0866352,0.999829,0.000167596,0.999829,0.0866348,0.000169933,0.000167802,0.999825,0.0866347,0.000166,0.000167749,0.999825,0.00016736,0.000165902,0.086635,0.00368969,0.998756,0.0984543,0.948143,0.0715713,0.998756,0.000170036,0.0866352,0.999829,0.159635,0.000170036,0.159635,0.999829,0.0866348,0.0984543,0.883271,0.0036896,0.832659,0.0715712,0.832659,0.0036896,0.998754,0.0984543,0.948142,0.0715712,0.998754]}}],"meshes":[{"aabb":{"min":[-0.261011,-1.23326,-0.955017],"max":[0.261011,1.23326,1]},"vertices":0,"indices":[0,1,2,2,1,3,4,5,6,5,4,7,8,9,10,9,8,11,12,13,14,13,12,15,16,17,18,16,18,19,20,21,22,22,23,20,24,25,26,27,28,29,28,27,30,31,32,33,33,34,31,35,36,37,36,35,38,39,40,41,40,39,42,43,44,45,46,47,48,47,46,49,50,51,52,53,54,55],"type":"triangles","base":0,"count":78}],"meshInstances":[{"node":1,"mesh":0}]}}