{"model":{"version":3,"nodes":[{"name":"RootNode","position":[0,0,0],"rotation":[0,0,0],"scale":[0.3048,0.3048,0.3048],"scaleCompensation":false},{"name":"comp_env_01","position":[0,0,0],"rotation":[0,0,0],"scale":[0.0328084,0.0328084,0.0328084],"scaleCompensation":false},{"name":"props","position":[0,0,0],"rotation":[0,-0,0],"scale":[1,1,1],"scaleCompensation":false},{"name":"greenbelt_large1","position":[0,0,0],"rotation":[0,-0,0],"scale":[1,1,1],"scaleCompensation":false}],"parents":[-1,0,1,2],"skins":[],"morphs":[],"vertices":[{"position":{"type":"float32","components":3,"data":[833.398,-7.00939,-716.333,505.723,-7.00939,-804.133,505.723,13.6413,-804.133,833.398,13.6413,-716.333,410.81,13.6413,-829.565,410.81,-7.00939,-829.565,308.353,13.6413,-826.843,308.353,-7.00939,-826.843,220.255,-7.00939,-775.98,220.255,13.6413,-775.98,169.391,13.6413,-687.881,169.391,-7.00939,-687.881,169.392,13.6413,-586.154,169.392,-7.00939,-586.154,220.255,13.6413,-498.056,169.392,-7.00939,-586.154,220.255,-7.00939,-498.056,169.392,13.6413,-586.154,308.354,13.6413,-447.192,308.354,-7.00939,-447.192,410.081,13.6413,-447.192,410.081,-7.00939,-447.192,498.179,13.6413,-498.056,498.179,-7.00939,-498.056,608.848,13.6413,-570.129,608.848,-7.00939,-570.129,833.398,13.6413,-716.333,833.398,-7.00939,-716.333,833.398,13.6413,-716.333,505.723,13.6413,-804.133,359.217,13.6413,-637.018,410.81,13.6413,-829.565,308.353,13.6413,-826.843,220.255,13.6413,-775.98,169.391,13.6413,-687.881,169.392,13.6413,-586.154,220.255,13.6413,-498.056,308.354,13.6413,-447.192,410.081,13.6413,-447.192,498.179,13.6413,-498.056,608.848,13.6413,-570.129]},"normal":{"type":"float32","components":3,"data":[0.915078,0,-0.403276,0.258819,0,-0.965926,0.258819,0,-0.965926,0.915078,0,-0.403276,0.114312,0,-0.993445,0.114312,0,-0.993445,-0.270704,0,-0.962663,-0.270704,0,-0.962663,-0.707107,0,-0.707107,-0.707107,0,-0.707107,-0.965926,0,-0.258819,-0.965926,0,-0.258819,-0.965926,0,0.258819,-0.965926,0,0.258819,-0.707107,0,0.707107,-0.965926,0,0.258819,-0.707107,0,0.707107,-0.965926,0,0.258819,-0.258819,0,0.965926,-0.258819,0,0.965926,0.258819,0,0.965926,0.258819,0,0.965926,0.526016,0,0.850475,0.526016,0,0.850475,0.545664,0,0.838004,0.545664,0,0.838004,0.915078,0,-0.403276,0.915078,0,-0.403276,0,1,0,0,1,0,0,1,-1.48932e-09,0,1,-2.80115e-09,0,1,-3.16953e-09,0,1,-6.32147e-09,0,1,-6.32147e-09,0,1,0,0,1,0,0,1,-3.16074e-09,0,1,-3.16074e-09,0,1,0,0,1,0]},"texCoord0":{"type":"float32","components":2,"data":[0.997948,0.00491092,0.997948,0.312303,0.979237,0.312303,0.979237,0.00491092,0.979237,0.401372,0.997948,0.401372,0.979237,0.494275,0.997948,0.494275,0.997948,0.58646,0.979237,0.58646,0.979237,0.67861,0.997948,0.67861,0.979237,0.770733,0.997948,0.770733,0.9526,0.104313,0.971308,0.0119453,0.971308,0.104313,0.9526,0.0119453,0.9526,0.196686,0.971308,0.196686,0.9526,0.289055,0.971308,0.289055,0.9526,0.38138,0.971308,0.38138,0.9526,0.501076,0.971308,0.501076,0.9526,0.743255,0.971308,0.743255,0.754436,0.113415,0.879639,0.394148,0.750927,0.549017,0.915898,0.475484,0.928021,0.567566,0.895015,0.653639,0.823387,0.711674,0.732345,0.72611,0.646289,0.693098,0.58827,0.621479,0.573829,0.530456,0.606822,0.444409,0.655571,0.335141]}}],"meshes":[{"aabb":{"min":[169.391,-7.00939,-829.565],"max":[833.398,13.6413,-447.192]},"vertices":0,"indices":[0,1,2,0,2,3,4,1,5,1,4,2,6,5,7,5,6,4,7,8,9,7,9,6,10,8,11,8,10,9,12,11,13,11,12,10,14,15,16,15,14,17,18,14,16,18,16,19,20,18,19,20,19,21,22,20,21,22,21,23,24,22,23,24,23,25,26,24,25,26,25,27,28,29,30,29,31,30,31,32,30,32,33,30,33,34,30,34,35,30,35,36,30,36,37,30,37,38,30,38,39,30,39,40,30,40,28,30],"type":"triangles","base":0,"count":108}],"meshInstances":[{"node":3,"mesh":0}]}}