{"model":{"version":3,"nodes":[{"name":"RootNode","position":[0,0,0],"rotation":[0,0,0],"scale":[0.01,0.01,0.01],"scaleCompensation":false},{"name":"Env_Parking_01.001","position":[0,0,0],"rotation":[-90,0,0],"scale":[1,1,1],"scaleCompensation":false}],"parents":[-1,0],"skins":[],"morphs":[],"vertices":[{"position":{"type":"float32","components":3,"data":[-93.7122,-20.4628,-8.11352,-93.7122,20.4633,-8.11352,-93.7122,20.4633,-32.0603,-93.7122,-20.4628,-32.0603,83.2012,-30.973,-8.11352,-83.2024,-30.973,-8.11352,-83.2024,-30.973,-32.0603,83.2012,-30.973,-32.0603,93.7109,20.4633,-8.11352,93.7109,-20.4628,-8.11352,93.7109,-20.4628,-32.0603,93.7109,20.4633,-32.0603,-83.2024,30.973,-8.11352,83.2012,30.973,-8.11352,83.2012,30.973,-32.0603,-83.2024,30.973,-32.0603,93.7109,-20.4628,-8.11352,93.7109,-20.4628,-32.0603,93.7109,20.4633,-8.11352,93.7109,20.4633,-32.0603,-81.1501,13.33,-8.11352,-93.7122,-20.4628,-8.11352,-81.1501,-13.33,-8.11352,-93.7122,20.4633,-8.11352,-83.2024,-30.973,-8.11352,83.2012,-30.973,-8.11352,72.0479,-20.1766,-8.11352,-72.0491,-20.1766,-8.11352,81.1484,13.33,-8.11352,93.7109,-20.4628,-8.11352,93.7109,20.4633,-8.11352,81.1484,-13.33,-8.11352,83.2012,30.973,-8.11352,-83.2024,30.973,-8.11352,-72.0491,20.1764,-8.11352,72.0479,20.1764,-8.11352,-81.1501,-13.33,18.9326,-81.1501,13.33,18.9326,-81.1501,13.33,-8.11352,-81.1501,-13.33,-8.11352,72.0479,-20.1766,18.9326,-72.0491,-20.1766,18.9326,-72.0491,-20.1766,-8.11352,72.0479,-20.1766,-8.11352,81.1484,13.33,18.9326,81.1484,-13.33,18.9326,81.1484,-13.33,-8.11352,81.1484,13.33,-8.11352,-72.0491,20.1764,18.9326,72.0479,20.1764,18.9326,72.0479,20.1764,-8.11352,-72.0491,20.1764,-8.11352,-81.1501,13.33,18.9326,-81.1501,13.33,-8.11352,-72.0491,-20.1766,18.9326,-72.0491,-20.1766,-8.11352,72.0479,20.1764,18.9326,72.0479,20.1764,-8.11352,72.0479,-20.1766,18.9326,72.0479,-20.1766,-8.11352,-75.7112,-10.1886,26.0931,-75.7112,10.1888,26.0931,67.2188,-15.4215,26.0931,-67.22,-15.4215,26.0931,75.7102,-10.1886,26.0931,75.7102,10.1888,26.0931,-67.22,15.4218,26.0931,67.2188,15.4218,26.0931,-0.000732422,0.00012207,26.0931]},"normal":{"type":"float32","components":3,"data":[-0.923884,-0.382673,0,-0.92388,0.382684,0,-0.92388,0.382684,0,-0.923884,-0.382673,0,0.382694,-0.923875,0,-0.382694,-0.923875,0,-0.382694,-0.923875,0,0.382694,-0.923875,0,1,0,0,1,0,0,1,0,0,1,0,0,-0.382683,0.92388,0,0.382683,0.923879,0,0.382683,0.923879,0,-0.382683,0.92388,0,0.707123,-0.70709,0,0.707123,-0.70709,0,0.707107,0.707107,0,0.707107,0.707107,0,-4.66237e-08,0,1,-6.53076e-08,0,1,-6.60898e-08,0,1,-4.32153e-08,0,1,-4.03984e-08,0,1,1.34661e-08,0,1,7.4663e-09,0,1,-2.23986e-08,0,1,5.63554e-08,0,1,4.32148e-08,0,1,5.42605e-08,0,1,4.6622e-08,0,1,2.69323e-08,0,1,-1.34661e-08,0,1,-7.46625e-09,0,1,1.49327e-08,0,1,-0.840265,-0.429149,0.33134,-0.840264,0.429155,0.331334,-0.894751,0.446565,0,-0.894755,-0.446558,0,0.313154,-0.895623,0.315904,-0.313145,-0.895624,0.315908,-0.316923,-0.948451,0,0.316935,-0.948447,0,0.840272,0.429152,0.331319,0.840272,-0.429147,0.331324,0.894761,-0.446546,0,0.894757,0.446554,0,-0.313141,0.89563,0.315895,0.31315,0.895629,0.31589,0.316927,0.94845,0,-0.316915,0.948454,0,-0.840264,0.429155,0.331334,-0.894751,0.446565,0,-0.313145,-0.895624,0.315908,-0.316923,-0.948451,0,0.31315,0.895629,0.31589,0.316927,0.94845,0,0.313154,-0.895623,0.315904,0.316935,-0.948447,0,-0.447026,-0.226588,0.865347,-0.447028,0.226597,0.865344,0.112238,-0.486204,0.866607,-0.112236,-0.486203,0.866608,0.447051,-0.226588,0.865334,0.447053,0.226598,0.865331,-0.112236,0.486223,0.866597,0.112238,0.486224,0.866596,0,0,1]},"texCoord0":{"type":"float32","components":2,"data":[0.232903,0.0358473,0.0733097,0.0358475,0.0586678,0.000500023,0.247545,0.000500023,0.270364,0.746191,0.270365,0.0733104,0.305712,0.0586694,0.305712,0.760832,0.0733097,0.783656,0.232903,0.783656,0.247546,0.819003,0.0586678,0.819003,0.0358477,0.0733106,0.035848,0.746191,0.000500364,0.760832,0.0005,0.0586694,0.232903,0.783656,0.247546,0.819003,0.0733097,0.783656,0.0586678,0.819003,0.101489,0.0848227,0.232903,0.0358473,0.204723,0.0848227,0.0733097,0.0358475,0.270365,0.0733104,0.270364,0.746191,0.228611,0.701567,0.228611,0.117935,0.10149,0.734681,0.232903,0.783656,0.0733097,0.783656,0.204723,0.73468,0.035848,0.746191,0.0358477,0.0733106,0.0776008,0.117935,0.0776012,0.701567,0.941266,0.911141,0.948001,0.812452,0.995483,0.817776,0.983534,0.921547,0.360482,0.952247,0.908262,0.95035,0.908263,0.997729,0.360476,0.997729,0.325802,0.823776,0.326384,0.919072,0.28322,0.92586,0.282879,0.817212,0.904045,0.785654,0.35797,0.787352,0.358391,0.740527,0.908733,0.741435,0.942761,0.800079,0.95351,0.751924,0.919552,0.945392,0.965678,0.964534,0.34647,0.789682,0.298701,0.772755,0.347708,0.952778,0.299858,0.970262,0.920377,0.902098,0.92158,0.823123,0.378166,0.932106,0.890288,0.926785,0.348126,0.910079,0.347265,0.832451,0.887667,0.805631,0.376313,0.80981,0.633787,0.867914]}}],"meshes":[{"aabb":{"min":[-93.7122,-30.973,-32.0603],"max":[93.7109,30.973,26.0931]},"vertices":0,"indices":[0,1,2,0,2,3,4,5,6,4,6,7,8,9,10,8,10,11,12,13,14,12,14,15,0,3,5,5,3,6,12,15,1,1,15,2,4,7,16,16,7,17,18,19,13,13,19,14,20,21,22,21,20,23,24,25,26,24,26,27,28,29,30,29,28,31,32,33,34,32,34,35,33,20,34,20,33,23,24,22,21,22,24,27,28,32,35,32,28,30,29,31,25,26,25,31,36,37,38,36,38,39,40,41,42,40,42,43,44,45,46,44,46,47,48,49,50,48,50,51,48,51,52,52,51,53,36,39,54,54,39,55,44,47,56,56,47,57,58,59,45,45,59,46,37,36,60,37,60,61,41,40,62,41,62,63,44,64,45,64,44,65,49,48,66,49,66,67,48,61,66,61,48,52,54,60,36,60,54,63,65,56,67,56,65,44,62,58,64,58,45,64,61,60,68,63,62,68,64,65,68,67,66,68,66,61,68,60,63,68,65,67,68,62,64,68],"type":"triangles","base":0,"count":216}],"meshInstances":[{"node":1,"mesh":0}]}}