{"model":{"version":3,"nodes":[{"name":"RootNode","position":[0,0,0],"rotation":[0,0,0],"scale":[0.3048,0.3048,0.3048],"scaleCompensation":false},{"name":"group1","position":[3.52864e-16,2.18548e-14,2.82291e-15],"rotation":[0,-0,0],"scale":[0.0328084,0.0328084,0.0328084],"scaleCompensation":false},{"name":"tire_2","position":[-40.7499,38.9069,-405.177],"rotation":[-90,-0,0],"scale":[0.347947,0.375726,0.375726],"scaleCompensation":false}],"parents":[-1,0,1],"skins":[],"morphs":[],"vertices":[{"position":{"type":"float32","components":3,"data":[146.768,-925.202,-103.551,146.768,-931.407,-60.3947,159.947,-943.559,-63.9628,159.947,-937.867,-103.551,146.768,-949.519,-20.7345,159.947,-960.173,-27.5817,159.947,-986.364,2.64479,146.768,-978.071,12.2163,159.947,-1020.01,24.268,146.768,-1014.75,35.7884,146.768,-1056.58,48.0719,159.947,-1058.39,35.536,159.947,-1098.38,35.536,146.768,-1100.18,48.0719,159.947,-1136.76,24.268,146.768,-1142.02,35.7883,146.768,-1178.7,12.2163,159.947,-1170.4,2.64479,159.947,-1196.59,-27.5818,146.768,-1207.25,-20.7346,159.947,-1213.21,-63.9629,146.768,-1225.36,-60.3947,146.768,-1231.57,-103.551,159.947,-1218.9,-103.551,159.947,-1213.21,-143.14,146.768,-1225.36,-146.708,146.768,-1207.25,-186.368,159.947,-1196.59,-179.521,146.768,-1178.7,-219.319,159.947,-1170.4,-209.747,146.768,-1142.02,-242.891,159.947,-1136.76,-231.37,146.768,-1100.18,-255.174,159.947,-1098.38,-242.638,159.947,-1058.39,-242.638,146.768,-1056.58,-255.174,159.947,-1020.01,-231.37,146.768,-1014.75,-242.891,146.768,-978.071,-219.319,159.947,-986.364,-209.747,146.768,-949.519,-186.368,159.947,-960.173,-179.521,146.768,-931.407,-146.708,159.947,-943.559,-143.139,146.768,-925.202,-103.551,159.947,-937.867,-103.551,87.4625,-931.407,-60.3947,87.4625,-925.202,-103.551,87.4625,-949.519,-20.7345,87.4626,-978.071,12.2163,87.4625,-1014.75,35.7884,87.4625,-1056.58,48.0719,87.4625,-1100.18,48.0719,87.4625,-1142.02,35.7883,87.4625,-1178.7,12.2163,87.4625,-1207.25,-20.7346,87.4623,-1225.36,-60.3947,87.4625,-1231.57,-103.551,87.4625,-1225.36,-146.708,87.4625,-1207.25,-186.368,87.4623,-1178.7,-219.319,87.4625,-1142.02,-242.891,87.4625,-1100.18,-255.174,87.4625,-1056.58,-255.174,87.4625,-1014.75,-242.891,87.4626,-978.071,-219.319,87.4625,-949.519,-186.368,87.4625,-931.407,-146.708,87.4625,-925.202,-103.551,74.2836,-943.559,-63.9628,74.2836,-937.867,-103.551,74.2837,-960.173,-27.5817,74.2837,-986.364,2.64481,74.2837,-1020.01,24.268,74.2837,-1058.39,35.536,74.2836,-1098.38,35.536,74.2836,-1136.76,24.268,74.2836,-1170.4,2.64481,74.2836,-1196.59,-27.5817,74.2836,-1213.21,-63.9629,74.2836,-1218.9,-103.551,74.2836,-1213.21,-143.14,74.2836,-1196.59,-179.521,74.2836,-1170.4,-209.747,74.2836,-1136.76,-231.37,74.2836,-1098.38,-242.638,74.2836,-1058.39,-242.638,74.2836,-1020.01,-231.37,74.2837,-986.364,-209.747,74.2837,-960.173,-179.521,74.2836,-943.559,-143.139,74.2836,-937.867,-103.551,125.936,-979.006,-103.551,125.936,-983.032,-75.5533,125.936,-1078.38,-103.551,125.936,-994.782,-49.8235,125.936,-1013.31,-28.4466,125.936,-1037.1,-13.1542,125.936,-1064.24,-5.18517,125.936,-1092.53,-5.18517,125.936,-1119.67,-13.1542,125.936,-1143.46,-28.4466,125.936,-1161.99,-49.8237,125.936,-1173.74,-75.5533,125.936,-1177.76,-103.551,125.936,-1173.74,-131.549,125.936,-1161.99,-157.279,125.936,-1143.46,-178.656,125.936,-1119.67,-193.948,125.936,-1092.53,-201.917,125.936,-1064.24,-201.917,125.936,-1037.1,-193.948,125.936,-1013.31,-178.656,125.936,-994.782,-157.279,125.936,-983.032,-131.549,74.2836,-943.559,-63.9628,74.2836,-937.867,-103.551,84.2494,-1078.38,-103.551,74.2836,-943.559,-143.139,74.2837,-960.173,-179.521,74.2837,-986.364,-209.747,74.2836,-1020.01,-231.37,74.2836,-1058.39,-242.638,74.2836,-1098.38,-242.638,74.2836,-1136.76,-231.37,74.2836,-1170.4,-209.747,74.2836,-1196.59,-179.521,74.2836,-1213.21,-143.14,74.2836,-1218.9,-103.551,74.2836,-1213.21,-63.9629,74.2836,-1196.59,-27.5817,74.2836,-1170.4,2.64481,74.2836,-1136.76,24.268,74.2836,-1098.38,35.536,74.2837,-1058.39,35.536,74.2837,-1020.01,24.268,74.2837,-986.364,2.64481,74.2837,-960.173,-27.5817,159.947,-943.559,-63.9628,159.947,-979.006,-103.551,159.947,-937.867,-103.551,159.947,-983.032,-75.5533,159.947,-994.782,-49.8235,159.947,-960.173,-27.5817,159.947,-1013.31,-28.4466,159.947,-986.364,2.64479,159.947,-1020.01,24.268,159.947,-1037.1,-13.1542,159.947,-1058.39,35.536,159.947,-1064.24,-5.18517,159.947,-1098.38,35.536,159.947,-1092.53,-5.18517,159.947,-1136.76,24.268,159.947,-1119.67,-13.1542,159.947,-1143.46,-28.4466,159.947,-1170.4,2.64479,159.947,-1196.59,-27.5818,159.947,-1161.99,-49.8237,159.947,-1173.74,-75.5533,159.947,-1213.21,-63.9629,159.947,-1218.9,-103.551,159.947,-1177.76,-103.551,159.947,-1213.21,-143.14,159.947,-1173.74,-131.549,159.947,-1196.59,-179.521,159.947,-1161.99,-157.279,159.947,-1143.46,-178.656,159.947,-1170.4,-209.747,159.947,-1136.76,-231.37,159.947,-1119.67,-193.948,159.947,-1092.53,-201.917,159.947,-1098.38,-242.638,159.947,-1058.39,-242.638,159.947,-1064.24,-201.917,159.947,-1037.1,-193.948,159.947,-1020.01,-231.37,159.947,-1013.31,-178.656,159.947,-986.364,-209.747,159.947,-960.173,-179.521,159.947,-994.782,-157.279,159.947,-983.032,-131.549,159.947,-943.559,-143.139,159.947,-979.006,-103.551,159.947,-937.867,-103.551,125.936,-983.032,-75.5533,125.936,-979.006,-103.551,125.936,-994.782,-49.8235,125.936,-1013.31,-28.4466,125.936,-1037.1,-13.1542,125.936,-1064.24,-5.18517,125.936,-1092.53,-5.18517,125.936,-1119.67,-13.1542,125.936,-1143.46,-28.4466,125.936,-1161.99,-49.8237,125.936,-1173.74,-75.5533,125.936,-1177.76,-103.551,125.936,-1173.74,-131.549,125.936,-1161.99,-157.279,125.936,-1143.46,-178.656,125.936,-1119.67,-193.948,125.936,-1092.53,-201.917,125.936,-1064.24,-201.917,125.936,-1037.1,-193.948,125.936,-1013.31,-178.656,125.936,-994.782,-157.279,125.936,-983.032,-131.549,125.936,-979.006,-103.551]},"normal":{"type":"float32","components":3,