{"model":{"version":3,"nodes":[{"name":"RootNode","position":[0,0,0],"rotation":[0,0,0],"scale":[0.01,0.01,0.01],"scaleCompensation":false},{"name":"RoadWork","position":[0,0,0],"rotation":[0,0,0],"scale":[1,1,1],"scaleCompensation":false},{"name":"Prop_GiveWay_Sign","position":[0,0,0],"rotation":[0,0,0],"scale":[1,1,1],"scaleCompensation":false}],"parents":[-1,0,1],"skins":[],"morphs":[],"vertices":[{"position":{"type":"float32","components":3,"data":[0.707108,2.72945,0.182659,-0.707108,2.72945,0.182659,-7.20719e-17,1.55243,0.182659,-7.20719e-17,1.55243,0.182659,-0.707108,2.72945,0.182659,-0.707108,2.72945,0.0819435,-7.20719e-17,1.55243,0.0819435,-7.20719e-17,1.55243,0.0819435,-0.707108,2.72945,0.0819435,0.707108,2.72945,0.0819435,-0.707108,2.72945,0.182659,0.707108,2.72945,0.182659,0.707108,2.72945,0.0819435,-0.707108,2.72945,0.0819435,-7.20719e-17,1.55243,0.182659,0.707108,2.72945,0.0819435,0.707108,2.72945,0.182659,-7.20719e-17,1.55243,0.0819435,0.297131,-4.09782e-08,-0.292648,-0.288164,-4.09782e-08,-0.292648,-0.288164,0.132379,-0.292648,0.297131,0.132379,-0.292648,0.297131,0.132379,0.292648,-0.288164,0.132379,0.292648,-0.288164,-4.09782e-08,0.292648,0.297131,-4.09782e-08,0.292648,-0.288164,-4.09782e-08,-0.292648,0.297131,-4.09782e-08,0.292648,-0.288164,-4.09782e-08,0.292648,0.297131,-4.09782e-08,-0.292648,-0.288164,0.132379,0.292648,-0.288164,-4.09782e-08,-0.292648,-0.288164,-4.09782e-08,0.292648,-0.288164,0.132379,-0.292648,0.297131,0.132379,-0.292648,0.297131,0.132379,0.292648,0.297131,-4.09782e-08,0.292648,0.297131,-4.09782e-08,-0.292648,0.297131,0.132379,-0.292648,-0.288164,0.132379,-0.292648,-0.0922775,0.132379,-0.0967598,0.101244,0.132379,-0.0967598,-0.288164,0.132379,0.292648,-0.0922775,0.132379,0.0967598,0.297131,0.132379,0.292648,0.101244,0.132379,0.0967598,-0.092104,2.82396,-0.0965881,0.101244,0.132379,-0.0967598,-0.0922775,0.132379,-0.0967598,0.10107,2.82396,-0.0965881,-0.092104,2.82396,0.0965881,-0.0922775,0.132379,-0.0967598,-0.0922775,0.132379,0.0967598,-0.092104,2.82396,-0.0965881,-0.092104,2.82396,0.0965881,-0.0922775,0.132379,0.0967598,0.10107,2.82396,0.0965881,0.101244,0.132379,0.0967598,0.101244,0.132379,-0.0967598,0.10107,2.82396,-0.0965881,0.101244,0.132379,0.0967598,0.10107,2.82396,0.0965881,0.10107,2.82396,0.0965881,-0.092104,2.82396,-0.0965881,-0.092104,2.82396,0.0965881,0.10107,2.82396,-0.0965881]},"normal":{"type":"float32","components":3,"data":[0,0,1,0,0,1,0,0,1,-0.857206,-0.514974,0,-0.857206,-0.514974,0,-0.857206,-0.514974,0,-0.857206,-0.514974,0,0,0,-1,0,0,-1,0,0,-1,0,1,0,0,1,0,0,1,0,0,1,0,0.857206,-0.514974,0,0.857206,-0.514974,0,0.857206,-0.514974,0,0.857206,-0.514974,0,0,0,-1,0,0,-1,0,0,-1,0,0,-1,0,0,1,0,0,1,0,0,1,0,0,1,0,-1,0,0,-1,0,0,-1,0,0,-1,0,-1,0,0,-1,0,0,-1,0,0,-1,0,0,1,0,0,1,0,0,1,0,0,1,0,0,0,1,1.22093e-08,0,1,1.22093e-08,0,1,1.22092e-08,0,1,1.22092e-08,0,1,-1.22093e-08,0,1,-1.22092e-08,0,1,-1.22093e-08,0,1,-1.22092e-08,0,6.37772e-05,-1,0,6.37772e-05,-1,0,6.37772e-05,-1,0,6.37772e-05,-1,-1,6.4485e-05,0,-1,6.4485e-05,0,-1,6.4485e-05,0,-1,6.4485e-05,0,0,6.37772e-05,1,0,6.37772e-05,1,0,6.37772e-05,1,0,6.37772e-05,1,1,6.44873e-05,0,1,6.44873e-05,0,1,6.44873e-05,0,1,6.44873e-05,0,0,1,0,0,1,0,0,1,0,0,1,0]},"texCoord0":{"type":"float32","components":2,"data":[0.493843,0.420148,0.0106068,0.420148,0.251607,0.0147374,0.0291582,0.978742,0.0291582,0.978742,0.0291582,0.978742,0.0291582,0.978742,0.541815,0.478119,0.541815,0.478119,0.541815,0.478119,0.0291582,0.978742,0.0291582,0.978742,0.0291582,0.978742,0.0291582,0.978742,0.0291582,0.978742,0.0291582,0.978742,0.0291582,0.978742,0.0291582,0.978742,0.540664,0.488294,0.540664,0.488294,0.540651,0.489662,0.540651,0.489662,0.540651,0.489662,0.540651,0.489662,0.540664,0.488294,0.540664,0.488294,0.540664,0.488294,0.540664,0.488294,0.540664,0.488294,0.540664,0.488294,0.540651,0.489662,0.540664,0.488294,0.540664,0.488294,0.540651,0.489662,0.540651,0.489662,0.540651,0.489662,0.540664,0.488294,0.540664,0.488294,0.540285,0.510196,0.540285,0.510196,0.540252,0.508085,0.540252,0.508085,0.540285,0.510196,0.540252,0.508085,0.540285,0.510196,0.540252,0.508085,0.540106,0.511093,0.540252,0.508085,0.540252,0.508085,0.540106,0.511093,0.540236,0.50703,0.540252,0.508085,0.540252,0.508085,0.540106,0.511093,0.540236,0.50703,0.540252,0.508085,0.540106,0.511093,0.540252,0.508085,0.540252,0.508085,0.540106,0.511093,0.540252,0.508085,0.540106,0.511093,0.540106,0.511093,0.540106,0.511093,0.539844,0.519219,0.540106,0.511093]}}],"meshes":[{"aabb":{"min":[-0.707108,-4.09782e-08,-0.292648],"max":[0.707108,2.82396,0.292648]},"vertices":0,"indices":[0,1,2,3,4,5,3,5,6,7,8,9,10,11,12,10,12,13,14,15,16,15,14,17,18,19,20,18,20,21,22,23,24,22,24,25,26,27,28,27,26,29,30,31,32,31,30,33,34,35,36,36,37,34,38,39,40,38,40,41,39,42,43,39,43,40,42,44,45,42,45,43,45,44,41,44,38,41,46,47,48,47,46,49,50,51,52,51,50,53,54,55,56,56,55,57,58,59,60,61,60,59,62,63,64,63,62,65],"type":"triangles","base":0,"count":108}],"meshInstances":[{"node":2,"mesh":0}]}}