{"model":{"version":3,"nodes":[{"name":"RootNode","position":[0,0,0],"rotation":[0,0,0],"scale":[0.01,0.01,0.01],"scaleCompensation":false},{"name":"scp_ep_road_railing","position":[0,0,0],"rotation":[0,0,0],"scale":[1,1,1],"scaleCompensation":false}],"parents":[-1,0],"skins":[],"morphs":[],"vertices":[{"position":{"type":"float32","components":3,"data":[400,19.6327,-3.38294,400,19.6327,2.70643,-0.00012207,19.6327,2.70637,-0.00012207,19.6327,-3.383,400,81.7499,-3.38294,-0.00012207,81.7499,-3.383,-0.00012207,81.7499,2.70637,400,81.7499,2.70643,-0.00012207,50.6913,-3.383,400,50.6913,-3.38294,400,35.162,-10.2568,-9.15527e-05,35.162,-10.2568,-9.15527e-05,66.2206,-10.2568,400,66.2206,-10.2568,-0.00012207,81.7499,-3.383,400,81.7499,-3.38294,400,19.6327,-3.38294,-0.00012207,19.6327,-3.383,-0.00012207,50.6913,2.70637,-0.00012207,50.6913,-3.383,-9.15527e-05,35.162,-10.2568,-9.15527e-05,35.162,-4.16744,-9.15527e-05,66.2206,-4.16744,-9.15527e-05,66.2206,-10.2568,-0.00012207,81.7499,2.70637,-0.00012207,81.7499,-3.383,-0.00012207,19.6327,-3.383,-0.00012207,19.6327,2.70637,400,50.6913,2.70643,-0.00012207,50.6913,2.70637,-9.15527e-05,35.162,-4.16744,400,35.162,-4.16738,400,66.2206,-4.16738,-9.15527e-05,66.2206,-4.16744,400,81.7499,2.70643,-0.00012207,81.7499,2.70637,-0.00012207,19.6327,2.70637,400,19.6327,2.70643,400,50.6913,-3.38294,400,50.6913,2.70643,400,35.162,-4.16738,400,35.162,-10.2568,400,66.2206,-10.2568,400,66.2206,-4.16738,400,81.7499,-3.38294,400,81.7499,2.70643,400,19.6327,2.70643,400,19.6327,-3.38294,194.691,-55.1024,10.2568,205.308,-55.1024,10.2568,205.308,71.2587,10.2568,194.691,71.2587,10.2568,205.308,-55.1024,10.2568,205.308,-55.1024,2.70637,205.308,71.2587,2.70637,205.308,71.2587,10.2568,205.308,-55.1024,2.70637,194.691,-55.1024,2.70637,194.691,71.2587,2.70637,205.308,71.2587,2.70637,194.691,-55.1024,2.70637,194.691,-55.1024,10.2568,194.691,71.2587,10.2568,194.691,71.2587,2.70637,205.308,71.2587,2.70637,194.691,71.2587,2.70637,194.691,71.2587,10.2568,205.308,71.2587,10.2568]},"normal":{"type":"float32","components":3,"data":[0,-1,0,0,-1,0,0,-1,0,0,-1,0,0,1,0,0,1,0,0,1,0,0,1,0,1.5051e-07,0,-1,1.5051e-07,-1.93867e-07,-1,1.50494e-07,0,-1,1.50494e-07,-2.15263e-07,-1,1.50494e-07,-2.07483e-07,-1,1.50494e-07,0,-1,1.37365e-07,0.404756,-0.914425,1.37895e-07,0.404756,-0.914425,1.37365e-07,-0.404756,-0.914425,1.37895e-07,-0.404756,-0.914425,-1,0,0,-1,0,0,-1,0,0,-1,0,0,-1,0,0,-1,0,0,-1,-1.96516e-06,0,-1,-1.96516e-06,0,-1,1.96516e-06,0,-1,1.96516e-06,0,-1.508e-07,0,1,-1.508e-07,1.73767e-07,1,-1.508e-07,0,1,-1.508e-07,1.73767e-07,1,-1.508e-07,1.65986e-07,1,-1.508e-07,0,1,-1.37895e-07,-0.404756,0.914425,-1.37895e-07,-0.404756,0.914425,-1.37895e-07,0.404756,0.914425,-1.37895e-07,0.404756,0.914425,1,0,0,1,0,0,1,0,0,1,0,0,1,0,0,1,0,0,1,0,0,1,0,0,1,0,0,1,0,0,0,0,1,0,0,1,0,0,1,0,0,1,1,0,0,1,0,0,1,0,0,1,0,0,1.57189e-07,0,-1,1.57189e-07,0,-1,1.5719e-07,0,-1,1.5719e-07,0,-1,-1,4.83022e-07,0,-1,4.83022e-07,0,-1,4.83022e-07,0,-1,4.83022e-07,0,0,1,0,0,1,0,0,1,0,0,1,0]},"texCoord0":{"type":"float32","components":2,"data":[0.83125,0.192181,0.83125,0.19173,0.834885,0.19173,0.834885,0.192181,0.83125,0.195269,0.834885,0.195269,0.834885,0.19572,0.83125,0.19572,0.683558,0.0849808,0.67723,0.0849808,0.67723,0.0464699,0.683558,0.0464696,0.683558,0.123492,0.67723,0.123492,0.683558,0.162003,0.67723,0.162003,0.67723,0.00795894,0.683558,0.0079587,0.833298,0.194061,0.833298,0.194512,0.833157,0.195021,0.833157,0.19457,0.833439,0.19457,0.833439,0.195021,0.83358,0.194061,0.83358,0.194512,0.833016,0.194512,0.833016,0.194061,0.67717,0.0849805,0.683497,0.0849805,0.683497,0.123491,0.67717,0.123492,0.67717,0.0464696,0.683497,0.0464696,0.67717,0.00795871,0.683497,0.00795871,0.683497,0.162002,0.67717,0.162003,0.832228,0.19457,0.832228,0.195021,0.832087,0.194512,0.832087,0.194061,0.832369,0.194061,0.832369,0.194512,0.83251,0.19457,0.83251,0.195021,0.831945,0.195021,0.831945,0.19457,0.851686,0.192318,0.85459,0.192318,0.85459,0.195222,0.851686,0.195222,0.851686,0.192318,0.85459,0.192318,0.85459,0.195222,0.851686,0.195222,0.851686,0.192318,0.85459,0.192318,0.85459,0.195222,0.851686,0.195222,0.851686,0.192318,0.85459,0.192318,0.85459,0.195222,0.851686,0.195222,0.85459,0.195222,0.85459,0.195222,0.85459,0.195222,0.85459,0.195222]}}],"meshes":[{"aabb":{"min":[-0.00012207,-55.1024,-10.2568],"max":[400,81.7499,10.2568]},"vertices":0,"indices":[0,1,2,2,3,0,4,5,6,6,7,4,8,9,10,10,11,8,9,8,12,12,13,9,13,12,14,14,15,13,11,10,16,16,17,11,18,19,20,20,21,18,19,18,22,22,23,19,23,22,24,24,25,23,21,20,26,26,27,21,28,29,30,30,31,28,29,28,32,32,33,29,33,32,34,34,35,33,31,30,36,36,37,31,38,39,40,40,41,38,39,38,42,42,43,39,43,42,44,44,45,43,41,40,46,46,47,41,48,49,50,50,51,48,52,53,54,54,55,52,56,57,58,58,59,56,60,61,62,62,63,60,64,65,66,66,67,64],"type":"triangles","base":0,"count":138}],"meshInstances":[{"node":1,"mesh":0}]}}