{"model":{"version":3,"nodes":[{"name":"RootNode","position":[0,0,0],"rotation":[0,0,0],"scale":[0.01,0.01,0.01],"scaleCompensation":false},{"name":"RoadWork","position":[0,0,0],"rotation":[0,0,0],"scale":[1,1,1],"scaleCompensation":false},{"name":"Prop_Barrier02","position":[0,0,0],"rotation":[0,0,0],"scale":[1,1,1],"scaleCompensation":false}],"parents":[-1,0,1],"skins":[],"morphs":[],"vertices":[{"position":{"type":"float32","components":3,"data":[1.55728,0,-0.292648,0.971986,0,-0.292648,0.971986,0.132379,-0.292648,1.55728,0.132379,-0.292648,1.55728,0.132379,0.292648,0.971986,0.132379,0.292648,0.971986,0,0.292648,1.55728,0,0.292648,0.971986,0,0.292648,0.971986,0,-0.292648,1.55728,0,0.292648,1.55728,0,-0.292648,0.971986,0.132379,0.292648,0.971986,0,-0.292648,0.971986,0,0.292648,0.971986,0.132379,-0.292648,1.55728,0.132379,-0.292648,1.55728,0.132379,0.292648,1.55728,0,0.292648,1.55728,0,-0.292648,1.55728,0.132379,-0.292648,0.971986,0.132379,-0.292648,1.16787,0.132379,-0.0967598,1.36139,0.132379,-0.0967598,0.971986,0.132379,0.292648,1.16787,0.132379,0.0967598,1.55728,0.132379,0.292648,1.36139,0.132379,0.0967598,1.16805,1.9099,-0.0965881,1.36139,0.132379,-0.0967598,1.16787,0.132379,-0.0967598,1.36122,1.9099,-0.0965881,1.16805,1.9099,0.0965881,1.16787,0.132379,-0.0967598,1.16787,0.132379,0.0967598,1.16805,1.9099,-0.0965881,1.16805,1.9099,0.0965881,1.36139,0.132379,0.0967598,1.36122,1.9099,0.0965881,1.16787,0.132379,0.0967598,1.36139,0.132379,-0.0967598,1.36122,1.9099,-0.0965881,1.36139,0.132379,0.0967598,1.36122,1.9099,0.0965881,1.36122,1.9099,0.0965881,1.16805,1.9099,-0.0965881,1.16805,1.9099,0.0965881,1.36122,1.9099,-0.0965881,-1.55728,0.132379,-0.292648,-0.971986,0,-0.292648,-1.55728,0,-0.292648,-0.971986,0.132379,-0.292648,-1.55728,0,0.292648,-0.971986,0.132379,0.292648,-1.55728,0.132379,0.292648,-0.971986,0,0.292648,-1.55728,0,0.292648,-1.55728,0,-0.292648,-0.971986,0,0.292648,-0.971986,0,-0.292648,-1.55728,0.132379,0.292648,-1.55728,0,-0.292648,-1.55728,0,0.292648,-1.55728,0.132379,-0.292648,-0.971986,0.132379,-0.292648,-0.971986,0.132379,0.292648,-0.971986,0,0.292648,-0.971986,0,-0.292648,-0.971986,0.132379,-0.292648,-1.55728,0.132379,-0.292648,-1.36139,0.132379,-0.0967598,-1.16787,0.132379,-0.0967598,-1.55728,0.132379,0.292648,-1.36139,0.132379,0.0967598,-0.971986,0.132379,0.292648,-1.16787,0.132379,0.0967598,-1.36139,0.132379,-0.0967598,-1.36122,1.9099,-0.0965881,-1.16787,0.132379,-0.0967598,-1.16804,1.9099,-0.0965881,-1.36122,1.9099,0.0965881,-1.36139,0.132379,-0.0967598,-1.36139,0.132379,0.0967598,-1.36122,1.9099,-0.0965881,-1.36122,1.9099,0.0965881,-1.36139,0.132379,0.0967598,-1.16804,1.9099,0.0965881,-1.16787,0.132379,0.0967598,-1.16787,0.132379,-0.0967598,-1.16804,1.9099,-0.0965881,-1.16787,0.132379,0.0967598,-1.16804,1.9099,0.0965881,-1.16804,1.9099,0.0965881,-1.36122,1.9099,-0.0965881,-1.36122,1.9099,0.0965881,-1.16804,1.9099,-0.0965881,1.5366,1.67418,0.216579,-1.54745,1.67418,0.216579,-1.54745,0.820361,0.216579,1.5366,0.820361,0.216579,-1.54745,1.67418,0.216579,1.5366,1.67418,0.216579,1.5366,1.67418,0.0837555,-1.54745,1.67418,0.0837555,1.5366,0.820361,0.0837555,-1.54745,0.820361,0.0837555,-1.54745,1.67418,0.0837555,1.5366,1.67418,0.0837555,1.5366,0.820361,0.216579,-1.54745,0.820361,0.216579,-1.54745,0.820361,0.0837555,1.5366,0.820361,0.0837555,1.5366,0.820361,0.0837555,1.5366,1.67418,0.0837555,1.5366,0.820361,0.216579,1.5366,1.67418,0.216579,-1.54745,1.67418,0.216579,-1.54745,0.820361,0.0837555,-1.54745,0.820361,0.216579,-1.54745,1.67418,0.0837555]},"normal":{"type":"float32","components":3,"data":[0,0,-1,0,0,-1,0,0,-1,0,0,-1,0,0,1,0,0,1,0,0,1,0,0,1,0,-1,0,0,-1,0,0,-1,0,0,-1,0,-1,0,0,-1,0,0,-1,0,0,-1,0,0,1,0,0,1,0,0,1,0,0,1,0,0,0,1,1.22093e-08,0,1,1.22092e-08,0,1,1.22092e-08,0,1,1.22092e-08,0,1,1.22092e-08,0,1,1.22092e-08,0,1,1.22093e-08,0,1,1.22092e-08,0,9.65734e-05,-1,0,9.65735e-05,-1,0,9.65735e-05,-1,0,9.65735e-05,-1,-1,9.74202e-05,0,-1,9.74202e-05,0,-1,9.74202e-05,0,-1,9.74202e-05,0,0,9.65734e-05,1,0,9.65735e-05,1,0,9.65735e-05,1,0,9.65735e-05,1,1,9.71963e-05,0,1,9.71963e-05,0,1,9.71963e-05,0,1,9.71963e-05,0,0,1,0,0,1,0,0,1,0,0,1,0,0,0,-1,0,0,-1,0,0,-1,0,0,-1,0,0,1,0,0,1,0,0,1,0,0,1,0,-1,0,0,-1,0,0,-1,0,0,-1,0,-1,0,0,-1,0,0,-1,0,0,-1,0,0,1,0,0,1,0,0,1,0,0,1,0,0,0,1,1.22094e-08,0,1,1.22092e-08,0,1,1.22092e-08,0,1,1.22092e-08,0,1,0,0,1,0,0,1,0,0,1,0,0,9.65734e-05,-1,0,9.65734e-05,-1,0,9.65734e-05,-1,0,9.65734e-05,-1,-1,9.73706e-05,0,-1,9.73706e-05,0,-1,9.73706e-05,0,-1,9.73706e-05,0,0,9.65734e-05,1,0,9.65734e-05,1,0,9.65734e-05,1,0,9.65734e-05,1,1,9.7376e-05,0,1,9.7376e-05,0,1,9.7376e-05,0,1,9.7376e-05,0,0,1,0,0,1,0,0,1,0,0,1,0,0,0,1,0,0,1,0,0,1,0,0,1,0,1,0,0,1,0,0,1,0,0,1,0,0,0,-1,0,0,-1,0,0,-1,0,0,-1,0,-1,0,0,-1,0,0,-1,0,0,-1,0,1,0,0,1,0,0,1,0,0,1,0,0,-1,0,0,-1,0,0,-1,0,0,-1,0,0]},"texCoord0":{"type":"float32","components":2,"data":[0.339658,0.332489,0.339658,0.331713,0.340016,0.331713,0.340016,0.332489,0.33928,0.334317,0.33928,0.333541,0.339639,0.333541,0.339639,0.334317,0.317153,0.0834785,0.317153,0.0880702,0.312561,0.0834785,0.312561,0.0880702,0.339547,0.110112,0.338911,0.110887,0.338911,0.110112,0.339547,0.110887,0.34022,0.110112,0.34022,0.110887,0.339585,0.110887,0.339585,0.110112,0.330313,0.560298,0.334835,0.560298,0.333888,0.561245,0.33126,0.561245,0.334835,0.56482,0.333888,0.563873,0.330313,0.56482,0.33126,0.563873,0.544167,0.376711,0.539776,0.311547,0.544167,0.311547,0.539776,0.376711,0.584354,0.122136,0.576579,0.0569713,0.584354,0.0569713,0.576579,0.122136,0.553699,0.311547,0.549308,0.376711,0.549308,0.311547,0.553699,0.376711,0.601394,0.0569713,0.601394,0.122136,0.593619,0.0569713,0.593619,0.122136,0.563173,0.595209,0.523767,0.555802,0.563173,0.555802,0.523767,0.595209,0.340016,0.331713,0.339658,0.332489,0.339658,0.331713,0.340016,0.332489,0.339639,0.333541,0.33928,0.334317,0.33928,0.333541,0.339639,0.334317,0.317153,0.0834785,0.317153,0.0880702,0.312561,0.0834785,0.312561,0.0880702,0.339547,0.110112,0.338911,0.110887,0.338911,0.110112,0.339547,0.110887,0.34022,0.110112,0.34022,0.110887,0.339585,0.110887,0.339585,0.110112,0.330313,0.560298,0.334835,0.560298,0.333888,0.561245,0.33126,0.561245,0.334835,0.56482,0.333888,0.563873,0.330313,0.56482,0.33126,0.563873,0.544167,0.311547,0.544167,0.376711,0.539776,0.311547,0.539776,0.376711,0.584354,0.122136,0.576579,0.0569713,0.584354,0.0569713,0.576579,0.122136,0.553699,0.311547,0.553699,0.376711,0.549308,0.311547,0.549308,0.376711,0.601394,0.0569713,0.601394,0.122136,0.593619,0.0569713,0.593619,0.122136,0.563173,0.595209,0.523767,0.555802,0.563173,0.555802,0.523767,0.595209,0.000712693,0.653859,0.996728,0.653859,0.996728,0.995057,0.000712723,0.995057,0.320313,0.532046,0.320313,0.52099,0.320948,0.52099,0.320948,0.532046,0.283874,0.143306,0.283874,0.154363,0.280781,0.154363,0.280781,0.143306,0.284542,0.143306,0.284542,0.154363,0.283874,0.154363,0.283874,0.143306,0.285254,0.285711,0.285254,0.288772,0.28462,0.285711,0.28462,0.288772,0.285967,0.288772,0.285332,0.285711,0.285967,0.285711,0.285332,0.288772]}}],"meshes":[{"aabb":{"min":[-1.55728,0,-0.292648],"max":[1.55728,1.9099,0.292648]},"vertices":0,"indices":[0,1,2,0,2,3,4,5,6,4,6,7,8,9,10,10,9,11,12,13,14,13,12,15,16,17,18,18,19,16,20,21,22,20,22,23,21,24,25,21,25,22,26,25,24,25,26,27,27,26,23,26,20,23,28,29,30,29,28,31,32,33,34,33,32,35,36,37,38,37,36,39,40,41,42,43,42,41,44,45,46,45,44,47,48,49,50,49,48,51,52,53,54,53,52,55,56,57,58,58,57,59,60,61,62,61,60,63,64,65,66,66,67,64,68,69,70,68,70,71,69,72,73,69,73,70,74,73,72,73,74,75,75,74,71,74,68,71,76,77,78,78,77,79,80,81,82,81,80,83,84,85,86,86,85,87,88,89,90,91,90,89,92,93,94,93,92,95,96,97,98,96,98,99,100,101,102,100,102,103,104,105,106,104,106,107,108,109,110,108,110,111,112,113,114,115,114,113,116,117,118,117,116,119],"type":"triangles","base":0,"count":204}],"meshInstances":[{"node":2,"mesh":0}]}}