{"model":{"version":3,"nodes":[{"name":"RootNode","position":[0,0,0],"rotation":[0,0,0],"scale":[0.01,0.01,0.01],"scaleCompensation":false},{"name":"scp_ep_road_railing_corner","position":[0,0,0],"rotation":[0,-89.9999,-0],"scale":[1,1,1],"scaleCompensation":false}],"parents":[-1,0],"skins":[],"morphs":[],"vertices":[{"position":{"type":"float32","components":3,"data":[400,19.6327,-6.08942,400,19.6327,-5.38826e-05,3.04459,19.6327,-0.000117064,-3.04478,19.6327,-6.08948,400,81.7499,-6.08942,-3.04478,81.7499,-6.08948,3.04459,81.7499,-0.000117064,400,81.7499,-5.38826e-05,400,35.162,-6.87386,400,50.6913,-5.38826e-05,3.04459,50.6913,-0.000117064,-3.82922,35.162,-6.87392,400,66.2206,-6.87386,-3.82922,66.2206,-6.87392,3.04459,81.7499,-0.000117064,400,81.7499,-5.38826e-05,3.04459,19.6327,-0.000117064,400,19.6327,-5.38826e-05,400,50.6913,-6.08942,400,50.6913,-5.38826e-05,400,35.162,-6.87386,400,35.162,-12.9632,400,66.2206,-12.9632,400,66.2206,-6.87386,400,81.7499,-6.08942,400,81.7499,-5.38826e-05,400,19.6327,-5.38826e-05,400,19.6327,-6.08942,400,35.162,-12.9632,400,19.6327,-6.08942,-3.04478,19.6327,-6.08948,-9.91858,35.162,-12.9633,-3.04478,50.6913,-6.08948,400,50.6913,-6.08942,400,66.2206,-12.9632,-9.91861,66.2206,-12.9633,-3.04478,81.7499,-6.08948,400,81.7499,-6.08942,194.691,-55.1024,7.55034,205.308,-55.1024,7.55034,205.308,71.2587,7.55034,194.691,71.2587,7.55034,205.308,-55.1024,7.55034,205.308,-55.1024,-0.000113487,205.308,71.2587,-0.000113487,205.308,71.2587,7.55034,205.308,-55.1024,-0.000113487,194.691,-55.1024,-0.000115156,194.691,71.2587,-0.000115156,205.308,71.2587,-0.000113487,194.691,-55.1024,-0.000115156,194.691,-55.1024,7.55034,194.691,71.2587,7.55034,194.691,71.2587,-0.000115156,205.308,71.2587,-0.000113487,194.691,71.2587,-0.000115156,194.691,71.2587,7.55034,205.308,71.2587,7.55034,-3.04477,19.6327,396.955,-3.04478,19.6327,-6.08948,3.04459,19.6327,-0.000117064,3.0446,19.6327,396.955,-3.04477,81.7499,396.955,3.0446,81.7499,396.955,3.04459,81.7499,-0.000117064,-3.04478,81.7499,-6.08948,-3.82921,35.162,396.955,-3.82922,35.162,-6.87392,3.04459,50.6913,-0.000117064,3.0446,50.6913,396.955,-3.82921,66.2206,396.955,-3.82922,66.2206,-6.87392,3.04459,81.7499,-0.000117064,3.0446,81.7499,396.955,3.04459,19.6327,-0.000117064,3.0446,19.6327,396.955,-3.04477,50.6913,396.955,-9.91855,35.162,396.955,-3.82921,35.162,396.955,3.0446,50.6913,396.955,-9.91855,66.2206,396.955,-3.82921,66.2206,396.955,-3.04477,81.7499,396.955,3.0446,81.7499,396.955,3.0446,19.6327,396.955,-3.04477,19.6327,396.955,-9.91855,35.162,396.955,-9.91858,35.162,-12.9633,-3.04478,19.6327,-6.08948,-3.04477,19.6327,396.955,-3.04478,50.6913,-6.08948,-3.04477,50.6913,396.955,-9.91855,66.2206,396.955,-9.91861,66.2206,-12.9633,-3.04478,81.7499,-6.08948,-3.04477,81.7499,396.955,10.595,-55.1024,191.646,10.595,71.2587,191.646,10.595,71.2587,202.264,10.595,-55.1024,202.264,10.595,-55.1024,202.264,10.595,71.2587,202.264,3.04457,71.2587,202.264,3.04457,-55.1024,202.264,3.04457,-55.1024,202.264,3.04457,71.2587,202.264,3.04456,71.2587,191.646,3.04457,-55.1024,191.646,3.04457,-55.1024,191.646,3.04456,71.2587,191.646,10.595,71.2587,191.646,10.595,-55.1024,191.646,3.04457,71.2587,202.264,10.595,71.2587,202.264,10.595,71.2587,191.646,3.04456,71.2587,191.646]},"normal":{"type":"float32","components":3,"data":[0,-1,0,0,-1,0,0,-1,0,0,-1,0,0,1,0,0,1,0,0,1,0,0,1,0,-1.57987e-07,0,1,-1.59164e-07,0,1,-1.51496e-07,1.2813e-07,1,-1.48189e-07,0,1,-1.57674e-07,0,1,-1.48189e-07,1.37377e-07,1,-1.28162e-07,-0.404756,0.914425,-1.41654e-07,-0.404756,0.914425,-1.37597e-07,0.404756,0.914425,-1.45543e-07,0.404756,0.914425,1,0,0,1,0,0,1,0,0,1,0,0,1,0,0,1,0,0,1,0,0,1,0,0,1,0,0,1,0,0,1.37325e-07,0,-1,1.26576e-07,-0.404756,-0.914425,1.20216e-07,-0.404756,-0.914425,1.30284e-07,0,-1,1.52831e-07,-7.16697e-07,-1,1.38421e-07,0,-1,1.38103e-07,0,-1,1.69834e-07,-1.09902e-07,-1,1.4815e-07,0.404757,-0.914424,1.22745e-07,0.404756,-0.914425,0,0,1,0,0,1,0,0,1,0,0,1,1,0,0,1,0,0,1,0,0,1,0,0,1.57189e-07,0,-1,1.57189e-07,0,-1,1.5719e-07,0,-1,1.5719e-07,0,-1,-1,4.83022e-07,0,-1,4.83022e-07,0,-1,4.83022e-07,0,-1,4.83022e-07,0,0,1,0,0,1,0,0,1,0,0,1,0,0,-1,0,0,-1,0,0,-1,0,0,-1,0,0,1,0,0,1,0,0,1,0,0,1,0,1,1.03742e-07,0,1,0,0,1,1.33339e-07,0,1,1.2449e-07,0,1,0,0,1,1.37377e-07,0,0.914425,-0.404756,0,0.914425,-0.404756,0,0.914425,0.404757,0,0.914425,0.404756,0,-5.01162e-06,0,1,-5.01164e-06,0,1,-5.01164e-06,0,1,-5.01162e-06,0,1,-5.01164e-06,0,1,-5.01164e-06,0,1,-5.01162e-06,2.21832e-06,1,-5.01161e-06,2.21832e-06,1,-5.01162e-06,-2.21831e-06,1,-5.01161e-06,-2.21831e-06,1,-1,0,0,-1,0,0,-0.914425,-0.404756,0,-0.914425,-0.404755,0,-1,-1.0089e-06,1.13105e-07,-1,0,0,-1,0,0,-1,-1.2364e-07,1.48896e-07,-0.914424,0.404757,1.27435e-07,-0.914425,0.404755,0,1,0,0,1,0,0,1,0,0,1,0,0,0,0,1,0,0,1,0,0,1,0,0,1,-1,-1.14311e-07,0,-1,0,1.43716e-06,-1,0,1.36047e-06,-1,-1.20755e-07,0,0,4.8761e-07,-1,-2.02091e-06,6.03777e-07,-1,-1.94412e-06,5.99189e-07,-1,0,4.83022e-07,-1,0,1,0,0,1,0,0,1,0,0,1,0]},"texCoord0":{"type":"float32","components":2,"data":[0.834876,0.193125,0.834876,0.193576,0.831268,0.193576,0.831213,0.193125,0.834876,0.192095,0.831213,0.192095,0.831268,0.191645,0.834876,0.191645,0.67717,0.123492,0.67717,0.0849808,0.683449,0.0849808,0.683558,0.123492,0.67717,0.0464696,0.683558,0.0464696,0.683449,0.00795871,0.67717,0.00795871,0.683449,0.162003,0.67717,0.162003,0.832289,0.194067,0.832289,0.194518,0.832148,0.194009,0.832148,0.193558,0.83243,0.193558,0.83243,0.194009,0.832571,0.194067,0.832571,0.194518,0.832007,0.194518,0.832007,0.194067,0.683558,0.0464696,0.683558,0.0079587,0.677182,0.0079587,0.677074,0.0464696,0.677182,0.0849802,0.683558,0.0849805,0.683558,0.123492,0.677074,0.123491,0.677182,0.162002,0.683558,0.162003,0.851686,0.192318,0.85459,0.192318,0.85459,0.195222,0.851686,0.195222,0.851686,0.192318,0.85459,0.192318,0.85459,0.195222,0.851686,0.195222,0.851686,0.192318,0.85459,0.192318,0.85459,0.195222,0.851686,0.195222,0.851686,0.192318,0.85459,0.192318,0.85459,0.195222,0.851686,0.195222,0.85459,0.195222,0.85459,0.195222,0.85459,0.195222,0.85459,0.195222,0.834892,0.194541,0.831229,0.194541,0.831285,0.194091,0.834892,0.194091,0.831319,0.193875,0.831319,0.193424,0.834926,0.193424,0.834982,0.193875,0.67717,0.123492,0.683558,0.123492,0.683449,0.0849808,0.67717,0.0849808,0.67717,0.0464696,0.683558,0.0464696,0.683449,0.00795871,0.67717,0.00795871,0.683449,0.162003,0.67717,0.162003,0.833359,0.194009,0.833218,0.194518,0.833218,0.194067,0.833359,0.193558,0.8335,0.194518,0.8335,0.194067,0.833641,0.194009,0.833641,0.193558,0.833077,0.193558,0.833077,0.194009,0.683558,0.0464696,0.677074,0.0464696,0.677182,0.0079587,0.683558,0.0079587,0.677182,0.0849808,0.683558,0.0849808,0.683558,0.123492,0.677074,0.123492,0.677182,0.162003,0.683558,0.162003,0.851686,0.192318,0.851686,0.195222,0.85459,0.195222,0.85459,0.192318,0.851686,0.192318,0.851686,0.195222,0.85459,0.195222,0.85459,0.192318,0.851686,0.192318,0.851686,0.195222,0.85459,0.195222,0.85459,0.192318,0.851686,0.192318,0.851686,0.195222,0.85459,0.195222,0.85459,0.192318,0.85459,0.195222,0.85459,0.195222,0.85459,0.195222,0.85459,0.195222]}}],"meshes":[{"aabb":{"min":[-9.91861,-55.1024,-12.9633],"max":[400,81.7499,396.955]},"vertices":0,"indices":[0,1,2,2,3,0,4,5,6,6,7,4,8,9,10,10,11,8,10,9,12,12,13,10,14,13,12,12,15,14,8,11,16,16,17,8,18,19,20,20,21,18,19,18,22,22,23,19,23,22,24,24,25,23,21,20,26,26,27,21,28,29,30,30,31,28,28,31,32,32,33,28,34,33,32,32,35,34,34,35,36,36,37,34,38,39,40,40,41,38,42,43,44,44,45,42,46,47,48,48,49,46,50,51,52,52,53,50,54,55,56,56,57,54,58,59,60,60,61,58,62,63,64,64,65,62,66,67,68,68,69,66,70,69,68,68,71,70,70,71,72,72,73,70,74,67,66,66,75,74,76,77,78,78,79,76,80,76,79,79,81,80,82,80,81,81,83,82,84,78,77,77,85,84,86,87,88,88,89,86,90,87,86,86,91,90,90,91,92,92,93,90,94,93,92,92,95,94,96,97,98,98,99,96,100,101,102,102,103,100,104,105,106,106,107,104,108,109,110,110,111,108,112,113,114,114,115,112],"type":"triangles","base":0,"count":228}],"meshInstances":[{"node":1,"mesh":0}]}}