{"model":{"version":3,"nodes":[{"name":"RootNode","position":[0,0,0],"rotation":[0,0,0],"scale":[0.01,0.01,0.01],"scaleCompensation":false},{"name":"RubishPile_01","position":[64.8333,-0.0750826,-23.7073],"rotation":[0,-0,0],"scale":[1,1,1],"scaleCompensation":false},{"name":"CardboardBox","position":[-0.535559,-0.0609192,0.237852],"rotation":[0,-0,0],"scale":[1,1,1],"scaleCompensation":false}],"parents":[-1,0,1],"skins":[],"morphs":[],"vertices":[{"position":{"type":"float32","components":3,"data":[-64.2322,-0.121469,24.3252,-65.0133,-0.187477,24.5232,-64.0737,-0.187477,24.4073,-65.0127,-0.0988667,24.4081,-65.1932,0.05612,23.6369,-65.7682,-0.0940642,23.145,-66.2585,-0.187477,23.4101,-65.9556,-0.0809313,23.1691,-66.2229,-0.187477,23.1162,-63.4978,-0.155637,23.5308,-63.6843,-0.134058,24.0017,-63.5233,-0.187477,24.0367,-63.31,-0.187477,23.5282,-63.5826,-0.0752614,23.0024,-64.4362,-0.0968212,23.0602,-63.5251,-0.187477,22.9121,-66.0567,-0.187477,24.2161,-65.5387,-0.105041,24.3463,-65.8983,-0.117116,24.0498,-65.5363,-0.187477,24.4286,-66.1069,-0.0448929,23.9124,-66.3567,-0.187477,23.7025,-66.1231,-0.0448929,23.6714,-66.2513,-0.187477,23.9858,-66.0502,-0.187477,22.9411,-65.7385,-0.187477,22.8914,-64.3829,-0.187477,22.9579,-64.6186,0.0253946,23.5026,-64.0166,0.0972345,23.4458,-64.603,0.0178664,23.7901,-64.0376,0.0816181,23.8916,-64.8093,-0.0727104,24.0401,-65.5627,-0.00394917,24.1472,-63.9582,0.0539627,23.8414,-65.5501,-0.137353,24.1225,-63.9712,0.1877,23.8643,-63.9712,0.1877,23.8643,-65.5276,-0.0331278,24.3271,-63.9354,0.16034,24.0444,-65.5627,-0.00394917,24.1472,-65.5276,-0.0331278,24.3271,-63.9229,0.0252376,24.0214,-63.9354,0.16034,24.0444,-65.5148,-0.166077,24.3024,-63.9582,0.0539627,23.8414,-65.5148,-0.166077,24.3024,-65.5501,-0.137353,24.1225,-63.9229,0.0252376,24.0214,-63.9229,0.0252376,24.0214,-63.9582,0.0539627,23.8414,-63.9712,0.1877,23.8643,-63.9354,0.16034,24.0444,-65.5148,-0.166077,24.3024,-65.5627,-0.00394917,24.1472,-65.5501,-0.137353,24.1225,-65.5276,-0.0331278,24.3271]},"normal":{"type":"float32","components":3,"data":[0.0532272,0.912265,0.406128,0.0109945,0.794503,0.607161,0.181376,0.895624,0.406152,0.0362756,0.952785,0.301473,-0.0381691,0.995152,-0.0906451,-0.100681,0.969877,-0.221817,-0.177044,0.983872,-0.0255165,-0.192056,0.97924,-0.0648313,-0.220038,0.975243,-0.0220131,0.302205,0.95196,-0.0494305,0.250419,0.937404,0.242001,0.228952,0.959884,0.161878,0.365419,0.930842,0.00177233,0.144276,0.929481,-0.339485,-0.0263671,0.914641,-0.403407,0.193972,0.840556,-0.505807,-0.232795,0.881818,0.410125,-0.130418,0.946981,0.293629,-0.110993,0.990944,0.0755728,-0.169925,0.826832,0.536166,-0.16092,0.986924,0.00928351,-0.56477,0.8248,0.0271909,-0.148023,0.988395,-0.0341291,-0.559957,0.795876,0.230281,-0.111979,0.926729,-0.358656,-0.00712116,0.894584,-0.446843,-0.0236622,0.811248,-0.584224,0.0649704,0.988884,-0.133745,0.157235,0.98326,-0.0920699,-0.0241995,0.965288,0.260064,0.109555,0.960285,0.256615,0.0533318,0.967582,0.246862,-0.190315,0.15445,-0.969498,-0.190315,0.15445,-0.969498,-0.190315,0.15445,-0.969498,-0.190315,0.15445,-0.969498,-0.087933,0.980896,0.173527,-0.087933,0.980896,0.173527,-0.087933,0.980896,0.173527,-0.087933,0.980896,0.173527,0.190315,-0.15445,0.969498,0.190315,-0.15445,0.969498,0.190315,-0.15445,0.969498,0.190315,-0.15445,0.969498,0.087933,-0.980896,-0.173527,0.087933,-0.980896,-0.173527,0.087933,-0.980896,-0.173527,0.087933,-0.980896,-0.173527,0.977152,0.122057,-0.173999,0.977152,0.122057,-0.173999,0.977152,0.122057,-0.173999,0.977152,0.122057,-0.173999,-0.977276,-0.124993,0.1712,-0.977276,-0.124993,0.1712,-0.977276,-0.124993,0.1712,-0.977276,-0.124993,0.1712]},"color":{"type":"uint8","components":4,"data":[255,255,255,255,255,255,255,255,255,255,255,255,255,255,255,255,255,255,255,255,255,255,255,255,255,255,255,255,255,255,255,255,255,255,255,255,255,255,255,255,255,255,255,255,255,255,255,255,255,255,255,255,255,255,255,255,255,255,255,255,255,255,255,255,255,255,255,255,255,255,255,255,255,255,255,255,255,255,255,255,255,255,255,255,255,255,255,255,255,255,255,255,255,255,255,255,255,255,255,255,255,255,255,255,255,255,255,255,255,255,255,255,255,255,255,255,255,255,255,255,255,255,255,255,255,255,255,255,255,255,255,255,255,255,255,255,255,255,255,255,255,255,255,255,255,255,255,255,255,255,255,255,255,255,255,255,255,255,255,255,255,255,255,255,255,255,255,255,255,255,255,255,255,255,255,255,255,255,255,255,255,255,255,255,255,255,255,255,255,255,255,255,255,255,255,255,255,255,255,255,255,255,255,255,255,255,255,255,255,255,255,255,255,255,255,255,255,255,255,255,255,255,255,255]},"texCoord0":{"type":"float32","components":2,"data":[0.372677,0.959537,0.24357,0.989726,0.398882,0.972044,0.243671,0.972169,0.213822,0.854614,0.118782,0.779628,0.0378304,0.82009,0.0878866,0.783343,0.0438762,0.775351,0.540664,0.83844,0.46325,0.910216,0.489869,0.915556,0.571719,0.838039,0.48006,0.757916,0.338969,0.766718,0.489559,0.744159,0.0710874,0.942905,0.156744,0.962737,0.0972893,0.917558,0.157132,0.975275,0.0628548,0.896611,0.0220261,0.864674,0.0602444,0.859901,0.0389226,0.907794,0.07232,0.748813,0.123699,0.741037,0.347765,0.751112,0.308811,0.834152,0.408318,0.825486,0.311391,0.877961,0.404846,0.893434,0.277297,0.916078,0.939698,0.860361,0.668127,0.892787,0.668127,0.860361,0.939698,0.892787,0.930112,0.845279,0.670584,0.812446,0.930112,0.812446,0.670584,0.845279,0.938862,0.866019,0.667291,0.891988,0.667291,0.866019,0.938862,0.891988,0.667291,0.910352,0.938862,0.936321,0.667291,0.936321,0.938862,0.910352,0.938862,0.910352,0.668127,0.892787,0.930112,0.845279,0.667291,0.866019,0.938862,0.891988,0.939698,0.860361,0.667291,0.936321,0.670584,0.812446]}},{"position":{"type":"float32","components":3,"data":[-63.9439,0.195629,23.5911,-64.5813,0.337642,23.4662,-64.5475,0.264382,23.7,-63.9774,0.268286,23.3593,-63.9774,0.268286,23.3593,-63.9439,0.195629,23.5911,-63.9616,0.192199,23.5695,-63.9805,0.249449,23.3538,-64.5813,0.337642,23.4662,-64.538,0.257714,23.6828,-64.5475,0.264382,23.7,-64.5845,0.318805,23.4608,-63.9805,0.249449,23.3538,-64.5845,0.318805,23.4608,-64.5813,0.337642,23.4662,-63.9774,0.268286,23.3593,-63.9616,0.192199,23.5695,-64.538,0.257714,23.6828,-64.5845,0.318805,23.4608,-63.9805,0.249449,23.3538,-64.5475,0.264382,23.7,-63.9531,0.0234108,23.6487,-63.9439,0.195629,23.5911,-64.5616,0.00122738,23.788,-64.6517,-0.0381804,23.3134,-64.0395,0.0534086,23.1509,-64.0452,-0.0549746,23.1872,-64.6431,0.122163,23.2598,-63.9935,0.12179,23.3625,-64.0452,-0.0549746,23.1872,-64.0395,0.0534086,23.1509,-63.9531,0.0234108,23.6487,-63.9439,0.195629,23.5911,-64.5616,0.00122738,23.788,-64.5976,0.189932,23.4695,-64.6517,-0.0381804,23.3134,-64.5475,0.264382,23.7,-64.6431,0.122163,23.2598,-64.0395,0.0534086,23.1509,-64.5976,0.189932,23.4695,-63.9935,0.12179,23.3625,-64.6431,0.122163,23.2598,-63.9935,0.12179,23.3625,-63.9616,0.192199,23.5695,-63.9439,0.195629,23.5911,-64.0065,0.125148,23.3705,-64.5976,0.189932,23.4695,-64.5475,0.264382,23.7,-64.538,0.257714,23.6828,-64.5822,0.190079,23.4724,-63.9935,0.12179,23.3625,-64.5976,0.189932,23.4695,-64.5822,0.190079,23.4724,-64.0065,0.125148,23.3705,-64.5481,0.019162,23.7331,-63.9616,0.192199,23.5695,-63.9777,0.0014267,23.6312,-64.538,0.257714,23.6828,-64.0065,0.125148,23.3705,-63.9777,0.0014267,23.6312,-63.9616,0.192199,23.5695,-64.0167,-0.0656385,23.4343,-64.538,0.257714,23.6828,-64.5924,-0.000704765,23.5363,-64.5822,0.190079,23.4724,-64.5481,0.019162,23.7331,-64.0065,0.125148,23.3705,-64.5822,0.190079,23.4724,-64.5924,-0.000704765,23.5363,-64.0167,-0.0656385,23.4343]},"normal":{"type":"float32","components":3,