{"model":{"version":3,"nodes":[{"name":"RootNode","position":[0,0,0],"rotation":[0,0,0],"scale":[0.01,0.01,0.01],"scaleCompensation":false},{"name":"RoadObject_01","position":[0,-9.53674e-07,0],"rotation":[-90,0,0],"scale":[1,1,1],"scaleCompensation":false}],"parents":[-1,0],"skins":[],"morphs":[],"vertices":[{"position":{"type":"float32","components":3,"data":[27.5791,-3.36914,-1.3719,-27.5791,-0.259766,17.8439,27.5791,-0.259766,17.8439,-27.5791,-3.36914,-1.3719,27.5791,-11.8604,0.0971985,-27.5791,-11.8604,0.0971985,-27.5791,-3.36914,-1.3719,27.5791,-3.36914,-1.3719,27.5791,-8.47852,19.313,27.5791,-11.8604,0.0971985,27.5791,-0.259766,17.8439,27.5791,-3.36914,-1.3719,-27.5791,-8.47852,19.313,27.5791,-8.47852,19.313,-27.5791,-0.259766,17.8439,27.5791,-0.259766,17.8439,-27.5791,-0.259766,17.8439,-27.5791,-11.8604,0.0971985,-27.5791,-8.47852,19.313,-27.5791,-3.36914,-1.3719,-18.7864,-4.37891,-0.951601,-24.894,-6.84082,-19.313,-24.1655,-4.37891,-0.951601,-18.0576,-6.84082,-19.313,-24.894,-13.7598,-18.1411,-18.0576,-6.84082,-19.313,-18.0576,-13.7598,-18.1411,-24.894,-6.84082,-19.313,-18.7864,-9.82324,-0.029501,-18.0576,-6.84082,-19.313,-18.7864,-4.37891,-0.951601,-18.0576,-13.7598,-18.1411,-24.1655,-4.37891,-0.951601,-24.894,-6.84082,-19.313,-24.1655,-9.82324,-0.029501,-24.894,-13.7598,-18.1411,24.8186,-4.37891,-0.951601,25.5471,-6.84082,-19.313,19.4395,-4.37891,-0.951601,18.7109,-6.84082,-19.313,25.5471,-13.7598,-18.1411,18.7109,-13.7598,-18.1411,25.5471,-6.84082,-19.313,18.7109,-6.84082,-19.313,24.8186,-9.82324,-0.029501,25.5471,-6.84082,-19.313,24.8186,-4.37891,-0.951601,25.5471,-13.7598,-18.1411,19.4395,-4.37891,-0.951601,18.7109,-6.84082,-19.313,19.4395,-9.82324,-0.029501,18.7109,-13.7598,-18.1411,27.5791,7.77832,19.313,-27.5791,11.1611,0.0971985,-27.5791,7.77832,19.313,27.5791,11.1611,0.0971985,-27.5791,2.66992,-1.3719,27.5791,-0.44043,17.8439,-27.5791,-0.44043,17.8439,27.5791,2.66992,-1.3719,-27.5791,2.66992,-1.3719,27.5791,11.1611,0.0971985,27.5791,2.66992,-1.3719,-27.5791,11.1611,0.0971985,27.5791,11.1611,0.0971985,27.5791,-0.44043,17.8439,27.5791,2.66992,-1.3719,27.5791,7.77832,19.313,-27.5791,-0.44043,17.8439,27.5791,-0.44043,17.8439,-27.5791,7.77832,19.313,27.5791,7.77832,19.313,-27.5791,-0.44043,17.8439,-27.5791,11.1611,0.0971985,-27.5791,2.66992,-1.3719,-27.5791,7.77832,19.313,-18.7864,9.82324,-0.029501,-24.894,13.7598,-18.1411,-24.1655,9.82324,-0.029501,-18.0576,13.7598,-18.1411,-24.1655,4.37891,-0.951601,-24.894,6.83984,-19.313,-18.7864,4.37891,-0.951601,-18.0576,6.83984,-19.313,-24.894,6.83984,-19.313,-24.894,13.7598,-18.1411,-18.0576,6.83984,-19.313,-18.0576,13.7598,-18.1411,-18.7864,4.37891,-0.951601,-18.0576,6.83984,-19.313,-18.7864,9.82324,-0.029501,-18.0576,13.7598,-18.1411,-24.1655,9.82324,-0.029501,-24.894,6.83984,-19.313,-24.1655,4.37891,-0.951601,-24.894,13.7598,-18.1411,24.8186,9.82324,-0.029501,25.5471,13.7598,-18.1411,19.4395,9.82324,-0.029501,18.7109,13.7598,-18.1411,18.7109,6.83984,-19.313,24.8186,4.37891,-0.951601,19.4395,4.37891,-0.951601,25.5471,6.83984,-19.313,25.5471,6.83984,-19.313,18.7109,6.83984,-19.313,25.5471,13.7598,-18.1411,18.7109,13.7598,-18.1411,24.8186,4.37891,-0.951601,25.5471,6.83984,-19.313,24.8186,9.82324,-0.029501,25.5471,13.7598,-18.1411,18.7109,6.83984,-19.313,19.4395,4.37891,-0.951601,19.4395,9.82324,-0.029501,18.7109,13.7598,-18.1411]},"normal":{"type":"float32","components":3,"data":[0.00589977,0.985462,-0.169793,0,0.983558,-0.180592,0.00589977,0.985462,-0.169793,0,0.983558,-0.180592,0,-0.170493,-0.985359,-0.0381014,-0.170406,-0.984637,-0.0381014,-0.170406,-0.984637,0,-0.170493,-0.985359,1,0,0,1,0,0,1,0,0,1,0,0,0.0361988,0.171794,0.984467,0.0361988,0.171794,0.984467,0,0.167706,0.985837,0,0.167706,0.985837,-1,0,0,-1,0,0,-1,0,0,-1,0,0,0,0.991129,-0.132904,0,0.991129,-0.132904,0,0.991129,-0.132904,0,0.991129,-0.132904,0,-0.166993,-0.985958,0,-0.166993,-0.985958,0,-0.166993,-0.985958,0,-0.166993,-0.985958,0.999225,0.00660017,0.038801,0.999225,0.00660017,0.038801,0.999225,0.00660017,0.038801,0.999225,0.00660017,0.038801,-0.999225,0.00660017,0.038801,-0.999225,0.00660017,0.038801,-0.999225,0.00660017,0.038801,-0.999225,0.00660017,0.038801,0,0.991129,-0.132904,0,0.991129,-0.132904,0,0.991129,-0.132904,0,0.991129,-0.132904,0,-0.166993,-0.985958,0,-0.166993,-0.985958,0,-0.166993,-0.985958,0,-0.166993,-0.985958,0.999225,0.00660017,0.038801,0.999225,0.00660017,0.038801,0.999225,0.00660017,0.038801,0.999225,0.00660017,0.038801,-0.999225,0.00660017,0.038801,-0.999225,0.00660017,0.038801,-0.999225,0.00660017,0.038801,-0.999225,0.00660017,0.038801,0.0168004,0.984725,0.173304,0,1,-0.0004,0.0168004,0.984725,0.173304,0,1,-0.0004,-0.00589977,-0.985462,-0.169793,0,-1,0.0004,-0.00589977,-0.985462,-0.169793,0,-1,0.0004,-0.0381014,0.170406,-0.984637,0,-0.00319998,-0.999995,-0.0381014,0.170406,-0.984637,0,-0.00319998,-0.999995,1,0,0,1,0,0,1,0,0,1,0,0,0.0361988,-0.171794,0.984467,0.0361988,-0.171794,0.984467,0,0.00319998,0.999995,0,0.00319998,0.999995,-1,0,0,-1,0,0,-1,0,0,-1,0,0,0,0.99922,0.0395008,0,0.99922,0.0395008,0,0.99922,0.0395008,0,0.99922,0.0395008,0,-0.999151,0.041198,0,-0.999147,0.0413019,0,-0.999151,0.041198,0,-0.999147,0.0413019,0,-0.00669985,-0.999977,0,-0.00669985,-0.999977,0,-0.00669985,-0.999977,0,-0.00669985,-0.999977,0.999227,0.000300008,0.0393011,0.999227,0.000200005,0.0393011,0.999227,0.000200005,0.0393011,0.999227,0.000200005,0.0393011,-0.999227,0.000200005,0.0393011,-0.999227,0.000200005,0.0393011,-0.999227,0.000300008,0.0393011,-0.999227,0.000200005,0.0393011,0,0.99922,0.0395008,0,0.99922,0.0395008,0,0.99922,0.0395008,0,0.99922,0.0395008,0,-0.999147,0.0413019,0,-0.999151,0.041198,0,-0.999151,0.041198,0,-0.999147,0.0413019,0,-0.00669985,-0.999977,0,-0.00669985,-0.999977,0,-0.00669985,-0.999977,0,-0.00669985,-0.999977,0.999227,0.000300008,0.0393011,0.999227,0.000200005,0.0393011,0.999227,0.000200005,0.0393011,0.999227,0.000200005,0.0393011,-0.999227,0.000200005,0.0393011,-0.999227,0.000300008,0.0393011,-0.999227,0.000200005,0.0393011,-0.999227,0.000200005,0.0393011]},"texCoord0":{"type":"float32","components":2,"data":[0.6939,0.6437,0.034,0.8772,0.6939,0.8772,0.034,0.6437,0.6939,0.5406,0.034,0.5406,0.034,0.6437,0.6939,0.6437,0.2192,0.2563,0.2192,0.0229,0.1161,0.2566,0.1161,0.0232,0.034,0.9803,0.6939,0.9803,0.034,0.8772,0.6939,0.8772,0.9822,0.2566,0.8791,0.0229,0.8791,0.2563,0.9822,0.0232,0.2472,0.5078,0.184,0.2831,0.1829,0.5049,0.2657,0.2867,0.1,0.2856,0.0091,0.2116,0.0188,0.295,0.0904,0.2022,0.3128,0.5156,0.2657,0.2867,0.2472,0.5078,0.3491,0.2966,0.1829,0.5049,0.184,0.2831,0.1169,0.5069,0.1,0.2856,0.95,0.503,0.7283,0.512,0.9551,0.5672,0.7349,0.5935,0.7279,0.428,0.7344,0.3465,0.6442,0.4213,0.6507,0.3398,0.9496,0.4369,0.7283,0.512,0.95,0.503,0.7279,0.428,0.9551,0.5672,0.7349,0.5935,0.9652,0.6324,0.7477,0.6765,0.2192,0.2563,0.8791,0.0229,0.8791,0.2563,0.2192,0.0229,0.034,0.6437,0.6939,0.8772,0.034,0.8772,0.6939,0.6437,0.034,0.6437,0.6939,0.5406,0.6939,0.6437,0.034,0.5406,0.2192,0.0229,0.1161,0.2566,0.1161,0.0232,0.2192,0.2563,0.034,0.8772,0.6939,0.8772,0.034,0.9803,0.6939,0.9803,0.9822,0.2566,0.8791,0.0229,0.9822,0.0232,0.8791,0.2563,0.053,0.5143,0.1,0.2856,0.1169,0.5069,0.0188,0.295,0.1829,0.5049,0.184,0.2831,0.2472,0.5078,0.2657,0.2867,0.0904,0.2022,0.1,0.2856,0.0091,0.2116,0.0188,0.295,0.2472,0.5078,0.2657,0.2867,0.3128,0.5156,0.3491,0.2966,0.1169,0.5069,0.184,0.2831,0.1829,0.5049,0.1,0.2856,0.9496,0.4369,0.7279,0.428,0.9547,0.3728,0.7344,0.3465,0.7349,0.5935,0.95,0.503,0.9551,0.5672,0.7283,0.512,0.6442,0.4213,0.6507,0.3398,0.7279,0.428,0.7344,0.3465,0.95,0.503,0.7283,0.512,0.9496,0.4369,0.7279,0.428,0.7349,0.5935,0.9551,0.5672,0.9652,0.6324,0.7477,0.6765]}}],"meshes":[{"aabb":{"min":[-27.5791,-13.7598,-19.313],"max":[27.5791,13.7598,19.313]},"vertices":0,