{"model":{"version":3,"nodes":[{"name":"RootNode","position":[0,0,0],"rotation":[0,0,0],"scale":[0.01,0.01,0.01],"scaleCompensation":false},{"name":"rubbishBag","position":[0,0,0],"rotation":[0,0,0],"scale":[1,1,1],"scaleCompensation":false}],"parents":[-1,0],"skins":[],"morphs":[],"vertices":[{"position":{"type":"float32","components":3,"data":[-0.539455,0.444582,0.539455,0.539455,0.444582,0.539455,0.347454,1.00431,0.347454,-0.347454,1.00431,0.347454,0.539455,0.444582,-0.539455,-0.539455,0.444582,-0.539455,-0.347454,1.00431,-0.347454,0.347454,1.00431,-0.347454,0.340088,0,0.340087,-0.340088,0,0.340087,-0.340088,0,-0.340087,0.340088,0,-0.340087,0.347454,1.00431,0.347454,0.539455,0.444582,0.539455,0.347454,1.00431,-0.347454,0.539455,0.444582,-0.539455,-0.347454,1.00431,0.347454,-0.539455,0.444582,-0.539455,-0.539455,0.444582,0.539455,-0.347454,1.00431,-0.347454,-0.539455,0.444582,-0.539455,0.539455,0.444582,-0.539455,0.340088,0,-0.340087,-0.340088,0,-0.340087,0.340088,0,0.340087,0.539455,0.444582,-0.539455,0.539455,0.444582,0.539455,0.340088,0,-0.340087,-0.340088,0,0.340087,0.539455,0.444582,0.539455,-0.539455,0.444582,0.539455,0.340088,0,0.340087,-0.340088,0,-0.340087,-0.340088,0,0.340087,-0.539455,0.444582,0.539455,-0.539455,0.444582,-0.539455,0.060722,1.25865,0.0607221,-0.347454,1.00431,0.347454,0.347454,1.00431,0.347454,-0.060722,1.25865,0.0607221,0.060722,1.25865,0.0607221,0.347454,1.00431,0.347454,0.060722,1.25865,-0.0607221,0.347454,1.00431,-0.347454,0.347454,1.00431,-0.347454,-0.347454,1.00431,-0.347454,-0.060722,1.25865,-0.0607221,0.060722,1.25865,-0.0607221,-0.347454,1.00431,-0.347454,-0.347454,1.00431,0.347454,-0.060722,1.25865,0.0607221,-0.060722,1.25865,-0.0607221,0.136693,1.39338,0.136694,-0.136693,1.39338,0.136694,-0.060722,1.25865,0.0607221,0.060722,1.25865,0.0607221,0.136693,1.39338,0.136694,0.060722,1.25865,0.0607221,0.136693,1.39338,-0.136694,0.060722,1.25865,-0.0607221,-0.060722,1.25865,-0.0607221,-0.136693,1.39338,-0.136694,0.060722,1.25865,-0.0607221,0.136693,1.39338,-0.136694,-0.136693,1.39338,0.136694,-0.060722,1.25865,-0.0607221,-0.060722,1.25865,0.0607221,-0.136693,1.39338,-0.136694,0.0916192,1.43721,0.0916198,-0.136693,1.39338,0.136694,0.136693,1.39338,0.136694,-0.0916192,1.43721,0.0916198,0.136693,1.39338,0.136694,0.136693,1.39338,-0.136694,0.0916192,1.43721,-0.0916198,0.0916192,1.43721,0.0916198,0.136693,1.39338,-0.136694,-0.136693,1.39338,-0.136694,-0.0916192,1.43721,-0.0916198,0.0916192,1.43721,-0.0916198,-0.136693,1.39338,-0.136694,-0.136693,1.39338,0.136694,-0.0916192,1.43721,0.0916198,-0.0916192,1.43721,-0.0916198,-0.0916192,1.43721,0.0916198,0.0916192,1.43721,0.0916198,-0.0916192,1.43721,-0.0916198,0.0916192,1.43721,-0.0916198]},"normal":{"type":"float32","components":3,"data":[0,0.324467,0.945897,0,0.324467,0.945897,0,0.324467,0.945897,0,0.324467,0.945897,0,0.324467,-0.945897,0,0.324467,-0.945897,0,0.324467,-0.945897,0,0.324467,-0.945897,0,-1,0,0,-1,0,0,-1,0,0,-1,0,0.945897,0.324467,0,0.945897,0.324467,0,0.945897,0.324467,0,0.945897,0.324467,0,-0.945897,0.324467,0,-0.945897,0.324467,0,-0.945897,0.324467,0,-0.945897,0.324467,0,0,-0.409178,-0.912454,0,-0.409178,-0.912454,0,-0.409178,-0.912455,0,-0.409178,-0.912455,0.912455,-0.409178,0,0.912455,-0.409178,0,0.912455,-0.409178,0,0.912455,-0.409178,0,0,-0.409178,0.912455,0,-0.409178,0.912454,0,-0.409178,0.912454,0,-0.409178,0.912455,-0.912455,-0.409178,0,-0.912455,-0.409178,0,-0.912455,-0.409178,0,-0.912455,-0.409178,0,0,0.748096,0.663591,0,0.748096,0.663591,0,0.748096,0.663591,0,0.748096,0.663591,0.663591,0.748096,0,0.663591,0.748096,0,0.663591,0.748096,0,0.663591,0.748096,0,0,0.748096,-0.663591,0,0.748096,-0.663591,0,0.748096,-0.663591,0,0.748096,-0.663591,-0.663591,0.748096,0,-0.663591,0.748096,0,-0.663591,0.748096,0,-0.663591,0.748096,0,0,-0.491184,0.871056,0,-0.491184,0.871056,0,-0.491184,0.871056,0,-0.491184,0.871056,0.871057,-0.491182,0,0.871057,-0.491182,0,0.871057,-0.491182,0,0.871057,-0.491182,0,0,-0.491184,-0.871056,0,-0.491184,-0.871056,0,-0.491184,-0.871056,0,-0.491184,-0.871056,-0.871057,-0.491182,0,-0.871057,-0.491182,0,-0.871057,-0.491182,0,-0.871057,-0.491182,0,0,0.716895,0.697181,0,0.716895,0.697181,0,0.716895,0.697181,0,0.716895,0.697181,0.697181,0.716895,0,0.697181,0.716895,0,0.697181,0.716895,0,0.697181,0.716895,0,0,0.716895,-0.697181,0,0.716895,-0.697181,0,0.716895,-0.697181,0,0.716895,-0.697181,-0.697181,0.716895,0,-0.697181,0.716895,0,-0.697181,0.716895,0,-0.697181,0.716895,0,0,1,0,0,1,0,0,1,0,0,1,0]},"texCoord0":{"type":"float32","components":2,"data":[0.340062,0.076575,0.334528,0.076575,0.335513,0.0737044,0.339077,0.0737044,0.32889,0.0737226,0.334423,0.0737226,0.333438,0.0765932,0.329874,0.0765932,0.157844,0.040999,0.157844,0.0577264,0.141117,0.0577264,0.141117,0.040999,0.269249,0.0578535,0.270706,0.069185,0.263978,0.0578535,0.262522,0.069185,0.272305,0.0578535,0.279032,0.069185,0.270848,0.069185,0.277576,0.0578535,0.27928,0.0715909,0.271417,0.0715909,0.27287,0.0683617,0.277827,0.0683617,0.215842,0.0544306,0.210171,0.0515741,0.217127,0.0515741,0.211457,0.0544306,0.28584,0.0788736,0.27943,0.0756444,0.287293,0.0756444,0.280883,0.0788736,0.222918,0.0544305,0.218533,0.0544305,0.217248,0.0515741,0.224204,0.0515741,0.40863,0.0568475,0.415571,0.0611727,0.403754,0.0611727,0.410695,0.0568475,0.344303,0.0512392,0.346983,0.053616,0.343168,0.0512392,0.340489,0.053616,0.385057,0.0707512,0.396874,0.0707512,0.391998,0.0750766,0.389933,0.0750766,0.35724,0.053616,0.350747,0.053616,0.353426,0.0512392,0.354561,0.0512392,0.346445,0.0521296,0.350579,0.0521296,0.349217,0.0536164,0.347807,0.0536164,0.282986,0.0622365,0.282004,0.0633084,0.280005,0.0622365,0.280987,0.0633084,0.336455,0.0660585,0.337817,0.0675453,0.335046,0.0660585,0.333684,0.0675453,0.289191,0.0622365,0.291189,0.0633084,0.290173,0.0633084,0.292171,0.0622365,0.394449,0.0555173,0.39234,0.055132,0.394744,0.055132,0.392635,0.0555173,0.344772,0.0531435,0.345252,0.0531435,0.345193,0.0532206,0.344831,0.0532206,0.402163,0.0461693,0.39976,0.0461693,0.400054,0.045784,0.401869,0.045784,0.34329,0.0531436,0.343771,0.0531436,0.343712,0.0532206,0.343349,0.0532206,0.262206,0.0243833,0.278245,0.0243833,0.262206,0.0404227,0.278245,0.0404227]}}],"meshes":[{"aabb":{"min":[-0.539455,0,-0.539455],"max":[0.539455,1.43721,0.539455]},"vertices":0,"indices":[0,1,2,0,2,3,4,5,6,4,6,7,8,9,10,8,10,11,12,13,14,13,15,14,16,17,18,17,16,19,20,21,22,20,22,23,24,25,26,25,24,27,28,29,30,29,28,31,32,33,34,34,35,32,36,37,38,37,36,39,40,41,42,41,43,42,44,45,46,44,46,47,48,49,50,48,50,51,52,53,54,52,54,55,56,57,58,58,57,59,60,61,62,62,61,63,64,65,66,64,67,65,68,69,70,69,68,71,72,73,74,72,74,75,76,77,78,76,78,79,80,81,82,80,82,83,84,85,86,85,87,86],"type":"triangles","base":0,"count":132}],"meshInstances":[{"node":1,"mesh":0}]}}