{"model":{"version":3,"nodes":[{"name":"RootNode","position":[0,0,0],"rotation":[0,0,0],"scale":[0.3048,0.3048,0.3048],"scaleCompensation":false},{"name":"BUS_tex_03","position":[5.72232,0.00679983,-0.0550162],"rotation":[0,-0,0],"scale":[0.744127,0.744127,0.744127],"scaleCompensation":false},{"name":"tire_8","position":[-13.4545,-0.979742,-7.18979],"rotation":[180,-0,0],"scale":[-1,-1,-1],"scaleCompensation":false}],"parents":[-1,0,1],"skins":[],"morphs":[],"vertices":[{"position":{"type":"float32","components":3,"data":[-5.94561,1.86084,7.65081,-5.58457,1.86084,7.65081,-5.58457,1.94121,7.28066,-5.94561,1.94121,7.28066,-5.48105,1.79399,7.62174,-5.58457,1.94121,7.28066,-5.58457,1.86084,7.65081,-5.48105,1.86832,7.27939,-6.03794,1.82439,7.63496,-6.03794,1.90147,7.27997,-6.03794,1.82439,7.63496,-6.04796,1.55714,7.27429,-6.04796,1.50867,7.49753,-6.03794,1.90147,7.27997,-5.48105,1.55714,7.27429,-5.48105,1.50867,7.49753,-5.94561,1.64494,7.96202,-5.58457,1.64494,7.96202,-5.48105,1.5943,7.90958,-5.58457,1.64494,7.96202,-6.03794,1.61734,7.93343,-6.04796,1.37846,7.68523,-6.03794,1.61734,7.93343,-5.48105,1.37846,7.68523,-5.94561,1.32639,8.16692,-5.58457,1.32639,8.16692,-5.58457,1.32639,8.16692,-5.48105,1.29967,8.0991,-6.03794,1.31182,8.12995,-6.04796,1.18633,7.80881,-6.03794,1.31182,8.12995,-5.48105,1.18633,7.80881,-5.94561,0.953662,8.23433,-5.58457,0.953662,8.23433,-5.58457,0.953662,8.23433,-5.48105,0.954934,8.16144,-6.03794,0.954356,8.19459,-6.04796,0.961537,7.84945,-6.03794,0.954356,8.19459,-5.48105,0.961537,7.84945,-5.94561,0.583518,8.15396,-5.58457,0.583518,8.15396,-5.48105,0.612587,8.0871,-5.58457,0.583518,8.15396,-6.03794,0.599366,8.11751,-6.04796,0.738298,7.80099,-6.03794,0.599366,8.11751,-5.48105,0.738298,7.80099,-5.94561,0.272304,7.93806,-5.58457,0.272304,7.93806,-5.48105,0.324745,7.88742,-5.58457,0.272304,7.93806,-6.03794,0.300893,7.91045,-6.04796,0.550601,7.67078,-6.03794,0.300893,7.91045,-5.48105,0.550601,7.67078,-5.94561,0.0673996,7.6195,-5.58457,0.0673996,7.6195,-5.58457,0.0673996,7.6195,-5.48105,0.135229,7.59278,-6.03794,0.104378,7.60494,-6.04796,0.427021,7.47865,-6.03794,0.104378,7.60494,-5.48105,0.427021,7.47865,-5.94561,0.0673996,7.6195,-5.94561,3.53903e-08,7.24678,-5.58457,0.0673996,7.6195,-5.58457,3.53903e-08,7.24678,-5.58457,3.53903e-08,7.24678,-5.48105,0.0728909,7.24805,-6.03794,0.104378,7.60494,-6.03794,0.0397381,7.24748,-6.04796,0.386371,7.25385,-6.03794,0.0397381,7.24748,-5.48105,0.386371,7.25385,-5.94561,0.0803661,6.87664,-5.58457,0.0803661,6.87664,-5.48105,0.147222,6.90571,-5.58457,0.0803661,6.87664,-6.03794,0.116814,6.89248,-6.04796,0.434841,7.03062,-6.03794,0.116814,6.89248,-5.48105,0.434841,7.03062,-5.94561,0.296263,6.56542,-5.58457,0.296263,6.56542,-5.48105,0.346905,6.61786,-5.58457,0.296263,6.56542,-6.03794,0.323871,6.59401,-6.03794,0.323871,6.59401,-6.04796,0.565051,6.84292,-5.48105,0.565051,6.84292,-5.94561,0.614822,6.36052,-5.58457,0.614822,6.36052,-5.58457,0.614822,6.36052,-5.48105,0.641541,6.42835,-6.03794,0.629388,6.3975,-6.03794,0.629388,6.3975,-6.04796,0.757178,6.71934,-5.48105,0.757178,6.71934,-5.94561,0.987545,6.29312,-5.58457,0.987545,6.29312,-5.58457,0.987545,6.29312,-5.48105,0.986273,6.36601,-6.03794,0.986852,6.33286,-6.03794,0.986852,6.33286,-6.04796,0.981972,6.67869,-5.48105,0.981972,6.67869,-5.94561,1.35769,6.37349,-5.58457,1.35769,6.37349,-5.48105,1.32862,6.44034,-5.58457,1.35769,6.37349,-6.03794,1.34184,6.40993,-6.04796,1.20521,6.72716,-6.03794,1.34184,6.40993,-5.48105,1.20521,6.72716,-5.94561,1.6689,6.58938,-5.58457,1.6689,6.58938,-5.48105,1.61646,6.64002,-5.58457,1.6689,6.58938,-6.03794,1.64031,6.61699,-6.03794,1.64031,6.61699,-6.04796,1.39291,6.85737,-5.48105,1.39291,6.85737,-5.94561,1.87381,6.90794,-5.58457,1.87381,6.90794,-5.48105,1.80598,6.93466,-5.58457,1.87381,6.90794,-6.03794,1.83683,6.92251,-6.03794,1.83683,6.92251,-6.04796,1.51649,7.04949,-5.48105,1.51649,7.04949,-5.58229,0.971754,7.26407,-6.04796,0.971755,7.26407]},"normal":{"type":"float32","components":3,"data":[-0.0825225,0.913932,0.397389,0.14216,0.907746,0.394699,0.14216,0.989693,0.0172749,-0.0825229,0.996437,0.017393,0.93571,0.323511,0.140667,0.14216,0.989693,0.0172749,0.14216,0.907746,0.394699,0.935721,0.352688,0.00615631,-0.938371,0.316962,0.13782,-0.938383,0.345546,0.00602819,-0.938371,0.316962,0.13782,-0.999815,0.0192579,0.000338229,-0.999814,0.0176656,0.00768023,-0.938383,0.345546,0.00602819,0.997997,-0.0632569,-0.00110413,0.997996,-0.0580235,-0.0252294,-0.0825237,0.692288,0.716887,0.14216,0.687602,0.712035,0.93575,0.244981,0.253687,0.14216,0.687602,0.712035,-0.938412,0.240013,0.24855,-0.999815,0.0133801,0.0138501,-0.938412,0.240013,0.24855,0.997998,-0.0439389,-0.0455004,-0.0825247,0.365252,0.927244,0.14216,0.362779,0.920968,0.14216,0.362779,0.920968,0.935834,0.12917,0.327919,-0.938496,0.12654,0.321267,-0.999815,0.00705925,0.017905,-0.938496,0.12654,0.321267,0.998,-0.0231673,-0.0588152,-0.0825244,-0.0173921,0.996437,0.14216,-0.017274,0.989693,0.14216,-0.017274,0.989693,0.935947,-0.00614522,0.352087,-0.938611,-0.00603213,0.344925,-0.999815,-0.000327982,0.0192281,-0.938611,-0.00603213,0.344925,0.998003,0.00110232,-0.0631509,-0.0825239,-0.397389,0.913932,0.142159,-0.394699,0.907746,0.936075,-0.140279,0.322622,0.142159,-0.394699,0.907746,-0.93874,-0.137429,0.316037,-0.999815,-0.00765397,0.0176231,-0.93874,-0.137429,0.316037,0.998007,0.0251612,-0.0578671,-0.0825237,-0.716885,0.69229,0.142159,-0.712033,0.687604,0.936197,-0.252831,0.244156,0.142159,-0.712033,0.687604,-0.938862,-0.247671,0.239159,-0.999816,-0.013805,0.0133402,-0.938862,-0.247671,0.239159,0.998011,0.0453506,-0.0437937,-0.082524,-0.927244,0.365252,0.14216,-0.920968,0.36278,0.14216,-0.920968,0.36278,0.936294,-0.326779,0.12872,-0.938961,-0.320089,0.126078,-0.999816,-0.0178476,0.00703531,-0.938961,-0.320089,0.126078,0.998014,0.0586156,-0.023089,-0.082524,-0.927244,0.365252,-0.0825231,-0.996437,-0.0173922,0.14216,-0.920968,0.36278,0.142159,-0.989693,-0.0172745,0.142159,-0.989693,-0.0172745,0.936352,-0.35101,-0.0061273,-0.938961,-0.320089,0.126078,-0.939019,-0.343814,-0.00600454,-0.999816,-0.0191732,-0.000332625,-0.939019,-0.343814,-0.00600454,0.998015,0.0629618,0.00109894,-0.0825232,-0.913933,-0.397388,0.142159,-0.907747,-0.394698,0.936362,-0.321921,-0.139975,0.142159,-0.907747,-0.394698,-0.939029,-0.31532,-0.137103,-0.999816,-0.0175839,-0.00764672,-0.939029,-0.31532,-0.137103,0.998016,0.0577441,0.0251078,-0.0825244,-0.69229,-0.716885,0.142161,-0.687604,-0.712033,0.936323,-0.243922,-0.252587,0.142161,-0.687604,-0.712033,-0.93899,-0.238928,-0.247408,-0.93899,-0.238928,-0.247408,-0.999816,-0.0133208,-0.0137995,0.998015,0.0437521,0.0453073,-0.0825247,-0.365251,-0.927244,0.14216,-0.362779,-0.920968,0.14216,-0.362779,-0.920968,0.936241,-0.128774,-0.32691,-0.938907,-0.126147,-0.320219,-0.938907,-0.126147,-0.320219,-0.999816,-0.00702763,-0.017858,0.998012,0.0230977,0.0586378,-0.0825247,0.0173933,-0.996437,0.14216,0.0172756,-0.989693,0.14216,0.0172756,-0.989693,0.936128,0.00613779,-0.351607,-0.938792,0.00600141,-0.344431,-0.938792,0.00600141,-0.344431,-0.999816,0.000342033,-0.0192036,0.998009,-0.00110107,0.0630669,-0.0825247,0.397388,-0.913933,0.142161,0.394698,-0.907746,0.936,0.140359,-0.322806,0.142161,0.394698,-0.907746,-0.938664,0.137491,-0.316237,-0.999815,0.00767216,-0.0176265,-0.938664,0.137491,-0.316237,0.998005,-0.0251764,0.0578996,-0.0825235,0.716887,-0.692289,0.142161,0.712034,-0.687603,0.935877,0.253442,-0.244746,0.142161,0.712034,-0.687603,-0.93854,0.248288,-0.239782,-0.93854,0.248288,-0.239782,-0.999815,0.0138455,-0.0133607,0.998001,-0.0454572,0.0438978,-0.0825228,0.927244,-0.365251,0.14216,0.920968,-0.362779,0.935779,0.328052,-0.129224,0.14216,0.920968,-0.362779,-0.938442,0.321399,-0.12661,-0.938442,0.321399,-0.12661,-0.999815,0.0179148,-0.00705209,0.997998,-0.0588381,0.0231771,1,1.23872e-07,1.46811e-07,-1,2.62695e-07,-3.4053e-13]},"texCoord0":{"type":"float32","components":2,