{"model":{"version":3,"nodes":[{"name":"RootNode","position":[0,0,0],"rotation":[0,0,0],"scale":[0.01,0.01,0.01],"scaleCompensation":false},{"name":"Bus_03_W04","position":[-46.3926,17.8792,-95.7545],"rotation":[-90,-0,0],"scale":[1,1,1],"scaleCompensation":false}],"parents":[-1,0],"skins":[],"morphs":[],"vertices":[{"position":{"type":"float32","components":3,"data":[-6.74278,5.52558,-17.006,6.74278,5.52558,-17.006,6.74278,-2.28882e-05,-17.8812,6.74278,-2.28882e-05,-17.8812,-6.74278,-2.28882e-05,-17.8812,-6.74278,5.52558,-17.006,-6.74278,10.5103,-14.4662,6.74278,10.5103,-14.4662,6.74278,5.52558,-17.006,6.74278,5.52558,-17.006,-6.74278,5.52558,-17.006,-6.74278,10.5103,-14.4662,-6.74278,14.4662,-10.5103,6.74278,14.4662,-10.5103,6.74278,10.5103,-14.4662,-6.74278,10.5103,-14.4662,-6.74278,17.006,-5.5256,6.74278,17.006,-5.5256,6.74278,14.4662,-10.5103,6.74278,14.4662,-10.5103,-6.74278,14.4662,-10.5103,-6.74278,17.006,-5.5256,-6.74278,17.8812,-7.62939e-06,6.74278,17.8812,-7.62939e-06,6.74278,17.006,-5.5256,6.74278,17.006,-5.5256,-6.74278,17.006,-5.5256,-6.74278,17.8812,-7.62939e-06,-6.74278,17.006,5.52559,6.74278,17.006,5.52559,6.74278,17.8812,-7.62939e-06,6.74278,17.8812,-7.62939e-06,-6.74278,17.8812,-7.62939e-06,-6.74278,17.006,5.52559,-6.74278,14.4662,10.5103,6.74278,14.4662,10.5103,6.74278,17.006,5.52559,6.74278,17.006,5.52559,-6.74278,17.006,5.52559,-6.74278,14.4662,10.5103,-6.74278,10.5103,14.4662,6.74278,10.5103,14.4662,6.74278,14.4662,10.5103,6.74278,14.4662,10.5103,-6.74278,14.4662,10.5103,-6.74278,10.5103,14.4662,-6.74278,5.52558,17.006,6.74278,5.52558,17.006,6.74278,10.5103,14.4662,-6.74278,10.5103,14.4662,-6.74278,-2.28882e-05,17.8812,6.74278,-2.28882e-05,17.8812,6.74278,5.52558,17.006,-6.74278,5.52558,17.006,-6.74278,-5.52563,17.006,6.74278,-5.52563,17.006,6.74278,-2.28882e-05,17.8812,6.74278,-2.28882e-05,17.8812,-6.74278,-2.28882e-05,17.8812,-6.74278,-5.52563,17.006,-6.74278,-10.5103,14.4662,6.74278,-10.5103,14.4662,6.74278,-5.52563,17.006,6.74278,-5.52563,17.006,-6.74278,-5.52563,17.006,-6.74278,-10.5103,14.4662,-6.74278,-14.4662,10.5103,6.74278,-14.4662,10.5103,6.74278,-10.5103,14.4662,6.74278,-10.5103,14.4662,-6.74278,-10.5103,14.4662,-6.74278,-14.4662,10.5103,-6.74278,-17.006,5.52558,6.74278,-17.006,5.52558,6.74278,-14.4662,10.5103,6.74278,-14.4662,10.5103,-6.74278,-14.4662,10.5103,-6.74278,-17.006,5.52558,-6.74278,-17.8812,-2.47955e-05,6.74278,-17.8812,-2.47955e-05,6.74278,-17.006,5.52558,6.74278,-17.006,5.52558,-6.74278,-17.006,5.52558,-6.74278,-17.8812,-2.47955e-05,-6.74278,-17.006,-5.52562,6.74278,-17.006,-5.52562,6.74278,-17.8812,-2.47955e-05,6.74278,-17.8812,-2.47955e-05,-6.74278,-17.8812,-2.47955e-05,-6.74278,-17.006,-5.52562,-6.74278,-14.4662,-10.5103,6.74278,-14.4662,-10.5103,6.74278,-17.006,-5.52562,6.74278,-17.006,-5.52562,-6.74278,-17.006,-5.52562,-6.74278,-14.4662,-10.5103,-6.74278,-10.5103,-14.4662,6.74278,-10.5103,-14.4662,6.74278,-14.4662,-10.5103,6.74278,-14.4662,-10.5103,-6.74278,-14.4662,-10.5103,-6.74278,-10.5103,-14.4662,-6.74278,-5.5256,-17.0061,6.74278,-5.5256,-17.0061,6.74278,-10.5103,-14.4662,6.74278,-10.5103,-14.4662,-6.74278,-10.5103,-14.4662,-6.74278,-5.5256,-17.0061,-6.74278,-2.28882e-05,-17.8812,6.74278,-2.28882e-05,-17.8812,6.74278,-5.5256,-17.0061,6.74278,-5.5256,-17.0061,-6.74278,-5.5256,-17.0061,-6.74278,-2.28882e-05,-17.8812,-6.74278,5.33425,-10.4691,-6.74278,5.52558,-17.006,-6.74278,-2.28882e-05,-17.8812,-6.74278,-1.83808,-11.6051,-6.74278,10.5103,-14.4662,-6.74278,5.52558,-17.006,-6.74278,10.4691,-5.33429,-6.74278,14.4662,-10.5103,-6.74278,10.5103,-14.4662,-6.74278,17.006,-5.5256,-6.74278,10.4691,-5.33429,-6.74278,11.6051,1.83807,-6.74278,17.8812,-7.62939e-06,-6.74278,17.006,-5.5256,-6.74278,11.6051,1.83807,-6.74278,17.006,5.52559,-6.74278,8.30833,8.30833,-6.74278,14.4662,10.5103,-6.74278,10.5103,14.4662,-6.74278,1.83805,11.6051,-6.74278,5.52558,17.006,-6.74278,10.5103,14.4662,-6.74278,-2.28882e-05,17.8812,-6.74278,-5.33428,10.4691,-6.74278,-5.52563,17.006,-6.74278,-10.5103,14.4662,-6.74278,-5.33428,10.4691,-6.74278,-10.4691,5.33426,-6.74278,-14.4662,10.5103,-6.74278,-10.5103,14.4662,-6.74278,-17.006,5.52558,-6.74278,-11.6051,-1.83808,-6.74278,-17.8812,-2.47955e-05,-6.74278,-17.006,-5.52562,-6.74278,-8.30833,-8.30835,-6.74278,-14.4662,-10.5103,-6.74278,-17.006,-5.52562,-6.74278,-10.5103,-14.4662,-6.74278,-5.5256,-17.0061,-2.32076,2.85023,-5.59395,-6.74278,5.33425,-10.4691,-6.74278,-1.83808,-11.6051,-6.74278,-1.83808,-11.6051,-2.32076,-0.982147,-6.20094,-2.32076,2.85023,-5.59395,-2.32076,5.59394,-2.85027,-6.74278,10.4691,-5.33429,-6.74278,5.33425,-10.4691,-6.74278,5.33425,-10.4691,-2.32076,2.85023,-5.59395,-2.32076,5.59394,-2.85027,-2.32076,6.20092,0.982119,-6.74278,11.6051,1.83807,-6.74278,10.4691,-5.33429,-6.74278,10.4691,-5.33429,-2.32076,5.59394,-2.85027,-2.32076,6.20092,0.982119,-2.32076,4.43935,4.43937,-6.74278,8.30833,8.30833,-6.74278,11.6051,1.83807,-6.74278,11.6051,1.83807,-2.32076,6.20092,0.982119,-2.32076,4.43935,4.43937,-2.32076,0.982124,6.20093,-6.74278,1.83805,11.6051,-6.74278,8.30833,8.30833,-6.74278,8.30833,8.30833,-2.32076,4.43935,4.43937,-2.32076,0.982124,6.20093,-2.32076,-2.85027,5.59394,-6.74278,-5.33428,10.4691,-6.74278,1.83805,11.6051,-6.74278,1.83805,11.6051,-2.32076,0.982124,6.20093,-2.32076,-2.85027,5.59394,-2.32076,-5.59394,2.85024,-6.74278,-10.4691,5.33426,-6.74278,-5.33428,10.4691,-6.74278,-5.33428,10.4691,-2.32076,-2.85027,5.59394,-2.32076,-5.59394,2.85024,-2.32076,-6.20092,-0.982147,-6.74278,-11.6051,-1.83808,-6.74278,-10.4691,5.33426,-6.74278,-10.4691,5.33426,-2.32076,-5.59394,2.85024,-2.32076,-6.20092,-0.982147,-2.32076,-4.43938,-4.43939,-6.74278,-8.30833,-8.30835,-6.74278,-11.6051,-1.83808,-6.74278,-11.6051,-1.83808,-2.32076,-6.20092,-0.982147,-2.32076,-4.43938,-4.43939,-2.32076,-0.982147,-6.20094,-6.74278,-1.83808,-11.6051,-6.74278,-8.30833,-8.30835,-6.74278,-8.30833,-8.30835,-2.32076,-4.43938,-4.43939,-2.32076,-0.982147,-6.20094,-2.32076,2.85023,-5.59395,-2.32076,-0.982147,-6.20094,-2.32076,-2.28882e-05,-1.14441e-05,-2.32076,5.59394,-2.85027,-2.32076,6.20092,0.982119,-2.32076,4.43935,4.43937,-2.32076,0.982124,6.20093,-2.32076,-2.85027,5.59394,-2.32076,-5.59394,2.85024,-2.32076,-6.20092,-0.982147,-2.32076,-5.59394,2.85024,-2.32076,-4.43938,-4.43939,-2.32076,-0.982147,-6.20094,6.74278,-2.28882e-05,-17.8812,6.74278,5.52558,-17.006,6.74278,-2.28882e-05,-1.14441e-05,6.74278,10.5103,-14.4662,6.74278,14.4662,-10.5103,6.74278,17.006,-5.5256,6.74278,17.8812,-7.62939e-06,6.74278,-2.28882e-05,-1.14441e-05,6.74278,17.006,5.52559,6.74278,14.4662,10.5103,6.74278,10.5103,14.4662,6.74278,5.52558,17.006,6.74278,-2.28882e-05,17.8812,6.74278,-5.52563,17.006,6.74278,-10.5103,14.4662,6.74278,-14.4662,10.5103,6.74278,-17.006,5.52558,6.74278,-17.8812,-2.47955e-05,6.74278,-17.006,-5.52562,6.74278,-14.4662,-10.5103,6.74278,-10.5103,-14.4662,6.74278,-5.5256,-17.0061]},"normal":{"type":"float32","components":3,