{"model":{"version":3,"nodes":[{"name":"RootNode","position":[0,0,0],"rotation":[0,0,0],"scale":[0.01,0.01,0.01],"scaleCompensation":false},{"name":"RoadWork","position":[0,0,0],"rotation":[0,0,0],"scale":[1,1,1],"scaleCompensation":false},{"name":"Prop_Stop_Sign","position":[0,0,0],"rotation":[0,0,0],"scale":[1,1,1],"scaleCompensation":false}],"parents":[-1,0,1],"skins":[],"morphs":[],"vertices":[{"position":{"type":"float32","components":3,"data":[0.299967,-4.09782e-08,-0.292648,-0.285328,-4.09782e-08,-0.292648,-0.285328,0.132379,-0.292648,0.299967,0.132379,-0.292648,0.299967,0.132379,0.292648,-0.285328,0.132379,0.292648,-0.285328,-4.09782e-08,0.292648,0.299967,-4.09782e-08,0.292648,-0.285328,-4.09782e-08,-0.292648,0.299967,-4.09782e-08,0.292648,-0.285328,-4.09782e-08,0.292648,0.299967,-4.09782e-08,-0.292648,-0.285328,0.132379,0.292648,-0.285328,-4.09782e-08,-0.292648,-0.285328,-4.09782e-08,0.292648,-0.285328,0.132379,-0.292648,0.299967,0.132379,-0.292648,0.299967,0.132379,0.292648,0.299967,-4.09782e-08,0.292648,0.299967,-4.09782e-08,-0.292648,0.299967,0.132379,-0.292648,-0.285328,0.132379,-0.292648,-0.0894403,0.132379,-0.0967598,0.10408,0.132379,-0.0967598,-0.285328,0.132379,0.292648,-0.0894403,0.132379,0.0967598,0.299967,0.132379,0.292648,0.10408,0.132379,0.0967598,-0.0894403,0.132379,-0.0967598,-0.0892677,2.82396,-0.0965881,0.10408,0.132379,-0.0967598,0.103908,2.82396,-0.0965881,-0.0892677,2.82396,0.0965881,-0.0894403,0.132379,-0.0967598,-0.0894403,0.132379,0.0967598,-0.0892677,2.82396,-0.0965881,-0.0892677,2.82396,0.0965881,-0.0894403,0.132379,0.0967598,0.103908,2.82396,0.0965881,0.10408,0.132379,0.0967598,0.10408,0.132379,-0.0967598,0.103908,2.82396,-0.0965881,0.10408,0.132379,0.0967598,0.103908,2.82396,0.0965881,0.103908,2.82396,0.0965881,-0.0892677,2.82396,-0.0965881,-0.0892677,2.82396,0.0965881,0.103908,2.82396,-0.0965881,0.293223,3.05017,0.174973,0.604928,2.75471,0.174973,0.604928,2.75471,0.0883904,0.293223,3.05017,0.0883904,-0.308909,3.04474,0.174973,0.293223,3.05017,0.174973,0.293223,3.05017,0.0883904,-0.308909,3.04474,0.0883904,-0.610358,2.73872,0.174973,-0.308909,3.04474,0.174973,-0.308909,3.04474,0.0883904,-0.610358,2.73872,0.0883904,-0.604926,2.12491,0.174973,-0.610358,2.73872,0.174973,-0.610358,2.73872,0.0883904,-0.604926,2.12491,0.0883904,-0.293225,1.82945,0.174973,-0.604926,2.12491,0.174973,-0.604926,2.12491,0.0883904,-0.293225,1.82945,0.0883904,0.308909,1.83488,0.174973,-0.293225,1.82945,0.174973,-0.293225,1.82945,0.0883904,0.308909,1.83488,0.0883904,0.610358,2.1409,0.174973,0.308909,1.83488,0.174973,0.308909,1.83488,0.0883904,0.610358,2.1409,0.0883904,0.604928,2.75471,0.174973,0.610358,2.1409,0.174973,0.610358,2.1409,0.0883904,0.604928,2.75471,0.0883904,0.293223,3.05017,0.0883904,0.604928,2.75471,0.0883904,-9.53674e-07,2.43981,0.0883904,-0.308909,3.04474,0.0883904,-0.610358,2.73872,0.0883904,-0.604926,2.12491,0.0883904,-0.293225,1.82945,0.0883904,0.308909,1.83488,0.0883904,0.610358,2.1409,0.0883904,-0.293225,1.82945,0.174973,0.610358,2.1409,0.174973,0.293223,3.05017,0.174973,-0.610358,2.73872,0.174973,-0.604926,2.12491,0.174973,0.308909,1.83488,0.174973,0.604928,2.75471,0.174973,-0.308909,3.04474,0.174973]},"normal":{"type":"float32","components":3,"data":[0,0,-1,0,0,-1,0,0,-1,0,0,-1,0,0,1,0,0,1,0,0,1,0,0,1,0,-1,0,0,-1,0,0,-1,0,0,-1,0,-1,0,0,-1,0,0,-1,0,0,-1,0,0,1,0,0,1,0,0,1,0,0,1,0,0,0,1,1.22093e-08,0,1,1.22092e-08,0,1,1.22092e-08,0,1,1.22092e-08,0,1,-1.22092e-08,0,1,-1.22092e-08,0,1,-1.22093e-08,0,1,-1.22092e-08,0,6.37772e-05,-1,0,6.37772e-05,-1,0,6.37772e-05,-1,0,6.37772e-05,-1,-1,6.41286e-05,0,-1,6.41286e-05,0,-1,6.41286e-05,0,-1,6.41286e-05,0,0,6.37772e-05,1,0,6.37772e-05,1,0,6.37772e-05,1,0,6.37772e-05,1,1,6.4135e-05,0,1,6.4135e-05,0,1,6.4135e-05,0,1,6.4135e-05,0,0,1,0,0,1,0,0,1,0,0,1,0,0.687942,0.725766,0,0.687942,0.725766,0,0.687942,0.725766,0,0.687942,0.725766,0,-0.00901478,0.999959,0,-0.00901478,0.999959,0,-0.00901478,0.999959,0,-0.00901478,0.999959,0,-0.712406,0.701767,0,-0.712406,0.701767,0,-0.712406,0.701767,0,-0.712406,0.701767,0,-0.999961,-0.00884951,0,-0.999961,-0.00884951,0,-0.999961,-0.00884951,0,-0.999961,-0.00884951,0,-0.687946,-0.725762,0,-0.687946,-0.725762,0,-0.687946,-0.725762,0,-0.687946,-0.725762,0,0.00901792,-0.999959,0,0.00901792,-0.999959,0,0.00901792,-0.999959,0,0.00901792,-0.999959,0,0.712409,-0.701765,0,0.712409,-0.701765,0,0.712409,-0.701765,0,0.712409,-0.701765,0,0.999961,0.00884648,0,0.999961,0.00884648,0,0.999961,0.00884648,0,0.999961,0.00884648,0,-1.24096e-08,0,-1,-1.22528e-08,0,-1,-4.43926e-09,0,-1,6.19698e-09,0,-1,6.13173e-09,0,-1,0,0,-1,-1.09709e-08,0,-1,-1.09827e-08,0,-1,0,0,-1,0,0,1,0,0,1,0,0,1,0,0,1,0,0,1,0,0,1,0,0,1,0,0,1]},"texCoord0":{"type":"float32","components":2,"data":[0.540664,0.488294,0.540664,0.488294,0.540651,0.489662,0.540651,0.489662,0.540651,0.489662,0.540651,0.489662,0.540664,0.488294,0.540664,0.488294,0.540664,0.488294,0.540664,0.488294,0.540664,0.488294,0.540664,0.488294,0.540651,0.489662,0.540664,0.488294,0.540664,0.488294,0.540651,0.489662,0.540651,0.489662,0.540651,0.489662,0.540664,0.488294,0.540664,0.488294,0.540539,0.511496,0.540539,0.511496,0.540337,0.508518,0.540337,0.508518,0.540539,0.511496,0.540337,0.508518,0.540539,0.511496,0.540337,0.508518,0.540337,0.508518,0.540106,0.511093,0.540337,0.508518,0.540106,0.511093,0.540236,0.50703,0.540337,0.508518,0.540337,0.508518,0.540106,0.511093,0.540236,0.50703,0.540337,0.508518,0.540106,0.511093,0.540337,0.508518,0.540337,0.508518,0.540106,0.511093,0.540337,0.508518,0.540106,0.511093,0.540106,0.511093,0.540106,0.511093,0.539844,0.519219,0.540106,0.511093,0.0266657,0.976947,0.0266657,0.976947,0.0266657,0.976947,0.0266657,0.976947,0.0266657,0.976947,0.0266657,0.976947,0.0266657,0.976947,0.0266657,0.976947,0.0266657,0.976947,0.0266657,0.976947,0.0266657,0.976947,0.0266657,0.976947,0.0266657,0.976947,0.0266657,0.976947,0.0266657,0.976947,0.0266657,0.976947,0.0266657,0.976947,0.0266657,0.976947,0.0266657,0.976947,0.0266657,0.976947,0.0266657,0.976947,0.0266657,0.976947,0.0266657,0.976947,0.0266657,0.976947,0.0266657,0.976947,0.0266657,0.976947,0.0266657,0.976947,0.0266657,0.976947,0.0266657,0.976947,0.0266657,0.976947,0.0266657,0.976947,0.0266657,0.976947,0.5415,0.479828,0.5415,0.479828,0.5415,0.479828,0.5415,0.479828,0.5415,0.479828,0.5415,0.479828,0.5415,0.479828,0.5415,0.479828,0.5415,0.479828,0.142568,0.523774,0.474968,0.636391,0.360134,0.971211,0.0275476,0.858138,0.0284869,0.632666,0.363792,0.524751,0.474055,0.861927,0.138935,0.970297]}}],"meshes":[{"aabb":{"min":[-0.610358,-4.09782e-08,-0.292648],"max":[0.610358,3.05017,0.292648]},"vertices":0,"indices":[0,1,2,0,2,3,4,5,6,4,6,7,8,9,10,9,8,11,12,13,14,13,12,15,16,17,18,18,19,16,20,21,22,20,22,23,21,24,25,21,25,22,26,25,24,25,26,27,27,26,23,26,20,23,28,29,30,30,29,31,32,33,34,33,32,35,36,37,38,38,37,39,40,41,42,43,42,41,44,45,46,45,44,47,48,49,50,48,50,51,52,53,54,52,54,55,56,57,58,56,58,59,60,61,62,60,62,63,64,65,66,64,66,67,68,69,70,68,70,71,72,73,74,72,74,75,76,77,78,76,78,79,80,81,82,83,80,82,84,83,82,85,84,82,86,85,82,87,86,82,88,87,82,81,88,82,89,90,91,89,92,93,90,89,94,91,90,95,91,92,89,92,91,96],"type":"triangles","base":0,"count":174}],"meshInstances":[{"node":2,"mesh":0}]}}