{"model":{"version":3,"nodes":[{"name":"RootNode","position":[0,0,0],"rotation":[0,0,0],"scale":[0.01,0.01,0.01],"scaleCompensation":false},{"name":"Bus_02_W01","position":[48.8602,17.7401,107.733],"rotation":[-90,-0,0],"scale":[1,1,1],"scaleCompensation":false}],"parents":[-1,0],"skins":[],"morphs":[],"vertices":[{"position":{"type":"float32","components":3,"data":[-6.72872,5.51407,-16.9706,6.72872,5.51407,-16.9706,-6.72872,-7.62939e-06,-17.8439,6.72872,-7.62939e-06,-17.8439,-6.72872,10.4884,-14.436,6.72872,10.4884,-14.436,6.72872,14.436,-10.4884,-6.72872,14.436,-10.4884,6.72872,16.9706,-5.51408,-6.72872,16.9706,-5.51408,6.72872,17.8439,-1.90735e-06,-6.72872,17.8439,-1.90735e-06,6.72872,16.9706,5.51407,-6.72872,16.9706,5.51407,6.72872,14.436,10.4884,-6.72872,14.436,10.4884,6.72872,10.4884,14.436,-6.72872,10.4884,14.436,-6.72872,5.51407,16.9706,6.72872,5.51407,16.9706,-6.72872,-7.62939e-06,17.8439,6.72872,-7.62939e-06,17.8439,-6.72872,-5.51408,16.9706,6.72872,-5.51408,16.9706,-6.72872,-10.4884,14.436,6.72872,-10.4884,14.436,-6.72872,-14.4361,10.4884,6.72872,-14.4361,10.4884,-6.72872,-16.9706,5.51407,6.72872,-16.9706,5.51407,-6.72872,-17.8439,-2.67029e-05,6.72872,-17.8439,-2.67029e-05,-6.72872,-16.9706,-5.5141,6.72872,-16.9706,-5.5141,-6.72872,-14.4361,-10.4884,6.72872,-14.4361,-10.4884,-6.72872,-10.4883,-14.4361,6.72872,-10.4883,-14.4361,-6.72872,-5.51407,-16.9706,6.72872,-5.51407,-16.9706,-6.72872,-5.51407,-16.9706,6.72872,-5.51407,-16.9706,6.72872,-1.83423,-11.5809,6.72872,5.51407,-16.9706,6.72872,5.32315,-10.4473,6.72872,-7.62939e-06,-17.8439,6.72872,10.4884,-14.436,6.72872,14.436,-10.4884,6.72872,10.4473,-5.32317,6.72872,16.9706,-5.51408,6.72872,17.8439,-1.90735e-06,6.72872,11.5809,1.83424,6.72872,16.9706,5.51407,6.72872,8.29101,8.291,6.72872,14.436,10.4884,6.72872,10.4884,14.436,6.72872,5.51407,16.9706,6.72872,1.83423,11.5809,6.72872,-7.62939e-06,17.8439,6.72872,-5.51408,16.9706,6.72872,-5.32317,10.4473,6.72872,-10.4884,14.436,6.72872,-10.4473,5.32315,6.72872,-14.4361,10.4884,6.72872,-16.9706,5.51407,6.72872,-17.8439,-2.67029e-05,6.72872,-11.5809,-1.83425,6.72872,-16.9706,-5.5141,6.72872,-14.4361,-10.4884,6.72872,-8.29102,-8.29103,6.72872,-10.4883,-14.4361,6.72872,-5.51407,-16.9706,2.31592,-0.980087,-6.18802,2.31592,2.84431,-5.58228,2.31592,5.58228,-2.84432,2.31592,6.188,0.980078,2.31592,4.43012,4.43012,2.31592,0.98008,6.188,2.31592,-2.84433,5.58227,2.31592,-5.58229,2.8443,2.31592,-6.188,-0.980093,2.31592,-4.43013,-4.43013,2.31592,-7.62939e-06,-9.53674e-06,-6.72872,5.51407,-16.9706,-6.72872,-7.62939e-06,-17.8439,-6.72872,-7.62939e-06,-9.53674e-06,-6.72872,10.4884,-14.436,-6.72872,14.436,-10.4884,-6.72872,16.9706,-5.51408,-6.72872,17.8439,-1.90735e-06,-6.72872,16.9706,5.51407,-6.72872,14.436,10.4884,-6.72872,10.4884,14.436,-6.72872,5.51407,16.9706,-6.72872,-7.62939e-06,17.8439,-6.72872,-5.51408,16.9706,-6.72872,-10.4884,14.436,-6.72872,-14.4361,10.4884,-6.72872,-16.9706,5.51407,-6.72872,-17.8439,-2.67029e-05,-6.72872,-16.9706,-5.5141,-6.72872,-14.4361,-10.4884,-6.72872,-10.4883,-14.4361,-6.72872,-5.51407,-16.9706]},"normal":{"type":"float32","components":3,"data":[0,0.309017,-0.951057,0,0.309017,-0.951057,0,4.61022e-07,-1,0,4.61022e-07,-1,0,0.587785,-0.809017,0,0.587785,-0.809017,0,0.809017,-0.587786,0,0.809017,-0.587786,0,0.951056,-0.309018,0,0.951056,-0.309018,0,1,2.08901e-06,0,1,2.08901e-06,0,0.951056,0.309018,0,0.951056,0.309018,0,0.809018,0.587784,0,0.809018,0.587784,0,0.587786,0.809017,0,0.587786,0.809017,0,0.309017,0.951056,0,0.309017,0.951056,0,-6.72324e-07,1,0,-6.72324e-07,1,0,-0.309019,0.951056,0,-0.309019,0.951056,0,-0.587784,0.809018,0,-0.587784,0.809018,0,-0.809016,0.587786,0,-0.809016,0.587786,0,-0.951057,0.309015,0,-0.951057,0.309015,0,-1,-2.4972e-07,0,-1,-2.4972e-07,0,-0.951057,-0.309017,0,-0.951057,-0.309017,0,-0.809014,-0.587789,0,-0.809014,-0.587789,0,-0.587783,-0.809019,0,-0.587783,-0.809019,0,-0.309018,-0.951056,0,-0.309018,-0.951056,0,-0.309018,-0.951056,0,-0.309018,-0.951056,0.962379,0.0425044,0.268364,1,0,0,0.962379,-0.123354,0.242095,1,0,0,1,0,0,1,0,0,0.96238,-0.242094,0.123353,1,0,0,1,0,0,0.962379,-0.268364,-0.042505,1,0,0,0.962379,-0.192128,-0.192128,1,0,0,1,0,0,1,0,0,0.962379,-0.0425047,-0.268364,1,0,0,1,0,0,0.962379,0.123354,-0.242095,1,0,0,0.962379,0.242095,-0.123353,1,0,0,1,0,0,1,0,0,0.962379,0.268365,0.0425051,1,0,0,1,0,0,0.962379,0.192127,0.192127,1,0,0,1,0,0,0.920899,0.060978,0.385002,0.920899,-0.176966,0.347315,0.920899,-0.347315,0.176966,0.9209,-0.385001,-0.0609786,0.920899,-0.275631,-0.275631,0.920899,-0.0609782,-0.385002,0.920899,0.176966,-0.347315,0.920899,0.347316,-0.176965,0.920899,0.385002,0.0609785,0.920899,0.275631,0.275631,1,0,0,-1,0,0,-1,0,0,-1,0,0,-1,0,0,-1,0,0,-1,0,0,-1,0,0,-1,0,0,-1,0,0,-1,0,0,-1,0,0,-1,0,0,-1,0,0,-1,0,0,-1,0,0,-1,0,0,-1,0,0,-1,0,0,-1,0,0,-1,0,0,-1,0,0]},"texCoord0":{"type":"float32","components":2,"data":[0.288438,0.240484,0.319487,0.240484,0.288436,0.253357,0.319485,0.253357,0.288441,0.227609,0.31949,0.227616,0.3195,0.214751,0.288451,0.214732,0.319513,0.201883,0.288464,0.20186,0.319526,0.189014,0.288477,0.188992,0.319536,0.176144,0.288487,0.176126,0.319543,0.163273,0.288494,0.163262,0.319545,0.150401,0.288496,0.150398,0.288494,0.137531,0.319543,0.137531,0.28849,0.124662,0.319539,0.124662,0.288486,0.111792,0.319535,0.111792,0.288481,0.0989214,0.31953,0.0989214,0.288474,0.0860547,0.319523,0.0860461,0.288461,0.0731893,0.31951,0.0731686,0.288445,0.0603185,0.319494,0.0602952,0.288432,0.0474432,0.319481,0.0474252,0.288423,0.0345643,0.319472,0.0345575,0.288421,0.0216869,0.31947,0.0216869,0.288421,0.00881256,0.31947,0.00881256,0.288436,0.266232,0.319485,0.266232,0.782163,0.372987,0.80301,0.358692,0.802879,0.376269,0.78747,0.35623,0.817023,0.365831,0.828148,0.376957,0.817711,0.3911,0.835288,0.390969,0.837749,0.40651,0.820992,0.411817,0.835289,0.422043,0.81147,0.430505,0.828146,0.436062,0.817026,0.447181,0.803008,0.454324,0.792782,0.440027,0.787475,0.456784,0.771934,0.454323,0.772065,0.436746,0.757923,0.447184,0.757235,0.421915,0.746797,0.436058,0.739658,0.422046,0.737197,0.406505,0.753954,0.401197,0.739657,0.390972,0.746799,0.376953,0.763475,0.382509,0.757919,0.365833,0.771937,0.35869,0.784999,0.390899,0.794646,0.392427,0.801552,0.399333,0.80308,0.40898,0.798646,0.417681,0.789944,0.422115,0.780298,0.420587,0.773392,0.413681,0.771865,0.404035,0.776298,0.395333,0.787472,0.406507,0.798876,0.477061,0.784004,0.474723,0.78406,0.522842,0.812298,0.48388,0.822955,0.494512,0.829806,0.507918,0.832178,0.522785,0.82984,0.537659,0.823021,0.551081,0.812388,0.561739,0.798983,0.568589,0.784116,0.570962,0.769244,0.568624,0.755822,0.561805,0.745165,0.551172,0.738314,0.537767,0.735942,0.522899,0.738279,0.508026,0.745098,0.494604,0.755731,0.483946,0.769137,0.477096]}}],"meshes":[{"aabb":{"min":[-6.72872,-17.8439,-17.8439],"max":[6.72872,17.8439,17.8439]},"vertices":0,"indices":[0,1,2,3,2,1,4,5,0,1,0,5,6,4,7,4,6,5,8,7,9,7,8,6,10,9,11,9,10,8,12,11,13,11,12,10,14,13,15,13,14,12,16,15,17,15,16,14,18,19,17,16,17,19,20,21,18,19,18,21,22,23,20,21,20,23,24,25,22,23,22,25,26,27,24,25,24,27,28,29,26,27,26,29,30,31,28,29,28,31,32,33,30,31,30,33,34,35,32,33,32,35,36,37,34,35,34,37,38,39,36,37,36,39,2,3,40,41,40,3,42,43,44,43,42,45,43,46,44,46,47,48,46,48,44,47,49,48,50,48,49,48,50,51,50,52,51,53,51,52,53,52,54,54,55,53,53,56,57,56,53,55,56,58,57,59,57,58,57,59,60,59,61,60,61,62,60,62,61,63,63,64,62,62,65,66,65,62,64,65,67,66,68,69,67,67,69,66,68,70,69,42,70,71,70,42,69,71,45,42,72,44,73,44,72,42,48,74,44,44,74,73,51,74,48,74,51,75,51,53,76,51,76,75,76,57,77,57,76,53,60,77,57,77,60,78,78,62,79,62,78,60,79,66,80,66,79,62,69,81,66,66,81,80,72,69,42,69,72,81,72,73,82,73,74,82,74,75,82,75,76,82,76,77,82,77,78,82,78,79,82,79,80,82,80,81,82,81,72,82,83,84,85,86,83,85,87,86,85,88,87,85,89,88,85,90,89,85,91,90,85,92,91,85,93,92,85,94,93,85,95,94,85,96,95,85,97,96,85,98,97,85,99,98,85,100,99,85,101,100,85,102,101,85,103,102,85,84,103,85],"type":"triangles","base":0,"count":360}],"meshInstances":[{"node":1,"mesh":0}]}}