{"model":{"version":3,"nodes":[{"name":"RootNode","position":[0,0,0],"rotation":[0,0,0],"scale":[0.01,0.01,0.01],"scaleCompensation":false},{"name":"RoadWork","position":[0,0,0],"rotation":[0,0,0],"scale":[1,1,1],"scaleCompensation":false},{"name":"Prop_Roadcone01","position":[0,0,0],"rotation":[0,0,0],"scale":[1,1,1],"scaleCompensation":false}],"parents":[-1,0,1],"skins":[],"morphs":[],"vertices":[{"position":{"type":"float32","components":3,"data":[-0.363717,0.139487,0.363716,-0.363717,0,-0.363716,-0.363717,0,0.363716,-0.363717,0.139487,-0.363716,0.363717,0,0.363716,0.363717,0.139487,-0.363716,0.363717,0.139487,0.363716,0.363717,0,-0.363716,0.363717,0,0.363716,-0.363717,0,-0.363716,0.363717,0,-0.363716,-0.363717,0,0.363716,0.363717,0.139487,0.363716,-0.363717,0.139487,0.363716,-0.363717,0,0.363716,0.363717,0,0.363716,0.363717,0,-0.363716,-0.363717,0,-0.363716,-0.363717,0.139487,-0.363716,0.363717,0.139487,-0.363716,-0.363717,0.139487,-0.363716,-0.363717,0.139487,0.363716,-0.211329,0.139487,0.211327,-0.211329,0.139487,-0.21133,0.363717,0.139487,0.363716,0.211329,0.139487,0.211326,0.363717,0.139487,-0.363716,0.211329,0.139487,-0.211331,-0.211329,0.139487,0.211327,-0.168943,0.59213,-0.168944,-0.211329,0.139487,-0.21133,-0.168943,0.59213,0.168943,0.168943,0.59213,0.168944,-0.168943,0.59213,0.168943,-0.211329,0.139487,0.211327,0.211329,0.139487,0.211326,0.168943,0.59213,0.168944,0.211329,0.139487,0.211326,0.168943,0.59213,-0.168943,0.211329,0.139487,-0.211331,-0.211329,0.139487,-0.21133,-0.168943,0.59213,-0.168944,0.211329,0.139487,-0.211331,0.168943,0.59213,-0.168943,0.0931553,1.40149,0.093153,-0.0931558,1.40149,-0.0931568,-0.0931559,1.40149,0.093153,0.0931554,1.40149,-0.0931568,0.143224,0.866791,0.143222,-0.143224,0.866791,0.143223,-0.168943,0.59213,0.168943,0.168943,0.59213,0.168944,-0.143224,0.866791,0.143223,-0.168943,0.59213,-0.168944,-0.168943,0.59213,0.168943,-0.143225,0.866791,-0.143226,-0.168943,0.59213,-0.168944,0.143224,0.866791,-0.143223,0.168943,0.59213,-0.168943,-0.143225,0.866791,-0.143226,0.143224,0.866791,0.143222,0.168943,0.59213,-0.168943,0.143224,0.866791,-0.143223,0.168943,0.59213,0.168944,-0.0931559,1.40149,0.093153,-0.143224,0.866791,0.143223,0.0931553,1.40149,0.093153,0.143224,0.866791,0.143222,-0.0931559,1.40149,0.093153,-0.143225,0.866791,-0.143226,-0.143224,0.866791,0.143223,-0.0931558,1.40149,-0.0931568,-0.143225,0.866791,-0.143226,-0.0931558,1.40149,-0.0931568,0.143224,0.866791,-0.143223,0.0931554,1.40149,-0.0931568,0.143224,0.866791,-0.143223,0.0931553,1.40149,0.093153,0.143224,0.866791,0.143222,0.0931554,1.40149,-0.0931568]},"normal":{"type":"float32","components":3,"data":[-1,0,0,-1,0,0,-1,0,0,-1,0,0,1,0,0,1,0,0,1,0,0,1,0,0,0,-1,0,0,-1,0,0,-1,0,0,-1,0,6.60855e-07,0,1,6.60855e-07,0,1,6.60855e-07,0,1,6.60855e-07,0,1,-6.60855e-07,0,-1,-6.60855e-07,0,-1,-6.60855e-07,0,-1,-6.60855e-07,0,-1,0,1,3.18836e-08,0,1,-3.18837e-08,0,1,-3.18835e-08,0,1,3.1884e-08,0,1,-3.18837e-08,0,1,-3.18834e-08,0,1,3.18836e-08,0,1,3.1884e-08,-0.995644,0.0932323,-8.08063e-08,-0.995644,0.0932319,3.02303e-08,-0.995644,0.0932323,-8.08063e-08,-0.995644,0.0932319,3.02303e-08,-1.30775e-06,0.0932301,0.995645,-1.30775e-06,0.0932301,0.995645,-1.46529e-06,0.0932271,0.995645,-1.46529e-06,0.0932271,0.995645,0.995644,0.0932324,-3.68647e-08,0.995644,0.0932323,8.08063e-08,0.995644,0.0932324,-3.68646e-08,0.995644,0.0932323,8.08063e-08,1.46529e-06,0.0932354,-0.995644,3.17872e-06,0.0932338,-0.995644,1.46529e-06,0.0932354,-0.995644,3.17871e-06,0.0932338,-0.995644,0,1,1.7554e-07,0,1,1.7554e-07,0,1,1.7554e-07,0,1,1.7554e-07,8.85712e-07,0.0932353,0.995644,8.85712e-07,0.0932353,0.995644,-1.30775e-06,0.0932301,0.995645,-1.30775e-06,0.0932301,0.995645,-0.995644,0.0932314,3.04783e-07,-0.995644,0.0932319,3.02303e-08,-0.995644,0.0932319,3.02303e-08,-0.995645,0.0932314,3.04783e-07,3.17872e-06,0.0932338,-0.995644,6.31449e-06,0.0932303,-0.995645,3.17871e-06,0.0932338,-0.995644,6.31449e-06,0.0932303,-0.995645,0.995644,0.0932322,-3.14151e-07,0.995644,0.0932324,-3.68646e-08,0.995644,0.0932322,-3.14151e-07,0.995644,0.0932324,-3.68647e-08,2.28898e-06,0.093234,0.995644,8.85712e-07,0.0932353,0.995644,2.28898e-06,0.093234,0.995644,8.85712e-07,0.0932353,0.995644,-0.995644,0.0932318,3.22806e-07,-0.995645,0.0932314,3.04783e-07,-0.995644,0.0932314,3.04783e-07,-0.995644,0.0932318,3.22806e-07,6.31449e-06,0.0932303,-0.995645,5.75181e-06,0.0932305,-0.995645,6.31449e-06,0.0932303,-0.995645,5.75181e-06,0.0932305,-0.995645,0.995644,0.0932322,-3.14151e-07,0.995644,0.0932318,-3.22808e-07,0.995644,0.0932322,-3.14151e-07,0.995645,0.0932318,-3.22808e-07]},"texCoord0":{"type":"float32","components":2,"data":[0.0607289,0.0733824,0.0561693,0.0832398,0.0561693,0.0733824,0.0607289,0.0832398,0.0559319,0.0966151,0.0513723,0.106473,0.0513723,0.0966151,0.0559319,0.106473,0.148588,0.0817045,0.0902176,0.140075,0.0902176,0.0817045,0.148588,0.140075,0.15882,0.362754,0.15882,0.372612,0.150747,0.372612,0.150747,0.362754,0.0625613,0.356962,0.0625613,0.347104,0.0706342,0.347104,0.0706342,0.356962,0.0330003,0.589397,0.0408095,0.589397,0.0391736,0.590322,0.0346362,0.590322,0.0408095,0.593814,0.0391736,0.592889,0.0330003,0.593814,0.0346362,0.592889,0.044978,0.0483365,0.0417432,0.0655546,0.0417432,0.0483365,0.044978,0.0655546,0.162631,0.321563,0.156903,0.321563,0.156903,0.304345,0.162631,0.304345,0.0519999,0.0791235,0.0519999,0.0963417,0.048765,0.0791235,0.048765,0.0963417,0.0784377,0.288695,0.0784377,0.305913,0.0727103,0.288695,0.0727103,0.305913,0.13036,0.545662,0.0302928,0.602264,0.0302928,0.545662,0.13036,0.602264,0.552459,0.279369,0.546732,0.279369,0.546732,0.268922,0.552459,0.268922,0.56143,0.110148,0.558195,0.0997001,0.56143,0.0997001,0.558195,0.110148,0.565012,0.268922,0.559284,0.279369,0.559284,0.268922,0.565012,0.279369,0.568451,0.102821,0.565217,0.113269,0.565217,0.102821,0.568451,0.113269,0.156903,0.35235,0.156903,0.332011,0.162631,0.35235,0.162631,0.332011,0.044978,0.0963417,0.0417432,0.0760025,0.044978,0.0760025,0.0417432,0.0963417,0.0784377,0.31636,0.0784377,0.3367,0.0727103,0.31636,0.0727103,0.3367,0.048765,0.0686757,0.0519999,0.0483365,0.0519999,0.0686757,0.048765,0.0483365]}}],"meshes":[{"aabb":{"min":[-0.363717,0,-0.363716],"max":[0.363717,1.40149,0.363716]},"vertices":0,"indices":[0,1,2,1,0,3,4,5,6,5,4,7,8,9,10,9,8,11,12,13,14,12,14,15,16,17,18,16,18,19,20,21,22,20,22,23,24,22,21,22,24,25,26,25,24,25,26,27,20,27,26,27,20,23,28,29,30,29,28,31,32,33,34,32,34,35,36,37,38,37,39,38,40,41,42,42,41,43,44,45,46,45,44,47,48,49,50,48,50,51,52,53,54,53,52,55,56,57,58,57,56,59,60,61,62,61,60,63,64,65,66,66,65,67,68,69,70,69,68,71,72,73,74,74,73,75,76,77,78,77,76,79],"type":"triangles","base":0,"count":132}],"meshInstances":[{"node":2,"mesh":0}]}}