{"model":{"version":3,"nodes":[{"name":"RootNode","position":[0,0,0],"rotation":[0,0,0],"scale":[0.01,0.01,0.01],"scaleCompensation":false},{"name":"RoadWork","position":[0,0,0],"rotation":[0,0,0],"scale":[1,1,1],"scaleCompensation":false},{"name":"Prop_Speed20_Sign","position":[0,0,0],"rotation":[0,0,0],"scale":[1,1,1],"scaleCompensation":false}],"parents":[-1,0,1],"skins":[],"morphs":[],"vertices":[{"position":{"type":"float32","components":3,"data":[0.284933,-4.09782e-08,-0.292648,-0.300362,-4.09782e-08,-0.292648,-0.300362,0.132379,-0.292648,0.284933,0.132379,-0.292648,0.284933,0.132379,0.292648,-0.300362,0.132379,0.292648,-0.300362,-4.09782e-08,0.292648,0.284933,-4.09782e-08,0.292648,-0.300362,-4.09782e-08,-0.292648,0.284933,-4.09782e-08,0.292648,-0.300362,-4.09782e-08,0.292648,0.284933,-4.09782e-08,-0.292648,-0.300362,0.132379,0.292648,-0.300362,-4.09782e-08,-0.292648,-0.300362,-4.09782e-08,0.292648,-0.300362,0.132379,-0.292648,0.284933,0.132379,-0.292648,0.284933,0.132379,0.292648,0.284933,-4.09782e-08,0.292648,0.284933,-4.09782e-08,-0.292648,0.284933,0.132379,-0.292648,-0.300362,0.132379,-0.292648,-0.104475,0.132379,-0.0967598,0.0890465,0.132379,-0.0967598,-0.300362,0.132379,0.292648,-0.104475,0.132379,0.0967598,0.284933,0.132379,0.292648,0.0890465,0.132379,0.0967598,-0.104301,2.82396,-0.0965881,0.0890465,0.132379,-0.0967598,-0.104475,0.132379,-0.0967598,0.0888729,2.82396,-0.0965881,-0.104301,2.82396,0.0965881,-0.104475,0.132379,-0.0967598,-0.104475,0.132379,0.0967598,-0.104301,2.82396,-0.0965881,-0.104301,2.82396,0.0965881,-0.104475,0.132379,0.0967598,0.0888729,2.82396,0.0965881,0.0890465,0.132379,0.0967598,0.0890465,0.132379,-0.0967598,0.0888729,2.82396,0.0965881,0.0890465,0.132379,0.0967598,0.0888729,2.82396,-0.0965881,0.0888729,2.82396,0.0965881,-0.104301,2.82396,-0.0965881,-0.104301,2.82396,0.0965881,0.0888729,2.82396,-0.0965881,0.659716,2.23991,0.190296,0.407726,1.89308,0.190296,0.407726,1.89308,0.0989876,0.659716,2.23991,0.0989876,0.659716,2.66862,0.190296,0.659716,2.23991,0.190296,0.659716,2.23991,0.0989876,0.659716,2.66862,0.0989876,0.407726,3.01546,0.190296,0.659716,2.66862,0.190296,0.659716,2.66862,0.0989876,0.407726,3.01546,0.0989876,0,3.14793,0.190296,0.407726,3.01546,0.190296,0.407726,3.01546,0.0989876,0,3.14793,0.0989876,-0.407726,3.01546,0.190296,0,3.14793,0.190296,0,3.14793,0.0989876,-0.407726,3.01546,0.0989876,-0.659716,2.66862,0.190296,-0.407726,3.01546,0.190296,-0.407726,3.01546,0.0989876,-0.659716,2.66862,0.0989876,-0.659716,2.23991,0.190296,-0.659716,2.66862,0.190296,-0.659716,2.66862,0.0989876,-0.659716,2.23991,0.0989876,-0.407726,1.89308,0.190296,-0.659716,2.23991,0.190296,-0.659716,2.23991,0.0989876,-0.407726,1.89308,0.0989876,0,1.7606,0.190296,-0.407726,1.89308,0.190296,-0.407726,1.89308,0.0989876,0,1.7606,0.0989876,0.407726,1.89308,0.190296,0,1.7606,0.190296,0,1.7606,0.0989876,0.407726,1.89308,0.0989876,0.659716,2.23991,0.0989876,0.407726,1.89308,0.0989876,0,2.45427,0.0989876,0.659716,2.66862,0.0989876,0.407726,3.01546,0.0989876,0,3.14793,0.0989876,-0.407726,3.01546,0.0989876,-0.659716,2.66862,0.0989876,-0.659716,2.23991,0.0989876,-0.407726,1.89308,0.0989876,0,1.7606,0.0989876,0.407726,3.01546,0.190296,0.407726,1.89308,0.190296,0.659716,2.66862,0.190296,-0.407726,1.89308,0.190296,-0.407726,3.01546,0.190296,0.659716,2.23991,0.190296,0,1.7606,0.190296,0,3.14793,0.190296,-0.659716,2.66862,0.190296,-0.659716,2.23991,0.190296]},"normal":{"type":"float32","components":3,"data":[0,0,-1,0,0,-1,0,0,-1,0,0,-1,0,0,1,0,0,1,0,0,1,0,0,1,0,-1,0,0,-1,0,0,-1,0,0,-1,0,-1,0,0,-1,0,0,-1,0,0,-1,0,0,1,0,0,1,0,0,1,0,0,1,0,0,-3.80347e-08,1,3.66276e-08,3.80348e-08,1,3.66276e-08,3.80351e-08,1,3.66277e-08,-3.80351e-08,1,3.66277e-08,3.80348e-08,1,-7.32561e-08,3.80351e-08,1,-7.32551e-08,-3.80347e-08,1,-7.32561e-08,-3.80351e-08,1,-7.32551e-08,0,6.37772e-05,-1,0,6.37772e-05,-1,0,6.37772e-05,-1,0,6.37772e-05,-1,-1,6.44881e-05,0,-1,6.44881e-05,0,-1,6.44881e-05,0,-1,6.44881e-05,0,0,6.37772e-05,1,0,6.37772e-05,1,0,6.37772e-05,1,0,6.37772e-05,1,1,6.44842e-05,0,1,6.44842e-05,0,1,6.44842e-05,0,1,6.44842e-05,0,0,1,0,0,1,0,0,1,0,0,1,0,0.809016,-0.587786,0,0.809016,-0.587786,0,0.809016,-0.587786,0,0.809016,-0.587786,0,1,0,0,1,0,0,1,0,0,1,0,0,0.809017,0.587786,0,0.809017,0.587786,0,0.809017,0.587786,0,0.809017,0.587786,0,0.309017,0.951056,0,0.309017,0.951056,0,0.309017,0.951056,0,0.309017,0.951056,0,-0.309017,0.951056,0,-0.309017,0.951056,0,-0.309017,0.951056,0,-0.309017,0.951056,0,-0.809017,0.587786,0,-0.809017,0.587786,0,-0.809017,0.587786,0,-0.809017,0.587786,0,-1,0,0,-1,0,0,-1,0,0,-1,0,0,-0.809016,-0.587786,0,-0.809016,-0.587786,0,-0.809016,-0.587786,0,-0.809016,-0.587786,0,-0.309017,-0.951056,0,-0.309017,-0.951056,0,-0.309017,-0.951056,0,-0.309017,-0.951056,0,0.309017,-0.951056,0,0.309017,-0.951056,0,0.309017,-0.951056,0,0.309017,-0.951056,0,-1.31717e-08,0,-1,-1.31717e-08,0,-1,-2.63433e-09,0,-1,0,0,-1,-2.63433e-08,0,-1,-1.31717e-08,0,-1,1.31717e-08,0,-1,0,0,-1,1.31717e-08,0,-1,1.31717e-08,0,-1,0,0,-1,-2.63433e-09,0,1,-2.63433e-09,0,1,-2.63433e-09,0,1,-2.63433e-09,0,1,-2.63433e-09,0,1,-2.63433e-09,0,1,-2.63433e-09,0,1,-2.63433e-09,0,1,-2.63433e-09,0,1,-2.63433e-09,0,1]},"texCoord0":{"type":"float32","components":2,"data":[0.540664,0.488294,0.540664,0.488294,0.540651,0.489662,0.540651,0.489662,0.540651,0.489662,0.540651,0.489662,0.540664,0.488294,0.540664,0.488294,0.540664,0.488294,0.540664,0.488294,0.540664,0.488294,0.540664,0.488294,0.540651,0.489662,0.540664,0.488294,0.540664,0.488294,0.540651,0.489662,0.540651,0.489662,0.540651,0.489662,0.540664,0.488294,0.540664,0.488294,0.539483,0.511496,0.539483,0.511496,0.539985,0.508518,0.539985,0.508518,0.539483,0.511496,0.539985,0.508518,0.539483,0.511496,0.539985,0.508518,0.540106,0.511093,0.539985,0.508518,0.539985,0.508518,0.540106,0.511093,0.540236,0.50703,0.539985,0.508518,0.539985,0.508518,0.540106,0.511093,0.540236,0.50703,0.539985,0.508518,0.540106,0.511093,0.539985,0.508518,0.539985,0.508518,0.540106,0.511093,0.539985,0.508518,0.540106,0.511093,0.540106,0.511093,0.540106,0.511093,0.539844,0.519219,0.540106,0.511093,0.0213562,0.97866,0.0213562,0.97866,0.0213562,0.97866,0.0213562,0.97866,0.0213562,0.97866,0.0213562,0.97866,0.0213562,0.97866,0.0213562,0.97866,0.0213562,0.97866,0.0213562,0.97866,0.0213562,0.97866,0.0213562,0.97866,0.0213562,0.97866,0.0213562,0.97866,0.0213562,0.97866,0.0213562,0.97866,0.0213562,0.97866,0.0213562,0.97866,0.0213562,0.97866,0.0213562,0.97866,0.0213562,0.97866,0.0213562,0.97866,0.0213562,0.97866,0.0213562,0.97866,0.0213562,0.97866,0.0213562,0.97866,0.0213562,0.97866,0.0213562,0.97866,0.0213562,0.97866,0.0213562,0.97866,0.0213562,0.97866,0.0213562,0.97866,0.0213562,0.97866,0.0213562,0.97866,0.0213562,0.97866,0.0213562,0.97866,0.0213562,0.97866,0.0213562,0.97866,0.0213562,0.97866,0.0213562,0.97866,0.541277,0.478265,0.541277,0.478265,0.541277,0.478265,0.541277,0.478265,0.541277,0.478265,0.541277,0.478265,0.541277,0.478265,0.541277,0.478265,0.541277,0.478265,0.541277,0.478265,0.541277,0.478265,0.890812,0.948691,0.890812,0.5685,0.97617,0.831205,0.614586,0.5685,0.614586,0.948691,0.97617,0.685987,0.752697,0.523625,0.752697,0.99357,0.52923,0.831205,0.52923,0.685987]}}],"meshes":[{"aabb":{"min":[-0.659716,-4.09782e-08,-0.292648],"max":[0.659716,3.14793,0.292648]},"vertices":0,"indices":[0,1,2,0,2,3,4,5,6,4,6,7,8,9,10,9,8,11,12,13,14,13,12,15,16,17,18,18,19,16,20,21,22,20,22,23,21,24,25,21,25,22,24,26,27,24,27,25,27,26,23,26,20,23,28,29,30,29,28,31,32,33,34,33,32,35,36,37,38,38,37,39,40,41,42,41,40,43,44,45,46,45,44,47,48,49,50,48,50,51,52,53,54,52,54,55,56,57,58,56,58,59,60,61,62,60,62,63,64,65,66,64,66,67,68,69,70,68,70,71,72,73,74,72,74,75,76,77,78,76,78,79,80,81,82,80,82,83,84,85,86,84,86,87,88,89,90,91,88,90,92,91,90,93,92,90,94,93,90,95,94,90,96,95,90,97,96,90,98,97,90,89,98,90,99,100,101,102,100,103,101,100,104,100,102,105,99,103,100,103,99,106,102,103,107,102,107,108],"type":"triangles","base":0,"count":198}],"meshInstances":[{"node":2,"mesh":0}]}}