{"model":{"version":3,"nodes":[{"name":"RootNode","position":[0,0,0],"rotation":[0,0,0],"scale":[0.01,0.01,0.01],"scaleCompensation":false},{"name":"RoadObject_03_i","position":[0,0,0],"rotation":[-90,-0,0],"scale":[1,1,1],"scaleCompensation":false}],"parents":[-1,0],"skins":[],"morphs":[],"vertices":[{"position":{"type":"float32","components":3,"data":[-22.4321,3.60059,7.56295,23.4141,-3.5,7.56295,-22.4321,-3.5,7.56295,23.4141,3.60059,7.56295,23.4141,-3.5,42.7352,23.4141,-3.5,7.56295,23.4141,3.60059,42.7352,23.4141,3.60059,7.56295,23.4141,3.60059,42.7352,-22.4321,3.60059,42.7352,-22.4321,-3.5,42.7352,23.4141,-3.5,42.7352,-22.4321,3.60059,42.7352,-22.4321,3.60059,7.56295,-22.4321,-3.5,42.7352,-22.4321,-3.5,7.56295,-16.0955,-0.634766,20.504,-13.948,-1.375,-57.7474,-17.2908,2.81152,20.504,-15.9758,4.47363,-57.7474,-21.095,2.96484,20.504,-24.3909,-0.957031,-57.7474,-22.2507,-0.387695,20.504,-22.4299,4.73047,-57.7474,-22.2507,-0.387695,20.504,-19.1482,-4.72949,-57.7474,-19.1609,-2.6123,20.504,-24.3909,-0.957031,-57.7474,-19.1609,-2.6123,20.504,-19.1482,-4.72949,-57.7474,-16.0955,-0.634766,20.504,-13.948,-1.375,-57.7474,-22.4321,-3.5,42.7352,-22.4321,-3.5,7.56295,23.4141,-3.5,42.7352,23.4141,-3.5,7.56295,-12.0706,-1.20605,55.2429,-9.52588,-1.20605,51.3259,-12.0706,1.76367,55.2429,-9.52588,1.76367,51.3259,-16.5378,1.76367,56.6078,-12.0706,-1.20605,55.2429,-12.0706,1.76367,55.2429,-16.5378,-1.20605,56.6078,-20.8372,1.76367,54.782,-20.8372,-1.20605,54.782,-16.5378,1.76367,56.6078,-16.5378,-1.20605,56.6078,-20.8372,1.76367,54.782,-22.957,1.76367,50.6197,-20.8372,-1.20605,54.782,-22.957,-1.20605,50.6197,-22.957,-1.20605,50.6197,-22.957,1.76367,50.6197,-21.9055,-1.20605,46.0686,-21.9055,1.76367,46.0686,-18.1746,-1.20605,43.2582,-21.9055,-1.20605,46.0686,-18.1746,1.76367,43.2582,-21.9055,1.76367,46.0686,-18.1746,1.76367,43.2582,-13.51,-1.20605,43.5034,-18.1746,-1.20605,43.2582,-13.51,1.76367,43.5034,-10.0945,-1.20605,46.6896,-13.51,-1.20605,43.5034,-13.51,1.76367,43.5034,-10.0945,1.76367,46.6896,-10.0945,-1.20605,46.6896,-9.52588,1.76367,51.3259,-9.52588,-1.20605,51.3259,-10.0945,1.76367,46.6896,-9.52588,-1.20605,51.3259,-12.0706,-1.20605,55.2429,-16.1792,-1.20605,49.7886,-12.0706,-1.20605,55.2429,-16.5378,-1.20605,56.6078,-20.8372,-1.20605,54.782,-20.8372,-1.20605,54.782,-22.957,-1.20605,50.6197,-21.9055,-1.20605,46.0686,-21.9055,-1.20605,46.0686,-18.1746,-1.20605,43.2582,-13.51,-1.20605,43.5034,-10.0945,-1.20605,46.6896,-16.1792,-1.20605,49.7886,15.613,-0.583984,20.504,18.6013,-4.72754,-57.7474,18.6467,-2.61035,20.504,13.4539,-1.29199,-57.7474,18.6013,-4.72754,-57.7474,21.7712,-0.43457,20.504,18.6467,-2.61035,20.504,23.9021,-1.03613,-57.7474,23.9021,-1.03613,-57.7474,20.6672,2.93555,20.504,21.7712,-0.43457,20.504,22.03,4.68066,-57.7474,16.8621,2.8418,20.504,13.4539,-1.29199,-57.7474,15.613,-0.583984,20.504,15.573,4.52246,-57.7474,5.36938,1.76367,56.3825,5.36938,-1.20605,56.3825,7.91406,1.76367,52.4655,7.91406,-1.20605,52.4655,5.36938,1.76367,56.3825,0.9021,1.76367,57.7473,0.9021,-1.20605,57.7473,5.36938,-1.20605,56.3825,0.9021,1.76367,57.7473,-3.39722,1.76367,55.9215,0.9021,-1.20605,57.7473,-3.39722,-1.20605,55.9215,-3.39722,-1.20605,55.9215,-3.39722,1.76367,55.9215,-5.51709,1.76367,51.7592,-5.51709,-1.20605,51.7592,-5.51709,-1.20605,51.7592,-5.51709,1.76367,51.7592,-4.46558,1.76367,47.208,-4.46558,-1.20605,47.208,-0.734619,-1.20605,44.3976,-4.46558,-1.20605,47.208,-4.46558,1.76367,47.208,-0.734619,1.76367,44.3976,-0.734619,-1.20605,44.3976,3.92993,1.76367,44.6428,3.92993,-1.20605,44.6428,-0.734619,1.76367,44.3976,3.92993,-1.20605,44.6428,3.92993,1.76367,44.6428,7.34546,-1.20605,47.8292,7.34546,1.76367,47.8292,7.91406,-1.20605,52.4655,7.34546,1.76367,47.8292,7.91406,1.76367,52.4655,7.34546,-1.20605,47.8292,7.91406,-1.20605,52.4655,5.36938,-1.20605,56.3825,1.26074,-1.20605,50.9282,5.36938,-1.20605,56.3825,0.9021,-1.20605,57.7473,-3.39722,-1.20605,55.9215,-5.51709,-1.20605,51.7592,-4.46558,-1.20605,47.208,-0.734619,-1.20605,44.3976,3.92993,-1.20605,44.6428,7.34546,-1.20605,47.8292,21.8462,-1.20605,55.2386,24.3909,1.76367,51.3215,21.8462,1.76367,55.2386,24.3909,-1.20605,51.3215,21.8462,1.76367,55.2386,17.3792,1.76367,56.6035,21.8462,-1.20605,55.2386,17.3792,-1.20605,56.6035,13.0796,1.76367,54.7776,17.3792,-1.20605,56.6035,17.3792,1.76367,56.6035,13.0796,-1.20605,54.7776,13.0796,-1.20605,54.7776,13.0796,1.76367,54.7776,10.9597,-1.20605,50.6153,10.9597,1.76367,50.6153,10.9597,-1.20605,50.6153,10.9597,1.76367,50.6153,12.0115,1.76367,46.0643,12.0115,-1.20605,46.0643,12.0115,-1.20605,46.0643,15.7422,1.76367,43.2537,15.7422,-1.20605,43.2537,12.0115,1.76367,46.0643,15.7422,-1.20605,43.2537,20.407,1.76367,43.4991,20.407,-1.20605,43.4991,15.7422,1.76367,43.2537,20.407,-1.20605,43.4991,23.8225,1.76367,46.6852,23.8225,-1.20605,46.6852,20.407,1.76367,43.4991,24.3909,-1.20605,51.3215,23.8225,1.76367,46.6852,24.3909,1.76367,51.3215,23.8225,-1.20605,46.6852,24.3909,-1.20605,51.3215,21.8462,-1.20605,55.2386,17.7375,-1.20605,49.7844,21.8462,-1.20605,55.2386,17.3792,-1.20605,56.6035,13.0796,-1.20605,54.7776,10.9597,-1.20605,50.6153,12.0115,-1.20605,46.0643,15.7422,-1.20605,43.2537,20.407,-1.20605,43.4991,20.407,-1.20605,43.4991,23.8225,-1.20605,46.6852,23.8225,-1.20605,46.6852]},"normal":{"type":"float32","components":3,