{"model":{"version":3,"nodes":[{"name":"RootNode","position":[0,0,0],"rotation":[0,0,0],"scale":[0.3048,0.3048,0.3048],"scaleCompensation":false},{"name":"comp_env_01","position":[0,0,0],"rotation":[0,0,0],"scale":[0.0328084,0.0328084,0.0328084],"scaleCompensation":false},{"name":"parking_base","position":[0,0,0],"rotation":[0,-0,0],"scale":[1,1,1],"scaleCompensation":false}],"parents":[-1,0,1],"skins":[],"morphs":[],"vertices":[{"position":{"type":"float32","components":3,"data":[-271.408,-2.40831,27.9704,-2005.29,-2.40831,-501.066,-2006.22,-2.40831,27.9704,-270.151,-2.40831,-501.066,1436.89,-2.40831,27.9704,-270.151,-2.40831,-501.066,1437.81,-2.40846,-501.066,1512.89,-2.40846,27.9709,1437.81,-2.40846,-501.066,1436.89,-2.40831,27.9704,1512.89,-2.40846,-501.066,-268.564,-2.40832,-1533.33,1436.89,-2.40847,-1533.33,-2006.22,-2.40832,-1533.33,-268.564,-2.40832,-1533.33,-268.564,-2.40832,1693.1,-2004.8,-2.40831,560.265,-2012.93,-2.40832,1693.1,-269.66,-2.40831,560.265,1436.89,-2.40847,1693.1,1438.3,-2.40847,560.265,1436.89,-2.40831,27.9704,1438.3,-2.40847,560.265,1512.89,-2.40846,560.265,1424.06,118.959,-501.067,1437.48,119.345,-1513.21,1423.73,119.345,-1513.21,1437.81,118.959,-501.067,1424.06,118.959,-501.067,1423.73,-2.0222,-1513.21,1424.06,-2.40846,-501.067,1423.73,119.345,-1513.21,1424.06,118.959,-501.067,1424.06,-2.40846,-501.067,1437.81,118.959,-501.067,1437.81,-2.40846,-501.067,1437.81,118.959,-501.067,1437.48,-2.02219,-1513.21,1437.48,119.345,-1513.21,1437.81,-2.40846,-501.067,403.342,119.229,-1526.52,1437.48,-2.02219,-1526.96,403.342,-2.13829,-1526.52,1437.48,119.345,-1526.96,403.342,-2.13829,-1512.77,1437.48,-2.02219,-1513.21,403.342,119.229,-1512.77,1437.48,119.345,-1513.21,1437.48,119.345,-1526.96,403.342,119.229,-1526.52,1437.48,119.345,-1513.21,403.342,119.229,-1512.77,1437.48,119.345,-1513.21,1437.48,-2.02219,-1513.21,1437.48,-2.02219,-1526.96,1437.48,119.345,-1526.96,536.508,118.959,1678.12,1424.55,-1.7486,1679.36,536.508,-1.7486,1678.12,1424.55,118.959,1679.36,536.508,118.959,1691.87,1424.55,118.959,1693.1,1424.55,118.959,1679.36,536.508,118.959,1678.12,536.508,118.959,1691.87,1424.55,-1.74859,1693.1,1424.55,118.959,1693.1,536.508,-1.74859,1692.42,1438.3,-1.74859,1693.1,1438.3,118.959,1693.1,1424.55,118.959,1693.1,1424.55,-1.74859,1693.1,-2002.15,-1.7486,1674.6,-2000.6,118.959,804.818,-2002.15,118.959,1674.6,-2000.6,-2.51973,804.818,-2014.34,118.959,804.818,-2015.9,118.959,1674.6,-2002.15,118.959,1674.6,-2000.6,118.959,804.818,-2015.9,-4.5389,1674.6,-2014.34,118.959,804.818,-2014.34,-4.5389,804.818,-2015.9,118.959,1674.6,-2022.61,-1.74859,1690.26,-2015.9,118.959,1690.26,-2015.9,118.959,1674.6,-2015.9,-4.5389,1674.6,-2008.86,-1.74859,1690.47,-2002.15,118.959,1688.34,-2015.9,118.959,1690.26,-2022.61,-1.74859,1690.26,-2015.9,118.959,1690.26,-2002.15,118.959,1688.34,-2015.9,118.959,1674.6,-2002.15,118.959,1674.6,1424.55,118.959,1693.1,1437.78,119.345,554.021,1424.03,119.345,554.021,1438.3,118.959,1693.1,1424.55,118.959,1693.1,1424.03,-2.0222,554.021,1424.55,-2.40846,1693.1,1424.03,119.345,554.021,1424.03,-2.0222,554.021,1437.78,119.345,554.021,1437.78,-2.0222,554.021,1424.03,119.345,554.021,1438.3,118.959,1693.1,1437.78,-2.0222,554.021,1437.78,119.345,554.021,1438.3,-2.40847,1693.1,-1352.84,-2.33544,-1525.78,-1996.54,-2.40846,-1525.51,-1996.54,118.959,-1525.51,-1352.84,119.032,-1525.78,-1352.84,119.032,-1525.78,-1996.54,118.959,-1525.51,-1352.84,119.032,-1512.03,-1996.54,118.959,-1511.76,-1996.54,-2.40846,-1511.76,-1352.84,-2.33544,-1512.03,-1996.54,118.959,-1511.76,-1352.84,119.032,-1512.03,-1352.84,119.032,-1525.78,-495.883,-2.23924,-1526.14,-1352.84,-2.33544,-1525.78,-495.883,119.128,-1526.14,-495.883,119.128,-1526.14,-1352.84,119.032,-1525.78,-495.883,119.128,-1512.39,-1352.84,119.032,-1512.03,-1352.84,-2.33544,-1512.03,-495.883,-2.23924,-1512.39,-1352.84,119.032,-1512.03,-495.883,119.128,-1512.39,-495.883,119.128,-1526.14,403.342,-2.13829,-1526.52,-495.883,-2.23924,-1526.14,403.342,119.229,-1526.52,403.342,119.229,-1526.52,-495.883,119.128,-1526.14,403.342,119.229,-1512.77,-495.883,119.128,-1512.39,-495.883,-2.23924,-1512.39,403.342,-2.13829,-1512.77,-495.883,119.128,-1512.39,403.342,119.229,-1512.77,-1997.43,-4.09565,-1003.24,-1996.54,118.959,-1511.76,-1997.43,118.959,-1003.24,-1996.54,-4.53887,-1511.76,-1997.43,118.959,-1003.24,-2010.28,118.959,-1511.76,-2011.17,118.959,-1003.24,-1996.54,118.959,-1511.76,-2011.17,118.959,-1003.24,-2010.28,-4.53891,-1511.76,-2011.17,-4.53891,-1003.24,-2010.28,118.959,-1511.76,-1998.79,-3.41797,-225.733,-1997.43,118.959,-1003.24,-1998.79,118.959,-225.733,-1997.43,-4.09565,-1003.24,-1998.79,118.959,-225.733,-2011.17,118.959,-1003.24,-2012.54,118.959,-225.733,-1997.43,118.959,-1003.24,-2012.54,118.959,-225.733,-2011.17,118.959,-1003.24,-2012.54,-4.53891,-225.733,-2011.17,-4.53891,-1003.24,-2000.6,-2.51973,804.818,-1998.79,118.959,-225.733,-2000.6,118.959,804.818,-1998.79,-3.41797,-225.733,-2000.6,118.959,804.818,-2012.54,118.959,-225.733,-2014.34,118.959,804.818,-1998.79,118.959,-225.733,-2014.34,118.959,804.818,-2012.54,118.959,-225.733,-2014.34,-4.5389,804.818,-2012.54,-4.53891,-225.733,-1325.58,-1.7486,1675.54,-2002.15,-1.7486,1674.6,-2002.15,118.959,1674.6,-1325.58,118.959,1675.54,-1325.58,118.959,1675.54,-2002.15,118.959,1688.34,-1325.58,118.959,1689.29,-2002.15,118.959,1674.6,-2002.15,118.959,1688.34,-1325.58,-1.74859,1690.99,-1325.58,118.959,1689.29,-2008.86,-1.74859,1690.47,-1325.58,118.959,1675.54,-444.237,118.959,1676.77,-1325.58,-1.7486,1675.54,-444.237,-1.7486,1676.77,-444.237,118.959,1676.77,-1325.58,118.959,1689.29,-444.237,118.959,1690.51,-1325.58,118.959,1675.54,-1325.58,118.959,1689.29,-444.237,-1.74859,1691.67,-444.237,118.959,1690.51,-1325.58,-1.74859,1690.99,-444.237,118.959,1676.77,536.508,118.959,1678.12,-444.237,-1.7486,1676.77,536.508,-1.7486,1678.12,536.508,118.959,1678.12,-444.237,118.959,1690.51,536.508,118.959,1691.87,-444.237,118.959,1676.77,-444.237,118.959,1690.51,536.508,-1.74859,1692.42,536.508,118.959,1691.87,-444.237,-1.74859,1691.67,-2010.28,-4.53891,-1511.76,-2010.28,118.959,-1511.76,-2010.28,118.959,-1526.91,-2010.28,-4.53891,-1526.91,-1996.54,-2.40846,-1525.51,-2010.28,118.959,-1526.91,-1996.54,118.959,-1525.51,-2010.28,-4.53891,-1526.91,-2010.28,118.959,-1511.76,-1996.54,118.959,-1525.51,-2010.28,118.959,-1526.91,-1996.54,118.959,-1511.76]},"normal":{"type":"float32","components":3,